task_id,seed,grid_count,ratio_count,keep_rate_count,methods,modes,postprocess
0,42,24,6,4,s1_plus_ig,positive_only,featurewise_quantile_pos
0,43,24,6,4,s1_plus_ig,positive_only,featurewise_quantile_pos
0,44,24,6,4,s1_plus_ig,positive_only,featurewise_quantile_pos
0,45,24,6,4,s1_plus_ig,positive_only,featurewise_quantile_pos
0,46,24,6,4,s1_plus_ig,positive_only,featurewise_quantile_pos
1,42,24,6,4,s1_plus_ig,positive_only,featurewise_quantile_pos
1,43,24,6,4,s1_plus_ig,positive_only,featurewise_quantile_pos
1,44,24,6,4,s1_plus_ig,positive_only,featurewise_quantile_pos
1,45,24,6,4,s1_plus_ig,positive_only,featurewise_quantile_pos
1,46,24,6,4,s1_plus_ig,positive_only,featurewise_quantile_pos
2,42,24,6,4,s1_plus_ig,positive_only,featurewise_quantile_pos
2,43,24,6,4,s1_plus_ig,positive_only,featurewise_quantile_pos
2,44,24,6,4,s1_plus_ig,positive_only,featurewise_quantile_pos
2,45,24,6,4,s1_plus_ig,positive_only,featurewise_quantile_pos
2,46,24,6,4,s1_plus_ig,positive_only,featurewise_quantile_pos
3,42,24,6,4,s1_plus_ig,positive_only,featurewise_quantile_pos
3,43,24,6,4,s1_plus_ig,positive_only,featurewise_quantile_pos
3,44,24,6,4,s1_plus_ig,positive_only,featurewise_quantile_pos
3,45,24,6,4,s1_plus_ig,positive_only,featurewise_quantile_pos
3,46,24,6,4,s1_plus_ig,positive_only,featurewise_quantile_pos
5,42,24,6,4,s1_plus_ig,positive_only,featurewise_quantile_pos
5,43,24,6,4,s1_plus_ig,positive_only,featurewise_quantile_pos
5,44,24,6,4,s1_plus_ig,positive_only,featurewise_quantile_pos
5,45,24,6,4,s1_plus_ig,positive_only,featurewise_quantile_pos
5,46,24,6,4,s1_plus_ig,positive_only,featurewise_quantile_pos
6,42,24,6,4,s1_plus_ig,positive_only,featurewise_quantile_pos
6,43,24,6,4,s1_plus_ig,positive_only,featurewise_quantile_pos
6,44,24,6,4,s1_plus_ig,positive_only,featurewise_quantile_pos
6,45,24,6,4,s1_plus_ig,positive_only,featurewise_quantile_pos
6,46,24,6,4,s1_plus_ig,positive_only,featurewise_quantile_pos
7,42,24,6,4,s1_plus_ig,positive_only,featurewise_quantile_pos
7,43,24,6,4,s1_plus_ig,positive_only,featurewise_quantile_pos
7,44,24,6,4,s1_plus_ig,positive_only,featurewise_quantile_pos
7,45,24,6,4,s1_plus_ig,positive_only,featurewise_quantile_pos
7,46,24,6,4,s1_plus_ig,positive_only,featurewise_quantile_pos
9,42,24,6,4,s1_plus_ig,positive_only,featurewise_quantile_pos
9,43,24,6,4,s1_plus_ig,positive_only,featurewise_quantile_pos
9,44,24,6,4,s1_plus_ig,positive_only,featurewise_quantile_pos
9,45,24,6,4,s1_plus_ig,positive_only,featurewise_quantile_pos
9,46,24,6,4,s1_plus_ig,positive_only,featurewise_quantile_pos
10,42,24,6,4,s1_plus_ig,positive_only,featurewise_quantile_pos
10,43,24,6,4,s1_plus_ig,positive_only,featurewise_quantile_pos
10,44,24,6,4,s1_plus_ig,positive_only,featurewise_quantile_pos
10,45,24,6,4,s1_plus_ig,positive_only,featurewise_quantile_pos
10,46,24,6,4,s1_plus_ig,positive_only,featurewise_quantile_pos
