rule_name,task_id,seed,validation_stage,selected_kind,selected_reason,selected_candidate_key,selected_test_PR_AUC,safe_baseline_test_PR_AUC,delta_vs_safe_baseline_test,harm_flag
safe_only,10,42,mining_sanity,safe_baseline,reference_fallback,safe_baseline,0.1466993831978607,0.1466993831978607,0.0,False
safe_only,10,43,mining_sanity,safe_baseline,reference_fallback,safe_baseline,0.1693755022227845,0.1693755022227845,0.0,False
safe_only,10,44,mining_sanity,safe_baseline,reference_fallback,safe_baseline,0.1208158947678786,0.1208158947678786,0.0,False
safe_only,10,45,mining_sanity,safe_baseline,reference_fallback,safe_baseline,0.1555375735139211,0.1555375735139211,0.0,False
safe_only,10,46,mining_sanity,safe_baseline,reference_fallback,safe_baseline,0.1340880392748377,0.1340880392748377,0.0,False
safe_only,0,42,mining_sanity,safe_baseline,reference_fallback,safe_baseline,0.1447232944846725,0.1447232944846725,0.0,False
safe_only,2,42,mining_sanity,safe_baseline,reference_fallback,safe_baseline,0.0217993478683299,0.0217993478683299,0.0,False
safe_only,0,43,mining_sanity,safe_baseline,reference_fallback,safe_baseline,0.1328137867398411,0.1328137867398411,0.0,False
safe_only,2,43,mining_sanity,safe_baseline,reference_fallback,safe_baseline,0.04173157902927,0.04173157902927,0.0,False
safe_only,0,44,mining_sanity,safe_baseline,reference_fallback,safe_baseline,0.1538411466657064,0.1538411466657064,0.0,False
safe_only,2,44,mining_sanity,safe_baseline,reference_fallback,safe_baseline,0.0268041268616712,0.0268041268616712,0.0,False
safe_only,0,45,mining_sanity,safe_baseline,reference_fallback,safe_baseline,0.1524227261667437,0.1524227261667437,0.0,False
safe_only,2,45,mining_sanity,safe_baseline,reference_fallback,safe_baseline,0.0361025238937118,0.0361025238937118,0.0,False
safe_only,0,46,mining_sanity,safe_baseline,reference_fallback,safe_baseline,0.1614091881808295,0.1614091881808295,0.0,False
safe_only,2,46,mining_sanity,safe_baseline,reference_fallback,safe_baseline,0.0322630141487408,0.0322630141487408,0.0,False
safe_only,1,42,mining_sanity,safe_baseline,reference_fallback,safe_baseline,0.1555279665491621,0.1555279665491621,0.0,False
safe_only,7,42,mining_sanity,safe_baseline,reference_fallback,safe_baseline,0.1326005896228759,0.1326005896228759,0.0,False
safe_only,1,43,mining_sanity,safe_baseline,reference_fallback,safe_baseline,0.1728080537762789,0.1728080537762789,0.0,False
safe_only,7,43,mining_sanity,safe_baseline,reference_fallback,safe_baseline,0.1675219258174309,0.1675219258174309,0.0,False
safe_only,1,44,mining_sanity,safe_baseline,reference_fallback,safe_baseline,0.1561838693611792,0.1561838693611792,0.0,False
safe_only,7,44,mining_sanity,safe_baseline,reference_fallback,safe_baseline,0.1479565441901858,0.1479565441901858,0.0,False
safe_only,1,45,mining_sanity,safe_baseline,reference_fallback,safe_baseline,0.1911070239620761,0.1911070239620761,0.0,False
safe_only,7,45,mining_sanity,safe_baseline,reference_fallback,safe_baseline,0.1355269301874456,0.1355269301874456,0.0,False
safe_only,1,46,mining_sanity,safe_baseline,reference_fallback,safe_baseline,0.1597401874580173,0.1597401874580173,0.0,False
safe_only,7,46,mining_sanity,safe_baseline,reference_fallback,safe_baseline,0.1877112767085328,0.1877112767085328,0.0,False
safe_only,3,42,expanded_sanity,safe_baseline,reference_fallback,safe_baseline,0.1523856084419653,0.1523856084419653,0.0,False
safe_only,5,42,expanded_sanity,safe_baseline,reference_fallback,safe_baseline,0.061598250855509,0.061598250855509,0.0,False
safe_only,3,43,expanded_sanity,safe_baseline,reference_fallback,safe_baseline,0.1245392034768421,0.1245392034768421,0.0,False
safe_only,5,43,expanded_sanity,safe_baseline,reference_fallback,safe_baseline,0.0585156438523369,0.0585156438523369,0.0,False
safe_only,3,44,expanded_sanity,safe_baseline,reference_fallback,safe_baseline,0.1224908943469304,0.1224908943469304,0.0,False
safe_only,5,44,expanded_sanity,safe_baseline,reference_fallback,safe_baseline,0.0802724959251831,0.0802724959251831,0.0,False
safe_only,3,45,expanded_sanity,safe_baseline,reference_fallback,safe_baseline,0.136064929233329,0.136064929233329,0.0,False
safe_only,5,45,expanded_sanity,safe_baseline,reference_fallback,safe_baseline,0.1002325131114273,0.1002325131114273,0.0,False
safe_only,3,46,expanded_sanity,safe_baseline,reference_fallback,safe_baseline,0.1884792049283298,0.1884792049283298,0.0,False
safe_only,5,46,expanded_sanity,safe_baseline,reference_fallback,safe_baseline,0.0771984320748041,0.0771984320748041,0.0,False
safe_only,6,42,final_holdout,safe_baseline,reference_fallback,safe_baseline,0.1061858975296977,0.1061858975296977,0.0,False
safe_only,9,42,final_holdout,safe_baseline,reference_fallback,safe_baseline,0.0245288621573817,0.0245288621573817,0.0,False
safe_only,6,43,final_holdout,safe_baseline,reference_fallback,safe_baseline,0.101489333410799,0.101489333410799,0.0,False
safe_only,9,43,final_holdout,safe_baseline,reference_fallback,safe_baseline,0.0336501306835639,0.0336501306835639,0.0,False
safe_only,6,44,final_holdout,safe_baseline,reference_fallback,safe_baseline,0.1062986216605975,0.1062986216605975,0.0,False
safe_only,9,44,final_holdout,safe_baseline,reference_fallback,safe_baseline,0.023745895173429,0.023745895173429,0.0,False
safe_only,6,45,final_holdout,safe_baseline,reference_fallback,safe_baseline,0.1093880424280702,0.1093880424280702,0.0,False
safe_only,9,45,final_holdout,safe_baseline,reference_fallback,safe_baseline,0.023294261411692,0.023294261411692,0.0,False
safe_only,6,46,final_holdout,safe_baseline,reference_fallback,safe_baseline,0.1124524003828929,0.1124524003828929,0.0,False
safe_only,9,46,final_holdout,safe_baseline,reference_fallback,safe_baseline,0.0276860835232567,0.0276860835232567,0.0,False
strict_certificate,10,42,mining_sanity,hybrid,gate_pass,s1_plus_ig/mode=positive_only/ratio=1.0/keep=0.75,0.1598162821911179,0.1466993831978607,0.0131168989932572,False
strict_certificate,10,43,mining_sanity,safe_baseline,reference_fallback,safe_baseline,0.1693755022227845,0.1693755022227845,0.0,False
strict_certificate,10,44,mining_sanity,safe_baseline,reference_fallback,safe_baseline,0.1208158947678786,0.1208158947678786,0.0,False
strict_certificate,10,45,mining_sanity,safe_baseline,reference_fallback,safe_baseline,0.1555375735139211,0.1555375735139211,0.0,False
strict_certificate,10,46,mining_sanity,hybrid,gate_pass,s1_plus_ig/mode=positive_only/ratio=2.0/keep=0.5,0.1827271144096072,0.1340880392748377,0.0486390751347695,False
strict_certificate,0,42,mining_sanity,hybrid,gate_pass,s1_plus_ig/mode=positive_only/ratio=1.0/keep=1.0,0.1620065298133857,0.1447232944846725,0.0172832353287132,False
strict_certificate,2,42,mining_sanity,hybrid,gate_pass,s1_plus_ig/mode=positive_only/ratio=1.5/keep=1.0,0.0437136158823033,0.0217993478683299,0.0219142680139733,False
strict_certificate,0,43,mining_sanity,safe_baseline,reference_fallback,safe_baseline,0.1328137867398411,0.1328137867398411,0.0,False
strict_certificate,2,43,mining_sanity,safe_baseline,reference_fallback,safe_baseline,0.04173157902927,0.04173157902927,0.0,False
strict_certificate,0,44,mining_sanity,safe_baseline,reference_fallback,safe_baseline,0.1538411466657064,0.1538411466657064,0.0,False
strict_certificate,2,44,mining_sanity,hybrid,gate_pass,s1_plus_ig/mode=positive_only/ratio=2.0/keep=0.25,0.056953461394036,0.0268041268616712,0.0301493345323648,False
strict_certificate,0,45,mining_sanity,safe_baseline,reference_fallback,safe_baseline,0.1524227261667437,0.1524227261667437,0.0,False
strict_certificate,2,45,mining_sanity,safe_baseline,reference_fallback,safe_baseline,0.0361025238937118,0.0361025238937118,0.0,False
strict_certificate,0,46,mining_sanity,safe_baseline,reference_fallback,safe_baseline,0.1614091881808295,0.1614091881808295,0.0,False
strict_certificate,2,46,mining_sanity,hybrid,gate_pass,s1_plus_ig/mode=positive_only/ratio=2.0/keep=0.25,0.0435329165246239,0.0322630141487408,0.0112699023758831,False
strict_certificate,1,42,mining_sanity,hybrid,gate_pass,s1_plus_ig/mode=positive_only/ratio=1.5/keep=1.0,0.1583140945438134,0.1555279665491621,0.0027861279946513,False
strict_certificate,7,42,mining_sanity,safe_baseline,reference_fallback,safe_baseline,0.1326005896228759,0.1326005896228759,0.0,False
strict_certificate,1,43,mining_sanity,hybrid,gate_pass,s1_plus_ig/mode=positive_only/ratio=2.0/keep=1.0,0.1588957064741998,0.1728080537762789,-0.0139123473020791,True
strict_certificate,7,43,mining_sanity,safe_baseline,reference_fallback,safe_baseline,0.1675219258174309,0.1675219258174309,0.0,False
strict_certificate,1,44,mining_sanity,safe_baseline,reference_fallback,safe_baseline,0.1561838693611792,0.1561838693611792,0.0,False
strict_certificate,7,44,mining_sanity,safe_baseline,reference_fallback,safe_baseline,0.1479565441901858,0.1479565441901858,0.0,False
strict_certificate,1,45,mining_sanity,hybrid,gate_pass,s1_plus_ig/mode=positive_only/ratio=0.5/keep=0.5,0.1632827177624949,0.1911070239620761,-0.0278243061995812,True
strict_certificate,7,45,mining_sanity,safe_baseline,reference_fallback,safe_baseline,0.1355269301874456,0.1355269301874456,0.0,False
strict_certificate,1,46,mining_sanity,hybrid,gate_pass,s1_plus_ig/mode=positive_only/ratio=2.0/keep=0.5,0.1481442103601138,0.1597401874580173,-0.0115959770979034,True
strict_certificate,7,46,mining_sanity,safe_baseline,reference_fallback,safe_baseline,0.1877112767085328,0.1877112767085328,0.0,False
strict_certificate,3,42,expanded_sanity,safe_baseline,reference_fallback,safe_baseline,0.1523856084419653,0.1523856084419653,0.0,False
strict_certificate,5,42,expanded_sanity,safe_baseline,reference_fallback,safe_baseline,0.061598250855509,0.061598250855509,0.0,False
strict_certificate,3,43,expanded_sanity,hybrid,gate_pass,s1_plus_ig/mode=positive_only/ratio=1.5/keep=0.25,0.2178627348907152,0.1245392034768421,0.0933235314138731,False
strict_certificate,5,43,expanded_sanity,safe_baseline,reference_fallback,safe_baseline,0.0585156438523369,0.0585156438523369,0.0,False
strict_certificate,3,44,expanded_sanity,safe_baseline,reference_fallback,safe_baseline,0.1224908943469304,0.1224908943469304,0.0,False
strict_certificate,5,44,expanded_sanity,safe_baseline,reference_fallback,safe_baseline,0.0802724959251831,0.0802724959251831,0.0,False
strict_certificate,3,45,expanded_sanity,hybrid,gate_pass,s1_plus_ig/mode=positive_only/ratio=1.5/keep=0.25,0.1696484246946529,0.136064929233329,0.0335834954613239,False
strict_certificate,5,45,expanded_sanity,safe_baseline,reference_fallback,safe_baseline,0.1002325131114273,0.1002325131114273,0.0,False
strict_certificate,3,46,expanded_sanity,safe_baseline,reference_fallback,safe_baseline,0.1884792049283298,0.1884792049283298,0.0,False
strict_certificate,5,46,expanded_sanity,safe_baseline,reference_fallback,safe_baseline,0.0771984320748041,0.0771984320748041,0.0,False
strict_certificate,6,42,final_holdout,hybrid,gate_pass,s1_plus_ig/mode=positive_only/ratio=0.25/keep=0.5,0.1298146929433352,0.1061858975296977,0.0236287954136374,False
strict_certificate,9,42,final_holdout,safe_baseline,reference_fallback,safe_baseline,0.0245288621573817,0.0245288621573817,0.0,False
strict_certificate,6,43,final_holdout,safe_baseline,reference_fallback,safe_baseline,0.101489333410799,0.101489333410799,0.0,False
strict_certificate,9,43,final_holdout,safe_baseline,reference_fallback,safe_baseline,0.0336501306835639,0.0336501306835639,0.0,False
strict_certificate,6,44,final_holdout,safe_baseline,reference_fallback,safe_baseline,0.1062986216605975,0.1062986216605975,0.0,False
strict_certificate,9,44,final_holdout,safe_baseline,reference_fallback,safe_baseline,0.023745895173429,0.023745895173429,0.0,False
strict_certificate,6,45,final_holdout,hybrid,gate_pass,s1_plus_ig/mode=positive_only/ratio=0.25/keep=0.25,0.1050358655596267,0.1093880424280702,-0.0043521768684434,True
strict_certificate,9,45,final_holdout,safe_baseline,reference_fallback,safe_baseline,0.023294261411692,0.023294261411692,0.0,False
strict_certificate,6,46,final_holdout,safe_baseline,reference_fallback,safe_baseline,0.1124524003828929,0.1124524003828929,0.0,False
strict_certificate,9,46,final_holdout,safe_baseline,reference_fallback,safe_baseline,0.0276860835232567,0.0276860835232567,0.0,False
v11_grid_or_profile_strict,10,42,mining_sanity,hybrid,gate_pass,s1_plus_ig/mode=positive_only/ratio=1.0/keep=0.75,0.1598162821911179,0.1466993831978607,0.0131168989932572,False
v11_grid_or_profile_strict,10,43,mining_sanity,safe_baseline,reference_fallback,safe_baseline,0.1693755022227845,0.1693755022227845,0.0,False
v11_grid_or_profile_strict,10,44,mining_sanity,safe_baseline,reference_fallback,safe_baseline,0.1208158947678786,0.1208158947678786,0.0,False
v11_grid_or_profile_strict,10,45,mining_sanity,safe_baseline,reference_fallback,safe_baseline,0.1555375735139211,0.1555375735139211,0.0,False
v11_grid_or_profile_strict,10,46,mining_sanity,hybrid,gate_pass,s1_plus_ig/mode=positive_only/ratio=2.0/keep=0.5,0.1827271144096072,0.1340880392748377,0.0486390751347695,False
v11_grid_or_profile_strict,0,42,mining_sanity,hybrid,gate_pass,s1_plus_ig/mode=positive_only/ratio=1.0/keep=1.0,0.1620065298133857,0.1447232944846725,0.0172832353287132,False
v11_grid_or_profile_strict,2,42,mining_sanity,hybrid,gate_pass,s1_plus_ig/mode=positive_only/ratio=1.5/keep=1.0,0.0437136158823033,0.0217993478683299,0.0219142680139733,False
v11_grid_or_profile_strict,0,43,mining_sanity,safe_baseline,reference_fallback,safe_baseline,0.1328137867398411,0.1328137867398411,0.0,False
v11_grid_or_profile_strict,2,43,mining_sanity,safe_baseline,reference_fallback,safe_baseline,0.04173157902927,0.04173157902927,0.0,False
v11_grid_or_profile_strict,0,44,mining_sanity,safe_baseline,reference_fallback,safe_baseline,0.1538411466657064,0.1538411466657064,0.0,False
v11_grid_or_profile_strict,2,44,mining_sanity,hybrid,gate_pass,s1_plus_ig/mode=positive_only/ratio=2.0/keep=0.25,0.056953461394036,0.0268041268616712,0.0301493345323648,False
v11_grid_or_profile_strict,0,45,mining_sanity,safe_baseline,reference_fallback,safe_baseline,0.1524227261667437,0.1524227261667437,0.0,False
v11_grid_or_profile_strict,2,45,mining_sanity,safe_baseline,reference_fallback,safe_baseline,0.0361025238937118,0.0361025238937118,0.0,False
v11_grid_or_profile_strict,0,46,mining_sanity,safe_baseline,reference_fallback,safe_baseline,0.1614091881808295,0.1614091881808295,0.0,False
v11_grid_or_profile_strict,2,46,mining_sanity,hybrid,gate_pass,s1_plus_ig/mode=positive_only/ratio=2.0/keep=0.25,0.0435329165246239,0.0322630141487408,0.0112699023758831,False
v11_grid_or_profile_strict,1,42,mining_sanity,safe_baseline,reference_fallback,safe_baseline,0.1555279665491621,0.1555279665491621,0.0,False
v11_grid_or_profile_strict,7,42,mining_sanity,safe_baseline,reference_fallback,safe_baseline,0.1326005896228759,0.1326005896228759,0.0,False
v11_grid_or_profile_strict,1,43,mining_sanity,safe_baseline,reference_fallback,safe_baseline,0.1728080537762789,0.1728080537762789,0.0,False
v11_grid_or_profile_strict,7,43,mining_sanity,safe_baseline,reference_fallback,safe_baseline,0.1675219258174309,0.1675219258174309,0.0,False
v11_grid_or_profile_strict,1,44,mining_sanity,safe_baseline,reference_fallback,safe_baseline,0.1561838693611792,0.1561838693611792,0.0,False
v11_grid_or_profile_strict,7,44,mining_sanity,safe_baseline,reference_fallback,safe_baseline,0.1479565441901858,0.1479565441901858,0.0,False
v11_grid_or_profile_strict,1,45,mining_sanity,safe_baseline,reference_fallback,safe_baseline,0.1911070239620761,0.1911070239620761,0.0,False
v11_grid_or_profile_strict,7,45,mining_sanity,safe_baseline,reference_fallback,safe_baseline,0.1355269301874456,0.1355269301874456,0.0,False
v11_grid_or_profile_strict,1,46,mining_sanity,safe_baseline,reference_fallback,safe_baseline,0.1597401874580173,0.1597401874580173,0.0,False
v11_grid_or_profile_strict,7,46,mining_sanity,safe_baseline,reference_fallback,safe_baseline,0.1877112767085328,0.1877112767085328,0.0,False
v11_grid_or_profile_strict,3,42,expanded_sanity,safe_baseline,reference_fallback,safe_baseline,0.1523856084419653,0.1523856084419653,0.0,False
v11_grid_or_profile_strict,5,42,expanded_sanity,safe_baseline,reference_fallback,safe_baseline,0.061598250855509,0.061598250855509,0.0,False
v11_grid_or_profile_strict,3,43,expanded_sanity,hybrid,gate_pass,s1_plus_ig/mode=positive_only/ratio=1.5/keep=0.25,0.2178627348907152,0.1245392034768421,0.0933235314138731,False
v11_grid_or_profile_strict,5,43,expanded_sanity,safe_baseline,reference_fallback,safe_baseline,0.0585156438523369,0.0585156438523369,0.0,False
v11_grid_or_profile_strict,3,44,expanded_sanity,safe_baseline,reference_fallback,safe_baseline,0.1224908943469304,0.1224908943469304,0.0,False
v11_grid_or_profile_strict,5,44,expanded_sanity,safe_baseline,reference_fallback,safe_baseline,0.0802724959251831,0.0802724959251831,0.0,False
v11_grid_or_profile_strict,3,45,expanded_sanity,hybrid,gate_pass,s1_plus_ig/mode=positive_only/ratio=1.5/keep=0.25,0.1696484246946529,0.136064929233329,0.0335834954613239,False
v11_grid_or_profile_strict,5,45,expanded_sanity,safe_baseline,reference_fallback,safe_baseline,0.1002325131114273,0.1002325131114273,0.0,False
v11_grid_or_profile_strict,3,46,expanded_sanity,safe_baseline,reference_fallback,safe_baseline,0.1884792049283298,0.1884792049283298,0.0,False
v11_grid_or_profile_strict,5,46,expanded_sanity,safe_baseline,reference_fallback,safe_baseline,0.0771984320748041,0.0771984320748041,0.0,False
v11_grid_or_profile_strict,6,42,final_holdout,safe_baseline,reference_fallback,safe_baseline,0.1061858975296977,0.1061858975296977,0.0,False
v11_grid_or_profile_strict,9,42,final_holdout,safe_baseline,reference_fallback,safe_baseline,0.0245288621573817,0.0245288621573817,0.0,False
v11_grid_or_profile_strict,6,43,final_holdout,safe_baseline,reference_fallback,safe_baseline,0.101489333410799,0.101489333410799,0.0,False
v11_grid_or_profile_strict,9,43,final_holdout,safe_baseline,reference_fallback,safe_baseline,0.0336501306835639,0.0336501306835639,0.0,False
v11_grid_or_profile_strict,6,44,final_holdout,safe_baseline,reference_fallback,safe_baseline,0.1062986216605975,0.1062986216605975,0.0,False
v11_grid_or_profile_strict,9,44,final_holdout,safe_baseline,reference_fallback,safe_baseline,0.023745895173429,0.023745895173429,0.0,False
v11_grid_or_profile_strict,6,45,final_holdout,safe_baseline,reference_fallback,safe_baseline,0.1093880424280702,0.1093880424280702,0.0,False
v11_grid_or_profile_strict,9,45,final_holdout,safe_baseline,reference_fallback,safe_baseline,0.023294261411692,0.023294261411692,0.0,False
v11_grid_or_profile_strict,6,46,final_holdout,safe_baseline,reference_fallback,safe_baseline,0.1124524003828929,0.1124524003828929,0.0,False
v11_grid_or_profile_strict,9,46,final_holdout,safe_baseline,reference_fallback,safe_baseline,0.0276860835232567,0.0276860835232567,0.0,False
v11_rare_signal_aggressive_else_strict,10,42,mining_sanity,hybrid,gate_pass,s1_plus_ig/mode=positive_only/ratio=1.0/keep=0.75,0.1598162821911179,0.1466993831978607,0.0131168989932572,False
v11_rare_signal_aggressive_else_strict,10,43,mining_sanity,hybrid,gate_pass,s1_plus_ig/mode=positive_only/ratio=2.0/keep=0.25,0.1858919184619663,0.1693755022227845,0.0165164162391817,False
v11_rare_signal_aggressive_else_strict,10,44,mining_sanity,hybrid,gate_pass,s1_plus_ig/mode=positive_only/ratio=0.75/keep=0.75,0.1755026425532804,0.1208158947678786,0.0546867477854018,False
v11_rare_signal_aggressive_else_strict,10,45,mining_sanity,hybrid,gate_pass,s1_plus_ig/mode=positive_only/ratio=1.5/keep=0.5,0.201123469260575,0.1555375735139211,0.0455858957466538,False
v11_rare_signal_aggressive_else_strict,10,46,mining_sanity,hybrid,gate_pass,s1_plus_ig/mode=positive_only/ratio=2.0/keep=0.5,0.1827271144096072,0.1340880392748377,0.0486390751347695,False
v11_rare_signal_aggressive_else_strict,0,42,mining_sanity,hybrid,gate_pass,s1_plus_ig/mode=positive_only/ratio=1.0/keep=1.0,0.1620065298133857,0.1447232944846725,0.0172832353287132,False
v11_rare_signal_aggressive_else_strict,2,42,mining_sanity,hybrid,gate_pass,s1_plus_ig/mode=positive_only/ratio=1.5/keep=1.0,0.0437136158823033,0.0217993478683299,0.0219142680139733,False
v11_rare_signal_aggressive_else_strict,0,43,mining_sanity,safe_baseline,reference_fallback,safe_baseline,0.1328137867398411,0.1328137867398411,0.0,False
v11_rare_signal_aggressive_else_strict,2,43,mining_sanity,safe_baseline,reference_fallback,safe_baseline,0.04173157902927,0.04173157902927,0.0,False
v11_rare_signal_aggressive_else_strict,0,44,mining_sanity,safe_baseline,reference_fallback,safe_baseline,0.1538411466657064,0.1538411466657064,0.0,False
v11_rare_signal_aggressive_else_strict,2,44,mining_sanity,hybrid,gate_pass,s1_plus_ig/mode=positive_only/ratio=2.0/keep=0.25,0.056953461394036,0.0268041268616712,0.0301493345323648,False
v11_rare_signal_aggressive_else_strict,0,45,mining_sanity,safe_baseline,reference_fallback,safe_baseline,0.1524227261667437,0.1524227261667437,0.0,False
v11_rare_signal_aggressive_else_strict,2,45,mining_sanity,safe_baseline,reference_fallback,safe_baseline,0.0361025238937118,0.0361025238937118,0.0,False
v11_rare_signal_aggressive_else_strict,0,46,mining_sanity,safe_baseline,reference_fallback,safe_baseline,0.1614091881808295,0.1614091881808295,0.0,False
v11_rare_signal_aggressive_else_strict,2,46,mining_sanity,hybrid,gate_pass,s1_plus_ig/mode=positive_only/ratio=2.0/keep=0.25,0.0435329165246239,0.0322630141487408,0.0112699023758831,False
v11_rare_signal_aggressive_else_strict,1,42,mining_sanity,safe_baseline,reference_fallback,safe_baseline,0.1555279665491621,0.1555279665491621,0.0,False
v11_rare_signal_aggressive_else_strict,7,42,mining_sanity,safe_baseline,reference_fallback,safe_baseline,0.1326005896228759,0.1326005896228759,0.0,False
v11_rare_signal_aggressive_else_strict,1,43,mining_sanity,safe_baseline,reference_fallback,safe_baseline,0.1728080537762789,0.1728080537762789,0.0,False
v11_rare_signal_aggressive_else_strict,7,43,mining_sanity,safe_baseline,reference_fallback,safe_baseline,0.1675219258174309,0.1675219258174309,0.0,False
v11_rare_signal_aggressive_else_strict,1,44,mining_sanity,safe_baseline,reference_fallback,safe_baseline,0.1561838693611792,0.1561838693611792,0.0,False
v11_rare_signal_aggressive_else_strict,7,44,mining_sanity,safe_baseline,reference_fallback,safe_baseline,0.1479565441901858,0.1479565441901858,0.0,False
v11_rare_signal_aggressive_else_strict,1,45,mining_sanity,safe_baseline,reference_fallback,safe_baseline,0.1911070239620761,0.1911070239620761,0.0,False
v11_rare_signal_aggressive_else_strict,7,45,mining_sanity,safe_baseline,reference_fallback,safe_baseline,0.1355269301874456,0.1355269301874456,0.0,False
v11_rare_signal_aggressive_else_strict,1,46,mining_sanity,safe_baseline,reference_fallback,safe_baseline,0.1597401874580173,0.1597401874580173,0.0,False
v11_rare_signal_aggressive_else_strict,7,46,mining_sanity,safe_baseline,reference_fallback,safe_baseline,0.1877112767085328,0.1877112767085328,0.0,False
v11_rare_signal_aggressive_else_strict,3,42,expanded_sanity,safe_baseline,reference_fallback,safe_baseline,0.1523856084419653,0.1523856084419653,0.0,False
v11_rare_signal_aggressive_else_strict,5,42,expanded_sanity,safe_baseline,reference_fallback,safe_baseline,0.061598250855509,0.061598250855509,0.0,False
v11_rare_signal_aggressive_else_strict,3,43,expanded_sanity,hybrid,gate_pass,s1_plus_ig/mode=positive_only/ratio=1.5/keep=0.25,0.2178627348907152,0.1245392034768421,0.0933235314138731,False
v11_rare_signal_aggressive_else_strict,5,43,expanded_sanity,safe_baseline,reference_fallback,safe_baseline,0.0585156438523369,0.0585156438523369,0.0,False
v11_rare_signal_aggressive_else_strict,3,44,expanded_sanity,safe_baseline,reference_fallback,safe_baseline,0.1224908943469304,0.1224908943469304,0.0,False
v11_rare_signal_aggressive_else_strict,5,44,expanded_sanity,safe_baseline,reference_fallback,safe_baseline,0.0802724959251831,0.0802724959251831,0.0,False
v11_rare_signal_aggressive_else_strict,3,45,expanded_sanity,hybrid,gate_pass,s1_plus_ig/mode=positive_only/ratio=1.5/keep=0.25,0.1696484246946529,0.136064929233329,0.0335834954613239,False
v11_rare_signal_aggressive_else_strict,5,45,expanded_sanity,safe_baseline,reference_fallback,safe_baseline,0.1002325131114273,0.1002325131114273,0.0,False
v11_rare_signal_aggressive_else_strict,3,46,expanded_sanity,safe_baseline,reference_fallback,safe_baseline,0.1884792049283298,0.1884792049283298,0.0,False
v11_rare_signal_aggressive_else_strict,5,46,expanded_sanity,safe_baseline,reference_fallback,safe_baseline,0.0771984320748041,0.0771984320748041,0.0,False
v11_rare_signal_aggressive_else_strict,6,42,final_holdout,safe_baseline,reference_fallback,safe_baseline,0.1061858975296977,0.1061858975296977,0.0,False
v11_rare_signal_aggressive_else_strict,9,42,final_holdout,safe_baseline,reference_fallback,safe_baseline,0.0245288621573817,0.0245288621573817,0.0,False
v11_rare_signal_aggressive_else_strict,6,43,final_holdout,safe_baseline,reference_fallback,safe_baseline,0.101489333410799,0.101489333410799,0.0,False
v11_rare_signal_aggressive_else_strict,9,43,final_holdout,safe_baseline,reference_fallback,safe_baseline,0.0336501306835639,0.0336501306835639,0.0,False
v11_rare_signal_aggressive_else_strict,6,44,final_holdout,safe_baseline,reference_fallback,safe_baseline,0.1062986216605975,0.1062986216605975,0.0,False
v11_rare_signal_aggressive_else_strict,9,44,final_holdout,safe_baseline,reference_fallback,safe_baseline,0.023745895173429,0.023745895173429,0.0,False
v11_rare_signal_aggressive_else_strict,6,45,final_holdout,safe_baseline,reference_fallback,safe_baseline,0.1093880424280702,0.1093880424280702,0.0,False
v11_rare_signal_aggressive_else_strict,9,45,final_holdout,safe_baseline,reference_fallback,safe_baseline,0.023294261411692,0.023294261411692,0.0,False
v11_rare_signal_aggressive_else_strict,6,46,final_holdout,safe_baseline,reference_fallback,safe_baseline,0.1124524003828929,0.1124524003828929,0.0,False
v11_rare_signal_aggressive_else_strict,9,46,final_holdout,safe_baseline,reference_fallback,safe_baseline,0.0276860835232567,0.0276860835232567,0.0,False
v12_signal_aggressive_else_strict,10,42,mining_sanity,hybrid,gate_pass,s1_plus_ig/mode=positive_only/ratio=1.0/keep=0.75,0.1598162821911179,0.1466993831978607,0.0131168989932572,False
v12_signal_aggressive_else_strict,10,43,mining_sanity,hybrid,gate_pass,s1_plus_ig/mode=positive_only/ratio=2.0/keep=0.25,0.1858919184619663,0.1693755022227845,0.0165164162391817,False
v12_signal_aggressive_else_strict,10,44,mining_sanity,hybrid,gate_pass,s1_plus_ig/mode=positive_only/ratio=0.75/keep=0.75,0.1755026425532804,0.1208158947678786,0.0546867477854018,False
v12_signal_aggressive_else_strict,10,45,mining_sanity,hybrid,gate_pass,s1_plus_ig/mode=positive_only/ratio=1.5/keep=0.5,0.201123469260575,0.1555375735139211,0.0455858957466538,False
v12_signal_aggressive_else_strict,10,46,mining_sanity,hybrid,gate_pass,s1_plus_ig/mode=positive_only/ratio=2.0/keep=0.5,0.1827271144096072,0.1340880392748377,0.0486390751347695,False
v12_signal_aggressive_else_strict,0,42,mining_sanity,hybrid,gate_pass,s1_plus_ig/mode=positive_only/ratio=1.0/keep=1.0,0.1620065298133857,0.1447232944846725,0.0172832353287132,False
v12_signal_aggressive_else_strict,2,42,mining_sanity,hybrid,gate_pass,s1_plus_ig/mode=positive_only/ratio=1.5/keep=1.0,0.0437136158823033,0.0217993478683299,0.0219142680139733,False
v12_signal_aggressive_else_strict,0,43,mining_sanity,safe_baseline,reference_fallback,safe_baseline,0.1328137867398411,0.1328137867398411,0.0,False
v12_signal_aggressive_else_strict,2,43,mining_sanity,safe_baseline,reference_fallback,safe_baseline,0.04173157902927,0.04173157902927,0.0,False
v12_signal_aggressive_else_strict,0,44,mining_sanity,safe_baseline,reference_fallback,safe_baseline,0.1538411466657064,0.1538411466657064,0.0,False
v12_signal_aggressive_else_strict,2,44,mining_sanity,hybrid,gate_pass,s1_plus_ig/mode=positive_only/ratio=2.0/keep=0.25,0.056953461394036,0.0268041268616712,0.0301493345323648,False
v12_signal_aggressive_else_strict,0,45,mining_sanity,safe_baseline,reference_fallback,safe_baseline,0.1524227261667437,0.1524227261667437,0.0,False
v12_signal_aggressive_else_strict,2,45,mining_sanity,safe_baseline,reference_fallback,safe_baseline,0.0361025238937118,0.0361025238937118,0.0,False
v12_signal_aggressive_else_strict,0,46,mining_sanity,safe_baseline,reference_fallback,safe_baseline,0.1614091881808295,0.1614091881808295,0.0,False
v12_signal_aggressive_else_strict,2,46,mining_sanity,hybrid,gate_pass,s1_plus_ig/mode=positive_only/ratio=2.0/keep=0.25,0.0435329165246239,0.0322630141487408,0.0112699023758831,False
v12_signal_aggressive_else_strict,1,42,mining_sanity,safe_baseline,reference_fallback,safe_baseline,0.1555279665491621,0.1555279665491621,0.0,False
v12_signal_aggressive_else_strict,7,42,mining_sanity,safe_baseline,reference_fallback,safe_baseline,0.1326005896228759,0.1326005896228759,0.0,False
v12_signal_aggressive_else_strict,1,43,mining_sanity,safe_baseline,reference_fallback,safe_baseline,0.1728080537762789,0.1728080537762789,0.0,False
v12_signal_aggressive_else_strict,7,43,mining_sanity,safe_baseline,reference_fallback,safe_baseline,0.1675219258174309,0.1675219258174309,0.0,False
v12_signal_aggressive_else_strict,1,44,mining_sanity,safe_baseline,reference_fallback,safe_baseline,0.1561838693611792,0.1561838693611792,0.0,False
v12_signal_aggressive_else_strict,7,44,mining_sanity,safe_baseline,reference_fallback,safe_baseline,0.1479565441901858,0.1479565441901858,0.0,False
v12_signal_aggressive_else_strict,1,45,mining_sanity,safe_baseline,reference_fallback,safe_baseline,0.1911070239620761,0.1911070239620761,0.0,False
v12_signal_aggressive_else_strict,7,45,mining_sanity,safe_baseline,reference_fallback,safe_baseline,0.1355269301874456,0.1355269301874456,0.0,False
v12_signal_aggressive_else_strict,1,46,mining_sanity,safe_baseline,reference_fallback,safe_baseline,0.1597401874580173,0.1597401874580173,0.0,False
v12_signal_aggressive_else_strict,7,46,mining_sanity,safe_baseline,reference_fallback,safe_baseline,0.1877112767085328,0.1877112767085328,0.0,False
v12_signal_aggressive_else_strict,3,42,expanded_sanity,hybrid,gate_pass,s1_plus_ig/mode=positive_only/ratio=2.0/keep=0.75,0.2076116225572039,0.1523856084419653,0.0552260141152385,False
v12_signal_aggressive_else_strict,5,42,expanded_sanity,safe_baseline,reference_fallback,safe_baseline,0.061598250855509,0.061598250855509,0.0,False
v12_signal_aggressive_else_strict,3,43,expanded_sanity,hybrid,gate_pass,s1_plus_ig/mode=positive_only/ratio=1.5/keep=0.25,0.2178627348907152,0.1245392034768421,0.0933235314138731,False
v12_signal_aggressive_else_strict,5,43,expanded_sanity,safe_baseline,reference_fallback,safe_baseline,0.0585156438523369,0.0585156438523369,0.0,False
v12_signal_aggressive_else_strict,3,44,expanded_sanity,hybrid,gate_pass,s1_plus_ig/mode=positive_only/ratio=2.0/keep=1.0,0.2058822157195717,0.1224908943469304,0.0833913213726412,False
v12_signal_aggressive_else_strict,5,44,expanded_sanity,safe_baseline,reference_fallback,safe_baseline,0.0802724959251831,0.0802724959251831,0.0,False
v12_signal_aggressive_else_strict,3,45,expanded_sanity,hybrid,gate_pass,s1_plus_ig/mode=positive_only/ratio=1.5/keep=0.25,0.1696484246946529,0.136064929233329,0.0335834954613239,False
v12_signal_aggressive_else_strict,5,45,expanded_sanity,safe_baseline,reference_fallback,safe_baseline,0.1002325131114273,0.1002325131114273,0.0,False
v12_signal_aggressive_else_strict,3,46,expanded_sanity,hybrid,gate_pass,s1_plus_ig/mode=positive_only/ratio=0.25/keep=1.0,0.2135450624648122,0.1884792049283298,0.0250658575364823,False
v12_signal_aggressive_else_strict,5,46,expanded_sanity,safe_baseline,reference_fallback,safe_baseline,0.0771984320748041,0.0771984320748041,0.0,False
v12_signal_aggressive_else_strict,6,42,final_holdout,safe_baseline,reference_fallback,safe_baseline,0.1061858975296977,0.1061858975296977,0.0,False
v12_signal_aggressive_else_strict,9,42,final_holdout,safe_baseline,reference_fallback,safe_baseline,0.0245288621573817,0.0245288621573817,0.0,False
v12_signal_aggressive_else_strict,6,43,final_holdout,safe_baseline,reference_fallback,safe_baseline,0.101489333410799,0.101489333410799,0.0,False
v12_signal_aggressive_else_strict,9,43,final_holdout,safe_baseline,reference_fallback,safe_baseline,0.0336501306835639,0.0336501306835639,0.0,False
v12_signal_aggressive_else_strict,6,44,final_holdout,safe_baseline,reference_fallback,safe_baseline,0.1062986216605975,0.1062986216605975,0.0,False
v12_signal_aggressive_else_strict,9,44,final_holdout,safe_baseline,reference_fallback,safe_baseline,0.023745895173429,0.023745895173429,0.0,False
v12_signal_aggressive_else_strict,6,45,final_holdout,safe_baseline,reference_fallback,safe_baseline,0.1093880424280702,0.1093880424280702,0.0,False
v12_signal_aggressive_else_strict,9,45,final_holdout,safe_baseline,reference_fallback,safe_baseline,0.023294261411692,0.023294261411692,0.0,False
v12_signal_aggressive_else_strict,6,46,final_holdout,safe_baseline,reference_fallback,safe_baseline,0.1124524003828929,0.1124524003828929,0.0,False
v12_signal_aggressive_else_strict,9,46,final_holdout,safe_baseline,reference_fallback,safe_baseline,0.0276860835232567,0.0276860835232567,0.0,False
