heldout_task_id,rule_name,n_tasks,n_rows,task_macro_mean_delta,task_median_delta,minimum_task_mean_delta,negative_task_count,harm_row_count,selected_count,coverage
0,safe_only,8,40,0.0,0.0,0.0,0,0,0,0.0
0,strict_certificate,8,40,0.005518165546643163,0.0019276618545194,-0.01010930052098248,1,4,13,0.325
0,v11_grid_or_profile_strict,8,40,0.006299912648136122,0.0,0.0,0,0,7,0.175
0,v11_rare_signal_aggressive_else_strict,8,40,0.009219639142417056,0.0,0.0,0,0,10,0.25
0,v12_signal_aggressive_else_strict,8,40,0.013311718968026107,0.0,0.0,0,0,13,0.325
1,safe_only,8,40,0.0,0.0,0.0,0,0,0,0.0
1,strict_certificate,8,40,0.0072139089949838035,0.00365598538739072,0.0,0,1,10,0.25
1,v11_grid_or_profile_strict,8,40,0.0067319935313539525,0.00172832353287132,0.0,0,0,8,0.2
1,v11_rare_signal_aggressive_else_strict,8,40,0.009651720025634886,0.00172832353287132,0.0,0,0,11,0.275
1,v12_signal_aggressive_else_strict,8,40,0.013743799851243937,0.00172832353287132,0.0,0,0,14,0.35
2,safe_only,8,40,0.0,0.0,0.0,0,0,0,0.0
2,strict_certificate,8,40,0.004366908806805463,0.00172832353287132,-0.01010930052098248,1,4,11,0.275
2,v11_grid_or_profile_strict,8,40,0.005148655908298423,0.0,0.0,0,0,5,0.125
2,v11_rare_signal_aggressive_else_strict,8,40,0.008068382402579356,0.0,0.0,0,0,8,0.2
2,v12_signal_aggressive_else_strict,8,40,0.012160462228188406,0.0,0.0,0,0,11,0.275
3,safe_only,8,40,0.0,0.0,0.0,0,0,0,0.0
3,strict_certificate,8,40,0.0027775707579810677,0.00172832353287132,-0.01010930052098248,1,4,12,0.3
3,v11_grid_or_profile_strict,8,40,0.0035593178594740277,0.0,0.0,0,0,6,0.15
3,v11_rare_signal_aggressive_else_strict,8,40,0.006479044353754961,0.0,0.0,0,0,9,0.225
3,v12_signal_aggressive_else_strict,8,40,0.006479044353754961,0.0,0.0,0,0,9,0.225
5,safe_only,8,40,0.0,0.0,0.0,0,0,0,0.0
5,strict_certificate,8,40,0.005950246429860993,0.00365598538739072,-0.01010930052098248,1,4,14,0.35
5,v11_grid_or_profile_strict,8,40,0.0067319935313539525,0.00172832353287132,0.0,0,0,8,0.2
5,v11_rare_signal_aggressive_else_strict,8,40,0.009651720025634886,0.00172832353287132,0.0,0,0,11,0.275
5,v12_signal_aggressive_else_strict,8,40,0.013743799851243937,0.00172832353287132,0.0,0,0,14,0.35
6,safe_only,8,40,0.0,0.0,0.0,0,0,0,0.0
6,strict_certificate,8,40,0.005468330966231142,0.00172832353287132,-0.01010930052098248,1,3,12,0.3
6,v11_grid_or_profile_strict,8,40,0.0067319935313539525,0.00172832353287132,0.0,0,0,8,0.2
6,v11_rare_signal_aggressive_else_strict,8,40,0.009651720025634886,0.00172832353287132,0.0,0,0,11,0.275
6,v12_signal_aggressive_else_strict,8,40,0.013743799851243937,0.00172832353287132,0.0,0,0,14,0.35
7,safe_only,8,40,0.0,0.0,0.0,0,0,0,0.0
7,strict_certificate,8,40,0.005950246429860993,0.00365598538739072,-0.01010930052098248,1,4,14,0.35
7,v11_grid_or_profile_strict,8,40,0.0067319935313539525,0.00172832353287132,0.0,0,0,8,0.2
7,v11_rare_signal_aggressive_else_strict,8,40,0.009651720025634886,0.00172832353287132,0.0,0,0,11,0.275
7,v12_signal_aggressive_else_strict,8,40,0.013743799851243937,0.00172832353287132,0.0,0,0,14,0.35
9,safe_only,8,40,0.0,0.0,0.0,0,0,0,0.0
9,strict_certificate,8,40,0.005950246429860993,0.00365598538739072,-0.01010930052098248,1,4,14,0.35
9,v11_grid_or_profile_strict,8,40,0.0067319935313539525,0.00172832353287132,0.0,0,0,8,0.2
9,v11_rare_signal_aggressive_else_strict,8,40,0.009651720025634886,0.00172832353287132,0.0,0,0,11,0.275
9,v12_signal_aggressive_else_strict,8,40,0.013743799851243937,0.00172832353287132,0.0,0,0,14,0.35
10,safe_only,8,40,0.0,0.0,0.0,0,0,0,0.0
10,strict_certificate,8,40,0.004406347076660325,0.00172832353287132,-0.01010930052098248,1,4,12,0.3
10,v11_grid_or_profile_strict,8,40,0.005188094178153285,0.0,0.0,0,0,6,0.15
10,v11_rare_signal_aggressive_else_strict,8,40,0.005188094178153285,0.0,0.0,0,0,6,0.15
10,v12_signal_aggressive_else_strict,8,40,0.009280174003762336,0.0,0.0,0,0,9,0.225
