task_id,valid_test,valid_train,valid_val,positive_test,positive_train,positive_val,negative_test,negative_train,negative_val,include,eligibility_rule
0,1046,4714,941,50,151,67,996,4563,874,True,valid_train >= 500
1,2574,22059,2951,113,584,76,2461,21475,2875,True,valid_train >= 500
2,6891,62068,11954,115,1766,188,6776,60302,11766,True,valid_train >= 500
3,3889,19863,4639,108,383,91,3781,19480,4548,True,valid_train >= 500
4,1328,7220,1351,51,169,27,1277,7051,1324,True,valid_train >= 500
5,2776,23007,2438,91,730,63,2685,22277,2375,True,valid_train >= 500
6,5618,43809,6602,199,1695,214,5419,42114,6388,True,valid_train >= 500
7,7625,62750,9114,230,1565,221,7395,61185,8893,True,valid_train >= 500
8,2282,18853,2814,27,546,71,2255,18307,2743,True,valid_train >= 500
9,2914,19957,3050,43,192,35,2871,19765,3015,True,valid_train >= 500
10,42655,266230,49235,489,2798,505,42166,263432,48730,True,valid_train >= 500
