dataset,toolset,representation,task_id,seed,fold_id,feature_index,feature_name,importance_raw,importance_clipped,importance_weight_normalized,rank,source_model,metric
seagate_kqi,time-series-2,mean,9,42,0,0,f0,1.1013212315447163e-06,1.1013212315447163e-06,5.685280484613031e-05,32,S0_lightgbm,val_PR_AUC_drop
seagate_kqi,time-series-2,mean,9,42,0,1,f1,0.0,0.0,0.0,37,S0_lightgbm,val_PR_AUC_drop
seagate_kqi,time-series-2,mean,9,42,0,2,f2,0.0,0.0,0.0,38,S0_lightgbm,val_PR_AUC_drop
seagate_kqi,time-series-2,mean,9,42,0,3,f3,0.0,0.0,0.0,39,S0_lightgbm,val_PR_AUC_drop
seagate_kqi,time-series-2,mean,9,42,0,4,f4,-2.262418774989783e-06,0.0,0.0,87,S0_lightgbm,val_PR_AUC_drop
seagate_kqi,time-series-2,mean,9,42,0,5,f5,0.0,0.0,0.0,40,S0_lightgbm,val_PR_AUC_drop
seagate_kqi,time-series-2,mean,9,42,0,6,f6,0.0,0.0,0.0,41,S0_lightgbm,val_PR_AUC_drop
seagate_kqi,time-series-2,mean,9,42,0,7,f7,0.0,0.0,0.0,42,S0_lightgbm,val_PR_AUC_drop
seagate_kqi,time-series-2,mean,9,42,0,8,f8,0.0,0.0,0.0,43,S0_lightgbm,val_PR_AUC_drop
seagate_kqi,time-series-2,mean,9,42,0,9,f9,0.0,0.0,0.0,44,S0_lightgbm,val_PR_AUC_drop
seagate_kqi,time-series-2,mean,9,42,0,10,f10,0.0,0.0,0.0,45,S0_lightgbm,val_PR_AUC_drop
seagate_kqi,time-series-2,mean,9,42,0,11,f11,0.0,0.0,0.0,46,S0_lightgbm,val_PR_AUC_drop
seagate_kqi,time-series-2,mean,9,42,0,12,f12,0.0,0.0,0.0,47,S0_lightgbm,val_PR_AUC_drop
seagate_kqi,time-series-2,mean,9,42,0,13,f13,0.0,0.0,0.0,48,S0_lightgbm,val_PR_AUC_drop
seagate_kqi,time-series-2,mean,9,42,0,14,f14,0.0,0.0,0.0,49,S0_lightgbm,val_PR_AUC_drop
seagate_kqi,time-series-2,mean,9,42,0,15,f15,0.0,0.0,0.0,50,S0_lightgbm,val_PR_AUC_drop
seagate_kqi,time-series-2,mean,9,42,0,16,f16,0.0,0.0,0.0,51,S0_lightgbm,val_PR_AUC_drop
seagate_kqi,time-series-2,mean,9,42,0,17,f17,0.0,0.0,0.0,52,S0_lightgbm,val_PR_AUC_drop
seagate_kqi,time-series-2,mean,9,42,0,18,f18,0.0,0.0,0.0,53,S0_lightgbm,val_PR_AUC_drop
seagate_kqi,time-series-2,mean,9,42,0,19,f19,3.9434395148418844e-05,3.9434395148418844e-05,0.0020356965251266956,22,S0_lightgbm,val_PR_AUC_drop
seagate_kqi,time-series-2,mean,9,42,0,20,f20,0.0,0.0,0.0,54,S0_lightgbm,val_PR_AUC_drop
seagate_kqi,time-series-2,mean,9,42,0,21,f21,0.0,0.0,0.0,55,S0_lightgbm,val_PR_AUC_drop
seagate_kqi,time-series-2,mean,9,42,0,22,f22,0.0,0.0,0.0,56,S0_lightgbm,val_PR_AUC_drop
seagate_kqi,time-series-2,mean,9,42,0,23,f23,0.0,0.0,0.0,57,S0_lightgbm,val_PR_AUC_drop
seagate_kqi,time-series-2,mean,9,42,0,24,f24,0.0,0.0,0.0,58,S0_lightgbm,val_PR_AUC_drop
seagate_kqi,time-series-2,mean,9,42,0,25,f25,0.0,0.0,0.0,59,S0_lightgbm,val_PR_AUC_drop
seagate_kqi,time-series-2,mean,9,42,0,26,f26,1.3287592082633637e-05,1.3287592082633637e-05,0.0006859368877485394,27,S0_lightgbm,val_PR_AUC_drop
seagate_kqi,time-series-2,mean,9,42,0,27,f27,0.0,0.0,0.0,60,S0_lightgbm,val_PR_AUC_drop
seagate_kqi,time-series-2,mean,9,42,0,28,f28,0.0,0.0,0.0,61,S0_lightgbm,val_PR_AUC_drop
seagate_kqi,time-series-2,mean,9,42,0,29,f29,0.0,0.0,0.0,62,S0_lightgbm,val_PR_AUC_drop
seagate_kqi,time-series-2,mean,9,42,0,30,f30,2.9855067396056256e-07,2.9855067396056256e-07,1.541189158160705e-05,34,S0_lightgbm,val_PR_AUC_drop
seagate_kqi,time-series-2,mean,9,42,0,31,f31,-0.0006671101436950266,0.0,0.0,116,S0_lightgbm,val_PR_AUC_drop
seagate_kqi,time-series-2,mean,9,42,0,32,f32,0.0,0.0,0.0,63,S0_lightgbm,val_PR_AUC_drop
seagate_kqi,time-series-2,mean,9,42,0,33,f33,0.0,0.0,0.0,64,S0_lightgbm,val_PR_AUC_drop
seagate_kqi,time-series-2,mean,9,42,0,34,f34,2.6511859687161632e-05,2.6511859687161632e-05,0.0013686048332601786,25,S0_lightgbm,val_PR_AUC_drop
seagate_kqi,time-series-2,mean,9,42,0,35,f35,0.0,0.0,0.0,65,S0_lightgbm,val_PR_AUC_drop
seagate_kqi,time-series-2,mean,9,42,0,36,f36,0.0001662136783124879,0.0001662136783124879,0.00858034286648035,20,S0_lightgbm,val_PR_AUC_drop
seagate_kqi,time-series-2,mean,9,42,0,37,f37,0.0,0.0,0.0,66,S0_lightgbm,val_PR_AUC_drop
seagate_kqi,time-series-2,mean,9,42,0,38,f38,0.0,0.0,0.0,67,S0_lightgbm,val_PR_AUC_drop
seagate_kqi,time-series-2,mean,9,42,0,39,f39,2.158522875106428e-06,2.158522875106428e-06,0.00011142804578412324,31,S0_lightgbm,val_PR_AUC_drop
seagate_kqi,time-series-2,mean,9,42,0,40,f40,0.0,0.0,0.0,68,S0_lightgbm,val_PR_AUC_drop
seagate_kqi,time-series-2,mean,9,42,0,41,f41,0.0,0.0,0.0,69,S0_lightgbm,val_PR_AUC_drop
seagate_kqi,time-series-2,mean,9,42,0,42,f42,0.0,0.0,0.0,70,S0_lightgbm,val_PR_AUC_drop
seagate_kqi,time-series-2,mean,9,42,0,43,f43,-2.0618652342818677e-05,0.0,0.0,95,S0_lightgbm,val_PR_AUC_drop
seagate_kqi,time-series-2,mean,9,42,0,44,f44,7.081546016252105e-08,7.081546016252105e-08,3.6556612030835822e-06,36,S0_lightgbm,val_PR_AUC_drop
seagate_kqi,time-series-2,mean,9,42,0,45,f45,0.0,0.0,0.0,71,S0_lightgbm,val_PR_AUC_drop
seagate_kqi,time-series-2,mean,9,42,0,46,f46,0.0,0.0,0.0,72,S0_lightgbm,val_PR_AUC_drop
seagate_kqi,time-series-2,mean,9,42,0,47,f47,-1.387133238495153e-06,0.0,0.0,86,S0_lightgbm,val_PR_AUC_drop
seagate_kqi,time-series-2,mean,9,42,0,48,f48,2.1806588847539388e-05,2.1806588847539388e-05,0.001125707640312612,26,S0_lightgbm,val_PR_AUC_drop
seagate_kqi,time-series-2,mean,9,42,0,49,f49,-5.472738848766312e-06,0.0,0.0,89,S0_lightgbm,val_PR_AUC_drop
seagate_kqi,time-series-2,mean,9,42,0,50,f50,1.2073021025571506e-05,1.2073021025571506e-05,0.000623237865511328,28,S0_lightgbm,val_PR_AUC_drop
seagate_kqi,time-series-2,mean,9,42,0,51,f51,0.0,0.0,0.0,73,S0_lightgbm,val_PR_AUC_drop
seagate_kqi,time-series-2,mean,9,42,0,52,f52,0.0,0.0,0.0,74,S0_lightgbm,val_PR_AUC_drop
seagate_kqi,time-series-2,mean,9,42,0,53,f53,-5.66365742997732e-05,0.0,0.0,99,S0_lightgbm,val_PR_AUC_drop
seagate_kqi,time-series-2,mean,9,42,0,54,f54,7.925801583041903e-06,7.925801583041903e-06,0.00040914860437624156,29,S0_lightgbm,val_PR_AUC_drop
seagate_kqi,time-series-2,mean,9,42,0,55,f55,0.0,0.0,0.0,75,S0_lightgbm,val_PR_AUC_drop
seagate_kqi,time-series-2,mean,9,42,0,56,f56,0.0046159508638083935,0.0046159508638083935,0.23828628659248352,1,S0_lightgbm,val_PR_AUC_drop
seagate_kqi,time-series-2,mean,9,42,0,57,f57,0.0,0.0,0.0,76,S0_lightgbm,val_PR_AUC_drop
seagate_kqi,time-series-2,mean,9,42,0,58,f58,-7.320315944525646e-06,0.0,0.0,90,S0_lightgbm,val_PR_AUC_drop
seagate_kqi,time-series-2,mean,9,42,0,59,f59,1.8584481153993693e-07,1.8584481153993693e-07,9.593748472980224e-06,35,S0_lightgbm,val_PR_AUC_drop
seagate_kqi,time-series-2,mean,9,42,0,60,f60,0.00039130004006437957,0.00039130004006437957,0.020199831575155258,16,S0_lightgbm,val_PR_AUC_drop
seagate_kqi,time-series-2,mean,9,42,0,61,f61,-0.0001596444344613701,0.0,0.0,107,S0_lightgbm,val_PR_AUC_drop
seagate_kqi,time-series-2,mean,9,42,0,62,f62,-3.702206595335156e-05,0.0,0.0,97,S0_lightgbm,val_PR_AUC_drop
seagate_kqi,time-series-2,mean,9,42,0,63,f63,-1.2653998055611737e-05,0.0,0.0,91,S0_lightgbm,val_PR_AUC_drop
seagate_kqi,time-series-2,mean,9,42,0,64,f64,0.0,0.0,0.0,77,S0_lightgbm,val_PR_AUC_drop
seagate_kqi,time-series-2,mean,9,42,0,65,f65,0.0,0.0,0.0,78,S0_lightgbm,val_PR_AUC_drop
seagate_kqi,time-series-2,mean,9,42,0,66,f66,-3.568152123989421e-06,0.0,0.0,88,S0_lightgbm,val_PR_AUC_drop
seagate_kqi,time-series-2,mean,9,42,0,67,f67,0.0,0.0,0.0,79,S0_lightgbm,val_PR_AUC_drop
seagate_kqi,time-series-2,mean,9,42,0,68,f68,-0.00013741827569901943,0.0,0.0,105,S0_lightgbm,val_PR_AUC_drop
seagate_kqi,time-series-2,mean,9,42,0,69,f69,0.0,0.0,0.0,80,S0_lightgbm,val_PR_AUC_drop
seagate_kqi,time-series-2,mean,9,42,0,70,f70,-1.87035693670623e-05,0.0,0.0,94,S0_lightgbm,val_PR_AUC_drop
seagate_kqi,time-series-2,mean,9,42,0,71,f71,-7.603660196764395e-05,0.0,0.0,101,S0_lightgbm,val_PR_AUC_drop
seagate_kqi,time-series-2,mean,9,42,0,72,f72,-0.0006118550663813949,0.0,0.0,115,S0_lightgbm,val_PR_AUC_drop
seagate_kqi,time-series-2,mean,9,42,0,73,f73,-0.0011386587284505367,0.0,0.0,118,S0_lightgbm,val_PR_AUC_drop
seagate_kqi,time-series-2,mean,9,42,0,74,f74,-4.781604002346285e-05,0.0,0.0,98,S0_lightgbm,val_PR_AUC_drop
seagate_kqi,time-series-2,mean,9,42,0,75,f75,0.0009468149510212243,0.0009468149510212243,0.04887682572007179,7,S0_lightgbm,val_PR_AUC_drop
seagate_kqi,time-series-2,mean,9,42,0,76,f76,-3.6709407140733674e-05,0.0,0.0,96,S0_lightgbm,val_PR_AUC_drop
seagate_kqi,time-series-2,mean,9,42,0,77,f77,0.0006688773864880204,0.0006688773864880204,0.034529030323028564,11,S0_lightgbm,val_PR_AUC_drop
seagate_kqi,time-series-2,mean,9,42,0,78,f78,0.0,0.0,0.0,81,S0_lightgbm,val_PR_AUC_drop
seagate_kqi,time-series-2,mean,9,42,0,79,f79,0.0006970952963456511,0.0006970952963456511,0.03598570451140404,10,S0_lightgbm,val_PR_AUC_drop
seagate_kqi,time-series-2,mean,9,42,0,80,f80,-0.0003340952389407903,0.0,0.0,112,S0_lightgbm,val_PR_AUC_drop
seagate_kqi,time-series-2,mean,9,42,0,81,f81,-0.00014829884457867593,0.0,0.0,106,S0_lightgbm,val_PR_AUC_drop
seagate_kqi,time-series-2,mean,9,42,0,82,f82,-0.0004928502021357417,0.0,0.0,113,S0_lightgbm,val_PR_AUC_drop
seagate_kqi,time-series-2,mean,9,42,0,83,f83,-0.0029060952365398407,0.0,0.0,123,S0_lightgbm,val_PR_AUC_drop
seagate_kqi,time-series-2,mean,9,42,0,84,f84,-0.0008605052134953439,0.0,0.0,117,S0_lightgbm,val_PR_AUC_drop
seagate_kqi,time-series-2,mean,9,42,0,85,f85,-0.004085924942046404,0.0,0.0,125,S0_lightgbm,val_PR_AUC_drop
seagate_kqi,time-series-2,mean,9,42,0,86,f86,-0.002288949443027377,0.0,0.0,122,S0_lightgbm,val_PR_AUC_drop
seagate_kqi,time-series-2,mean,9,42,0,87,f87,0.000515145540703088,0.000515145540703088,0.026593029499053955,13,S0_lightgbm,val_PR_AUC_drop
seagate_kqi,time-series-2,mean,9,42,0,88,f88,3.4707038139458746e-05,3.4707038139458746e-05,0.001791659276932478,23,S0_lightgbm,val_PR_AUC_drop
seagate_kqi,time-series-2,mean,9,42,0,89,f89,6.818360270699486e-05,6.818360270699486e-05,0.003519798628985882,21,S0_lightgbm,val_PR_AUC_drop
seagate_kqi,time-series-2,mean,9,42,0,90,f90,0.0002398420765530318,0.0002398420765530318,0.012381214648485184,19,S0_lightgbm,val_PR_AUC_drop
seagate_kqi,time-series-2,mean,9,42,0,91,f91,8.133595201798016e-07,8.133595201798016e-07,4.198753958917223e-05,33,S0_lightgbm,val_PR_AUC_drop
seagate_kqi,time-series-2,mean,9,42,0,92,f92,-0.00011634288966888562,0.0,0.0,104,S0_lightgbm,val_PR_AUC_drop
seagate_kqi,time-series-2,mean,9,42,0,93,f93,-1.4334952538774814e-05,0.0,0.0,92,S0_lightgbm,val_PR_AUC_drop
seagate_kqi,time-series-2,mean,9,42,0,94,f94,-9.832884097704664e-05,0.0,0.0,102,S0_lightgbm,val_PR_AUC_drop
seagate_kqi,time-series-2,mean,9,42,0,95,f95,0.00032561738044023514,0.00032561738044023514,0.016809137538075447,17,S0_lightgbm,val_PR_AUC_drop
seagate_kqi,time-series-2,mean,9,42,0,96,f96,-0.00024029768246691674,0.0,0.0,110,S0_lightgbm,val_PR_AUC_drop
seagate_kqi,time-series-2,mean,9,42,0,97,f97,-0.003123227972537279,0.0,0.0,124,S0_lightgbm,val_PR_AUC_drop
seagate_kqi,time-series-2,mean,9,42,0,98,f98,-0.001195505610667169,0.0,0.0,119,S0_lightgbm,val_PR_AUC_drop
seagate_kqi,time-series-2,mean,9,42,0,99,f99,0.0006200203206390142,0.0006200203206390142,0.03200691193342209,12,S0_lightgbm,val_PR_AUC_drop
seagate_kqi,time-series-2,mean,9,42,0,100,f100,0.0008349929703399539,0.0008349929703399539,0.04310430958867073,8,S0_lightgbm,val_PR_AUC_drop
seagate_kqi,time-series-2,mean,9,42,0,101,f101,3.3137780519609805e-06,3.3137780519609805e-06,0.00017106505401898175,30,S0_lightgbm,val_PR_AUC_drop
seagate_kqi,time-series-2,mean,9,42,0,102,f102,-0.00010908992408076301,0.0,0.0,103,S0_lightgbm,val_PR_AUC_drop
seagate_kqi,time-series-2,mean,9,42,0,103,f103,0.0008292215061374009,0.0008292215061374009,0.04280637204647064,9,S0_lightgbm,val_PR_AUC_drop
seagate_kqi,time-series-2,mean,9,42,0,104,f104,2.8085443773306906e-05,2.8085443773306906e-05,0.0014498370001092553,24,S0_lightgbm,val_PR_AUC_drop
seagate_kqi,time-series-2,mean,9,42,0,105,f105,-0.0017195254331454635,0.0,0.0,121,S0_lightgbm,val_PR_AUC_drop
seagate_kqi,time-series-2,mean,9,42,0,106,f106,0.0004885952221229672,0.0004885952221229672,0.02522243931889534,14,S0_lightgbm,val_PR_AUC_drop
seagate_kqi,time-series-2,mean,9,42,0,107,f107,0.002028458984568715,0.002028458984568715,0.10471384227275848,2,S0_lightgbm,val_PR_AUC_drop
seagate_kqi,time-series-2,mean,9,42,0,108,f108,-0.0005247430526651442,0.0,0.0,114,S0_lightgbm,val_PR_AUC_drop
seagate_kqi,time-series-2,mean,9,42,0,109,f109,-0.00022690177138429135,0.0,0.0,109,S0_lightgbm,val_PR_AUC_drop
seagate_kqi,time-series-2,mean,9,42,0,110,f110,0.0009690757724456489,0.0009690757724456489,0.05002598091959953,6,S0_lightgbm,val_PR_AUC_drop
seagate_kqi,time-series-2,mean,9,42,0,111,f111,0.00032145861769095063,0.00032145861769095063,0.016594452783465385,18,S0_lightgbm,val_PR_AUC_drop
seagate_kqi,time-series-2,mean,9,42,0,112,f112,0.0004448345862329006,0.0004448345862329006,0.02296341210603714,15,S0_lightgbm,val_PR_AUC_drop
seagate_kqi,time-series-2,mean,9,42,0,113,f113,-0.0011987355537712574,0.0,0.0,120,S0_lightgbm,val_PR_AUC_drop
seagate_kqi,time-series-2,mean,9,42,0,114,f114,0.0017914235359057784,0.0017914235359057784,0.09247751533985138,3,S0_lightgbm,val_PR_AUC_drop
seagate_kqi,time-series-2,mean,9,42,0,115,f115,-0.00027660405612550676,0.0,0.0,111,S0_lightgbm,val_PR_AUC_drop
seagate_kqi,time-series-2,mean,9,42,0,116,f116,0.001023620367050171,0.001023620367050171,0.05284170061349869,5,S0_lightgbm,val_PR_AUC_drop
seagate_kqi,time-series-2,mean,9,42,0,117,f117,0.0,0.0,0.0,82,S0_lightgbm,val_PR_AUC_drop
seagate_kqi,time-series-2,mean,9,42,0,118,f118,-1.856080962170381e-05,0.0,0.0,93,S0_lightgbm,val_PR_AUC_drop
seagate_kqi,time-series-2,mean,9,42,0,119,f119,-0.00017002859385684133,0.0,0.0,108,S0_lightgbm,val_PR_AUC_drop
seagate_kqi,time-series-2,mean,9,42,0,120,f120,0.0011929351603612304,0.0011929351603612304,0.06158212944865227,4,S0_lightgbm,val_PR_AUC_drop
seagate_kqi,time-series-2,mean,9,42,0,121,f121,0.0,0.0,0.0,83,S0_lightgbm,val_PR_AUC_drop
seagate_kqi,time-series-2,mean,9,42,0,122,f122,-7.219502003863454e-05,0.0,0.0,100,S0_lightgbm,val_PR_AUC_drop
seagate_kqi,time-series-2,mean,9,42,0,123,f123,0.0,0.0,0.0,84,S0_lightgbm,val_PR_AUC_drop
seagate_kqi,time-series-2,mean,9,42,0,124,f124,0.0,0.0,0.0,85,S0_lightgbm,val_PR_AUC_drop
