regime,heldout_task_id,gate,n_tasks,n_rows,task_macro_mean_delta,task_median_delta,negative_task_count,negative_row_count,hybrid_selection_count,hybrid_selection_rate
conservative,0,reference_only,8,40,0.0,0.0,0,0,0,0.0
conservative,0,validation_best,8,40,-0.01222816848601092,-0.008663568092166412,6,28,40,1.0
conservative,0,gain0_fpr0,8,40,-0.0036564311496942296,-0.0020542562539391396,5,11,14,0.35
conservative,0,gain005_fpr0,8,40,-0.0016132222297373306,0.0,3,7,10,0.25
conservative,0,gain01_fpr01,8,40,-0.0005802584327665053,0.0,2,9,15,0.375
conservative,0,positive_gain0_fpr01,8,40,-0.00426359644098787,-0.00171813348497617,5,13,17,0.425
conservative,0,positive_tstr_gain0,8,40,-0.00426359644098787,-0.00171813348497617,5,13,17,0.425
conservative,1,reference_only,8,40,0.0,0.0,0,0,0,0.0
conservative,1,validation_best,8,40,-0.008513356593323144,-0.00323275391494455,5,27,40,1.0
conservative,1,gain0_fpr0,8,40,0.0003762350621801499,-0.00064299113081355,4,8,12,0.3
conservative,1,gain005_fpr0,8,40,0.0011026058045299023,0.0,2,5,9,0.225
conservative,1,gain01_fpr01,8,40,0.001442289161856035,0.00064620153973918,1,8,15,0.375
conservative,1,positive_gain0_fpr01,8,40,-0.0008931742855853598,-0.00030686836185058006,4,10,15,0.375
conservative,1,positive_tstr_gain0,8,40,-0.0008931742855853598,-0.00030686836185058006,4,10,15,0.375
conservative,2,reference_only,8,40,0.0,0.0,0,0,0,0.0
conservative,2,validation_best,8,40,-0.012555802738841087,-0.008663568092166412,6,28,40,1.0
conservative,2,gain0_fpr0,8,40,-0.004009999742960683,-0.0020542562539391396,5,10,12,0.3
conservative,2,gain005_fpr0,8,40,-0.0019667908230037827,0.0,3,6,8,0.2
conservative,2,gain01_fpr01,8,40,-0.0009074170663296553,0.0,2,7,12,0.3
conservative,2,positive_gain0_fpr01,8,40,-0.0038213170581991992,-0.0014112651231255899,4,9,13,0.325
conservative,2,positive_tstr_gain0,8,40,-0.0038213170581991992,-0.0014112651231255899,4,9,13,0.325
conservative,3,reference_only,8,40,0.0,0.0,0,0,0,0.0
conservative,3,validation_best,8,40,-0.010384241824409722,-0.00323275391494455,5,27,40,1.0
conservative,3,gain0_fpr0,8,40,-0.0031145186807655673,-0.00064299113081355,4,11,15,0.375
conservative,3,gain005_fpr0,8,40,-0.0010713097608086683,0.0,2,7,11,0.275
conservative,3,gain01_fpr01,8,40,-0.0007302499897924328,0.0,2,9,15,0.375
conservative,3,positive_gain0_fpr01,8,40,-0.003898034148661844,-0.00171813348497617,5,13,18,0.45
conservative,3,positive_tstr_gain0,8,40,-0.003898034148661844,-0.00171813348497617,5,13,18,0.45
conservative,5,reference_only,8,40,0.0,0.0,0,0,0,0.0
conservative,5,validation_best,8,40,-0.011597841100948872,-0.008003854074082621,5,28,40,1.0
conservative,5,gain0_fpr0,8,40,-0.0033341329820560477,-0.0014112651231255899,4,11,15,0.375
conservative,5,gain005_fpr0,8,40,-0.0012909240620991482,0.0,2,7,11,0.275
conservative,5,gain01_fpr01,8,40,6.785044379683234e-05,0.00064620153973918,1,7,12,0.3
conservative,5,positive_gain0_fpr01,8,40,-0.0033466306885718295,-0.00030686836185058006,4,10,13,0.325
conservative,5,positive_tstr_gain0,8,40,-0.0033466306885718295,-0.00030686836185058006,4,10,13,0.325
conservative,6,reference_only,8,40,0.0,0.0,0,0,0,0.0
conservative,6,validation_best,8,40,-0.010405066061164356,-0.00323275391494455,5,27,40,1.0
conservative,6,gain0_fpr0,8,40,-0.0031213263031910805,-0.00064299113081355,4,11,15,0.375
conservative,6,gain005_fpr0,8,40,-0.0014516718448025357,0.0,3,8,12,0.3
conservative,6,gain01_fpr01,8,40,-0.00041870804783171017,0.00064620153973918,2,10,17,0.425
conservative,6,positive_gain0_fpr01,8,40,-0.0035244796870934894,-0.00030686836185058006,4,12,17,0.425
conservative,6,positive_tstr_gain0,8,40,-0.0035244796870934894,-0.00030686836185058006,4,12,17,0.425
conservative,7,reference_only,8,40,0.0,0.0,0,0,0,0.0
conservative,7,validation_best,8,40,-0.006573880833028629,-0.00323275391494455,5,26,40,1.0
conservative,7,gain0_fpr0,8,40,-0.003494880764759435,-0.0020542562539391396,5,12,16,0.4
conservative,7,gain005_fpr0,8,40,-0.0014516718448025357,0.0,3,8,12,0.3
conservative,7,gain01_fpr01,8,40,-0.00041870804783171017,0.00064620153973918,2,10,17,0.425
conservative,7,positive_gain0_fpr01,8,40,-0.0038980341486618444,-0.00171813348497617,5,13,18,0.45
conservative,7,positive_tstr_gain0,8,40,-0.0038980341486618444,-0.00171813348497617,5,13,18,0.45
conservative,9,reference_only,8,40,0.0,0.0,0,0,0,0.0
conservative,9,validation_best,8,40,-0.01176276960546982,-0.008663568092166412,5,28,40,1.0
conservative,9,gain0_fpr0,8,40,-0.003142064483978038,-0.00064299113081355,4,10,14,0.35
conservative,9,gain005_fpr0,8,40,-0.0014516718448025357,0.0,3,8,12,0.3
conservative,9,gain01_fpr01,8,40,-0.00041870804783171017,0.00064620153973918,2,10,17,0.425
conservative,9,positive_gain0_fpr01,8,40,-0.003545217867880447,-0.00030686836185058006,4,11,16,0.4
conservative,9,positive_tstr_gain0,8,40,-0.003545217867880447,-0.00030686836185058006,4,11,16,0.4
conservative,10,reference_only,8,40,0.0,0.0,0,0,0,0.0
conservative,10,validation_best,8,40,-0.012654069497422775,-0.008663568092166412,6,29,40,1.0
conservative,10,gain0_fpr0,8,40,-0.00446192707285055,-0.0020542562539391396,5,12,15,0.375
conservative,10,gain005_fpr0,8,40,-0.0024187181528936507,0.0,3,8,11,0.275
conservative,10,gain01_fpr01,8,40,-0.0013857543559228252,0.0,2,10,16,0.4
conservative,10,positive_gain0_fpr01,8,40,-0.003993788863652872,-0.00171813348497617,5,13,17,0.425
conservative,10,positive_tstr_gain0,8,40,-0.003993788863652872,-0.00171813348497617,5,13,17,0.425
mean_only,0,reference_only,8,40,0.0,0.0,0,0,0,0.0
mean_only,0,validation_best,8,40,-0.01222816848601092,-0.008663568092166412,6,28,40,1.0
mean_only,0,gain0_fpr0,8,40,-0.0036564311496942296,-0.0020542562539391396,5,11,14,0.35
mean_only,0,gain005_fpr0,8,40,-0.0016132222297373306,0.0,3,7,10,0.25
mean_only,0,gain01_fpr01,8,40,-0.0005802584327665053,0.0,2,9,15,0.375
mean_only,0,positive_gain0_fpr01,8,40,-0.00426359644098787,-0.00171813348497617,5,13,17,0.425
mean_only,0,positive_tstr_gain0,8,40,-0.00426359644098787,-0.00171813348497617,5,13,17,0.425
mean_only,1,reference_only,8,40,0.0,0.0,0,0,0,0.0
mean_only,1,validation_best,8,40,-0.008513356593323144,-0.00323275391494455,5,27,40,1.0
mean_only,1,gain0_fpr0,8,40,0.0003762350621801499,-0.00064299113081355,4,8,12,0.3
mean_only,1,gain005_fpr0,8,40,0.0011026058045299023,0.0,2,5,9,0.225
mean_only,1,gain01_fpr01,8,40,0.001442289161856035,0.00064620153973918,1,8,15,0.375
mean_only,1,positive_gain0_fpr01,8,40,-0.0008931742855853598,-0.00030686836185058006,4,10,15,0.375
mean_only,1,positive_tstr_gain0,8,40,-0.0008931742855853598,-0.00030686836185058006,4,10,15,0.375
mean_only,2,reference_only,8,40,0.0,0.0,0,0,0,0.0
mean_only,2,validation_best,8,40,-0.012555802738841087,-0.008663568092166412,6,28,40,1.0
mean_only,2,gain0_fpr0,8,40,-0.004009999742960683,-0.0020542562539391396,5,10,12,0.3
mean_only,2,gain005_fpr0,8,40,-0.0019667908230037827,0.0,3,6,8,0.2
mean_only,2,gain01_fpr01,8,40,-0.0009074170663296553,0.0,2,7,12,0.3
mean_only,2,positive_gain0_fpr01,8,40,-0.0038213170581991992,-0.0014112651231255899,4,9,13,0.325
mean_only,2,positive_tstr_gain0,8,40,-0.0038213170581991992,-0.0014112651231255899,4,9,13,0.325
mean_only,3,reference_only,8,40,0.0,0.0,0,0,0,0.0
mean_only,3,validation_best,8,40,-0.010384241824409722,-0.00323275391494455,5,27,40,1.0
mean_only,3,gain0_fpr0,8,40,-0.0031145186807655673,-0.00064299113081355,4,11,15,0.375
mean_only,3,gain005_fpr0,8,40,-0.0010713097608086683,0.0,2,7,11,0.275
mean_only,3,gain01_fpr01,8,40,-0.0007302499897924328,0.0,2,9,15,0.375
mean_only,3,positive_gain0_fpr01,8,40,-0.003898034148661844,-0.00171813348497617,5,13,18,0.45
mean_only,3,positive_tstr_gain0,8,40,-0.003898034148661844,-0.00171813348497617,5,13,18,0.45
mean_only,5,reference_only,8,40,0.0,0.0,0,0,0,0.0
mean_only,5,validation_best,8,40,-0.011597841100948872,-0.008003854074082621,5,28,40,1.0
mean_only,5,gain0_fpr0,8,40,-0.0033341329820560477,-0.0014112651231255899,4,11,15,0.375
mean_only,5,gain005_fpr0,8,40,-0.0012909240620991482,0.0,2,7,11,0.275
mean_only,5,gain01_fpr01,8,40,6.785044379683234e-05,0.00064620153973918,1,7,12,0.3
mean_only,5,positive_gain0_fpr01,8,40,-0.0033466306885718295,-0.00030686836185058006,4,10,13,0.325
mean_only,5,positive_tstr_gain0,8,40,-0.0033466306885718295,-0.00030686836185058006,4,10,13,0.325
mean_only,6,reference_only,8,40,0.0,0.0,0,0,0,0.0
mean_only,6,validation_best,8,40,-0.010405066061164356,-0.00323275391494455,5,27,40,1.0
mean_only,6,gain0_fpr0,8,40,-0.0031213263031910805,-0.00064299113081355,4,11,15,0.375
mean_only,6,gain005_fpr0,8,40,-0.0014516718448025357,0.0,3,8,12,0.3
mean_only,6,gain01_fpr01,8,40,-0.00041870804783171017,0.00064620153973918,2,10,17,0.425
mean_only,6,positive_gain0_fpr01,8,40,-0.0035244796870934894,-0.00030686836185058006,4,12,17,0.425
mean_only,6,positive_tstr_gain0,8,40,-0.0035244796870934894,-0.00030686836185058006,4,12,17,0.425
mean_only,7,reference_only,8,40,0.0,0.0,0,0,0,0.0
mean_only,7,validation_best,8,40,-0.006573880833028629,-0.00323275391494455,5,26,40,1.0
mean_only,7,gain0_fpr0,8,40,-0.003494880764759435,-0.0020542562539391396,5,12,16,0.4
mean_only,7,gain005_fpr0,8,40,-0.0014516718448025357,0.0,3,8,12,0.3
mean_only,7,gain01_fpr01,8,40,-0.00041870804783171017,0.00064620153973918,2,10,17,0.425
mean_only,7,positive_gain0_fpr01,8,40,-0.0038980341486618444,-0.00171813348497617,5,13,18,0.45
mean_only,7,positive_tstr_gain0,8,40,-0.0038980341486618444,-0.00171813348497617,5,13,18,0.45
mean_only,9,reference_only,8,40,0.0,0.0,0,0,0,0.0
mean_only,9,validation_best,8,40,-0.01176276960546982,-0.008663568092166412,5,28,40,1.0
mean_only,9,gain0_fpr0,8,40,-0.003142064483978038,-0.00064299113081355,4,10,14,0.35
mean_only,9,gain005_fpr0,8,40,-0.0014516718448025357,0.0,3,8,12,0.3
mean_only,9,gain01_fpr01,8,40,-0.00041870804783171017,0.00064620153973918,2,10,17,0.425
mean_only,9,positive_gain0_fpr01,8,40,-0.003545217867880447,-0.00030686836185058006,4,11,16,0.4
mean_only,9,positive_tstr_gain0,8,40,-0.003545217867880447,-0.00030686836185058006,4,11,16,0.4
mean_only,10,reference_only,8,40,0.0,0.0,0,0,0,0.0
mean_only,10,validation_best,8,40,-0.012654069497422775,-0.008663568092166412,6,29,40,1.0
mean_only,10,gain0_fpr0,8,40,-0.00446192707285055,-0.0020542562539391396,5,12,15,0.375
mean_only,10,gain005_fpr0,8,40,-0.0024187181528936507,0.0,3,8,11,0.275
mean_only,10,gain01_fpr01,8,40,-0.0013857543559228252,0.0,2,10,16,0.4
mean_only,10,positive_gain0_fpr01,8,40,-0.003993788863652872,-0.00171813348497617,5,13,17,0.425
mean_only,10,positive_tstr_gain0,8,40,-0.003993788863652872,-0.00171813348497617,5,13,17,0.425
