task_id,seed,grid,mode,n_pos_fit,n_pos_hold,pool_size,n_cont,n_bin,best_step,steps_run,fit_seconds,loss_cont_model,loss_cont_zero,loss_cont_gauss,loss_bin_model,loss_bin_marginal,loss_bin_copy,bin_rate_fit_mean,bin_rate_syn_mean,bin_rate_abs_err,c2st_hold,ks_hold,corr_err_hold,dcr_ratio,mem_p05,tstr_internal_syn,tstr_internal_real,n_const_syn
0,42,A,conditional_mixed,121,30,151,84,85,2750,4750,112.6,0.13449173579140314,0.986730484735398,0.24735931517585877,0.05372130430723522,0.15622696528832117,1.2026718784781063,0.07622751593589783,0.07682119205298014,0.01206927135874081,0.8533333333333333,0.07736327181054639,0.7081859371668683,1.6037335115521507,0.0,0.5267739235125738,0.6437349059113697,16
0,43,A,conditional_mixed,121,30,151,95,74,3250,5250,142.4,0.11840562184651693,0.9870498282449287,0.24164605927049068,0.022498598565590812,0.16574768500553594,1.0754212669961087,0.08711190521717072,0.0887775192410954,0.021794988141490668,0.85,0.06996486278197944,0.687117071227046,2.6273515983120865,0.0,0.4021833380658443,0.614476135638062,13
0,44,A,conditional_mixed,121,30,151,87,82,3000,5000,124.2,0.1222293086435603,0.986462437421426,0.24019427829318576,0.024126109106814474,0.13575183560814313,1.1477053347157269,0.07841160893440247,0.07882409949927315,0.015650551964050033,0.9313333333333332,0.07139255717961779,0.8426218290601721,1.9606629883466675,0.0,0.3439697250733768,0.591760357368277,8
0,45,A,conditional_mixed,121,30,151,93,76,2500,4500,122.1,0.14548934061467433,0.9884765843764001,0.251138190812962,0.08534589790526712,0.19736970578761479,1.1010883016544475,0.0844932571053505,0.08286859532938308,0.018942874684652628,0.8282222222222224,0.06609454393458468,0.8245543935088411,2.3454920150505294,0.0,0.33970781281641316,0.6587222345726019,19
0,46,A,conditional_mixed,121,30,151,91,78,2750,4750,112.0,0.12929371075752455,0.989189690111321,0.24099510388496595,0.01892532166252788,0.14499993596830937,1.1743758351374896,0.0825386717915535,0.0836304975377823,0.021966995201223034,0.8084444444444443,0.06548845957913713,0.6971194486115438,1.93937519999407,0.0,0.44917138160340336,0.5692579791097374,17
0,42,A,positive_only,121,30,151,112,57,2500,4500,118.7,0.1876211541039603,0.9911050796508789,0.24536754517328171,0.07691765939326663,0.24728171679882976,1.117293597661961,0.11309264600276947,0.09887301034042058,0.047550187540423776,0.9617777777777778,0.11704089763182987,0.858425118723913,2.376589034970967,0.0,0.42665780254377333,0.5910472625057299,43
0,43,A,positive_only,121,30,151,110,59,2750,4750,125.4,0.20406798854018704,0.9902558852687027,0.23867649656353576,0.06376332998023194,0.17542931972082051,1.0573331834906239,0.10911893099546432,0.1007969469076215,0.0287062287183648,0.9293333333333333,0.08778557153493476,0.7922934837534208,2.471011643988926,0.0,0.5399462217963009,0.5967634168256215,25
0,44,A,positive_only,121,30,151,111,58,2500,4500,106.5,0.20589667998992645,0.9904028631903388,0.24433145150766,0.05286281778552066,0.16101679882441444,0.986263751127254,0.11142776161432266,0.09796757250513816,0.02944934474717767,0.9491111111111111,0.09161670389383073,0.8456216825860426,4.252247336044932,0.0,0.4329955529203036,0.6382743514628803,29
0,45,A,positive_only,121,30,151,113,56,3000,5000,119.6,0.2081376945022988,0.9904655073947963,0.24455816218283324,0.05228575332910709,0.19911397691993488,1.1425576926696868,0.11525975167751312,0.10938978240302744,0.029904922573208675,0.8573333333333334,0.0861214519900205,0.9241728546042877,2.4520842246993264,0.0,0.4992461757798276,0.6979389790479131,25
0,46,A,positive_only,121,30,151,109,60,2750,4750,117.1,0.16245375233688122,0.9902399558904339,0.229634892174957,0.030384327595432598,0.17038145516481665,1.0156457291709051,0.10771350562572479,0.09172185430463577,0.034678816109912164,0.9600000000000002,0.09652677090272606,0.8454574784366717,4.596774688336394,0.0,0.5735792616054552,0.7526939363553181,34
0,42,B,positive_only,121,30,302,112,57,2500,4500,118.7,0.1876211541039603,0.9911050796508789,0.24536754517328171,0.07691765939326663,0.24728171679882976,1.117293597661961,0.11309264600276947,0.1003253166027652,0.04819592368734157,0.5171111111111111,0.0464634194129864,1.6048247907627764,3.2868765631569152,0.0,0.6163797625327951,0.5910472625057299,0
0,43,B,positive_only,121,30,302,110,59,2750,4750,125.4,0.20406798854018704,0.9902558852687027,0.23867649656353576,0.06376332998023194,0.17542931972082051,1.0573331834906239,0.10911893099546432,0.10062857784263105,0.02662967691681581,0.5535555555555556,0.04684614078399101,1.342530633442534,3.3073920609455976,0.0,0.6426299658817244,0.5967634168256215,0
0,44,B,positive_only,121,30,302,111,58,2500,4500,106.5,0.20589667998992645,0.9904028631903388,0.24433145150766,0.05286281778552066,0.16101679882441444,0.986263751127254,0.11142776161432266,0.09711121260561771,0.02870527885738972,0.6182222222222223,0.045748919106025576,1.5169701788480372,4.811877317623279,0.0,0.5836395502849049,0.6382743514628803,0
0,45,B,positive_only,121,30,302,113,56,3000,5000,119.6,0.2081376945022988,0.9904655073947963,0.24455816218283324,0.05228575332910709,0.19911397691993488,1.1425576926696868,0.11525975167751312,0.10779328287606434,0.02967768920818564,0.5328888888888889,0.04524080097182492,1.4510626000271378,3.190715321950675,0.0,0.6264685145595995,0.6979389790479131,0
0,46,B,positive_only,121,30,302,109,60,2750,4750,117.1,0.16245375233688122,0.9902399558904339,0.229634892174957,0.030384327595432598,0.17038145516481665,1.0156457291709051,0.10771350562572479,0.09199779249448123,0.03302364307856619,0.5920000000000001,0.046296223728725,1.5073550745793427,4.939007718574811,0.0,0.7837480801408965,0.7526939363553181,0
1,42,A,conditional_mixed,467,117,584,200,99,14250,16250,414.9,0.07662091507870927,0.9988841730101495,0.2208650403145032,0.014647446749026754,0.14846781153737762,1.2151626460778429,0.06705167889595032,0.06745537567455376,0.0055276151207589224,0.7851851851851853,0.02141906303609698,0.5312357821252481,1.1458051967236,0.0,0.24467741303650498,0.40826105405735696,14
1,43,A,conditional_mixed,467,117,584,196,103,10250,12250,323.8,0.0578597977214223,0.9993932255895146,0.21801936670100733,0.015924532999241365,0.14807212160846603,1.239897957303971,0.06451009213924408,0.06476925123021679,0.007126770685817679,0.8233910439038643,0.02105993556948796,0.5134858782623596,1.4557865898360638,0.0,0.26471869534815323,0.3490163646133903,20
1,44,A,conditional_mixed,467,117,584,198,101,17500,19500,518.0,0.06202642359614609,0.998929284329675,0.21863182902408163,0.014817731651525827,0.1292849321943194,1.1498149482189242,0.06568151712417603,0.06617048691170486,0.007721289959111539,0.8269121192198116,0.018809331655806203,0.5012063392207677,0.9529188536333675,0.0,0.24365910177407124,0.44371287760144756,20
1,45,A,conditional_mixed,467,117,584,197,102,18500,20500,532.4,0.0653484439978119,0.9993324768021389,0.22249836995961728,0.015425671235998011,0.14606041286545862,1.2078909832407967,0.07507243007421494,0.07490598979317753,0.0029757435573902844,0.8204835999707795,0.020617891116585393,0.49114971211555536,1.0364223368945609,0.0,0.25525708163879796,0.34710269492177076,15
1,46,A,conditional_mixed,467,117,584,193,106,15500,17500,449.3,0.06540003148496143,1.0001254814265865,0.22383497912290062,0.01602206393292961,0.1411048385755148,1.2226442601714975,0.06270453333854675,0.06293615921426725,0.0064161646415273185,0.7849222003068157,0.025511265941696143,0.5153861578051305,1.087590925291415,0.003424657534246575,0.21592500627514577,0.34042101027029725,17
1,42,A,positive_only,467,117,584,228,71,4500,6500,174.4,0.08358460971307748,0.9996110644721613,0.21777086119223507,0.025914640016643037,0.20344452951536204,1.1983222732966423,0.09376603364944458,0.09256222265097433,0.011035708062057498,0.9000803564906128,0.028065833541849487,0.5508342210097619,2.5417304458577483,0.0,0.26296902812257844,0.36602393712601416,26
1,43,A,positive_only,467,117,584,230,69,4750,6750,169.9,0.08614337174079978,0.9996887864786557,0.21798909732020508,0.02997225455254054,0.20794679532924668,1.201239007859813,0.09642180055379868,0.09561743101052214,0.014281734189616561,0.8817298560888304,0.027152082479200267,0.5728224249424141,2.5397909976280095,0.0,0.24249788250995524,0.3857885824667952,25
1,44,A,positive_only,467,117,584,230,69,4000,6000,148.1,0.08587888606371644,0.9996887864786557,0.21486154341511637,0.028764630846562004,0.20541670994880873,1.2323190535988695,0.09620457887649536,0.09487294024220767,0.01862922110290655,0.8692965154503618,0.024719491933263865,0.5614657677179855,2.187041975665977,0.0,0.22020994201167748,0.3794383073457994,25
1,45,A,positive_only,467,117,584,228,71,5000,7000,186.4,0.08484704284622209,0.9996110644721613,0.21637220979005004,0.023075155093162745,0.18872972342373018,1.1921045050317376,0.0934644266963005,0.09343044568782558,0.012802623528947637,0.8531375557016583,0.02440446612229267,0.6331411543149095,2.257661043026873,0.0,0.2898165921378668,0.41820904719870916,23
1,46,A,positive_only,467,117,584,227,72,3750,5750,154.6,0.08265970194841114,0.9998043951820711,0.2160682151096674,0.034078440902239916,0.21129531532893947,1.2020455975817819,0.09246371686458588,0.0899923896499239,0.019199022843220375,0.9188983855650523,0.0322295486770678,0.6715240296674477,2.993497341561445,0.0,0.2221088979890537,0.36223412604413424,30
1,42,B,positive_only,467,117,1168,228,71,4500,6500,174.4,0.08358460971307748,0.9996110644721613,0.21777086119223507,0.025914640016643037,0.20344452951536204,1.1983222732966423,0.09376603364944458,0.09263457457071193,0.012435027761138674,0.7457666739718022,0.011120518811681133,1.4602147503789218,3.7398832610183,0.0,0.3460223992548779,0.36602393712601416,0
1,43,B,positive_only,467,117,1168,230,69,4750,6750,169.9,0.08614337174079978,0.9996887864786557,0.21798909732020508,0.02997225455254054,0.20794679532924668,1.201239007859813,0.09642180055379868,0.09529481834425253,0.01293086332296932,0.7212944700124188,0.012983312050980536,1.4536252083918582,3.7512802523221516,0.0,0.34789078614495766,0.3857885824667952,0
1,44,B,positive_only,467,117,1168,230,69,4000,6000,148.1,0.08587888606371644,0.9996887864786557,0.21486154341511637,0.028764630846562004,0.20541670994880873,1.2323190535988695,0.09620457887649536,0.09458755211435378,0.01649344662240994,0.7671268902038133,0.011497707888645717,1.4593240966836505,3.3972278370254565,0.0,0.31822518037152187,0.3794383073457994,0
1,45,B,positive_only,467,117,1168,228,71,5000,7000,186.4,0.08484704284622209,0.9996110644721613,0.21637220979005004,0.023075155093162745,0.18872972342373018,1.1921045050317376,0.0934644266963005,0.09330985915492956,0.013271645683246805,0.7292278471765651,0.014169553587476343,1.3681607099544708,3.4117453767962025,0.0,0.3883730390055252,0.41820904719870916,0
1,46,B,positive_only,467,117,1168,227,72,3750,5750,154.6,0.08265970194841114,0.9998043951820711,0.2160682151096674,0.034078440902239916,0.21129531532893947,1.2020455975817819,0.09246371686458588,0.08936215753424658,0.01949564010065043,0.7810212579443349,0.013047188477847752,1.6175535502952496,4.696196477139119,0.0,0.3287829942380452,0.36223412604413424,0
2,42,A,conditional_mixed,1413,353,1766,210,145,8750,10750,296.3,0.05179179557080888,1.0011483995598949,0.2157149858936581,0.013461459820724924,0.09849729907807282,1.1948289262883958,0.049222733825445175,0.04879915648064982,0.0038681867831487663,0.9163912718984986,0.015611829198347686,0.47576650071224363,2.9186679641648756,0.0,0.04986609602522801,0.18151802120649801,25
2,43,A,conditional_mixed,1413,353,1766,212,143,10500,12500,341.3,0.04638913859216946,1.0007823618061495,0.21519405375796744,0.011699703285519792,0.0896659360549447,1.1708990004208173,0.04938656464219093,0.04886393334864456,0.0037534807382007297,0.9125456427705864,0.013947963250389316,0.49556503038919647,2.5988409614890835,0.0,0.048467581358374735,0.18810272003208647,23
2,44,A,conditional_mixed,1413,353,1766,214,141,15250,17250,463.7,0.04044116518286702,1.0008981448234096,0.21608455363355403,0.011770673633721097,0.10213203729845609,1.190639688450703,0.050092101097106934,0.04964137410343526,0.0034505113425768166,0.8862088613182033,0.013606707699089797,0.4546421388496633,2.26363337733524,0.0,0.04581416820895611,0.18482977066348844,25
2,45,A,conditional_mixed,1413,353,1766,213,142,25750,27750,712.1,0.036347287485276686,1.0007895987528095,0.21537235931078683,0.013560081657425192,0.08893343985463609,1.2002928470169723,0.050342392176389694,0.05004147193466576,0.002723233611989013,0.8350873532409377,0.01117345557598024,0.46780261896062925,1.8164195517550683,0.0,0.07104840954273493,0.20233690823514155,23
2,46,A,conditional_mixed,1413,353,1766,209,146,18000,20000,512.6,0.04099527070981746,1.0012123871811336,0.21604930705453596,0.010264673186401405,0.0991327779535189,1.2450940238244737,0.04898253455758095,0.04837571169270389,0.0037261492308838474,0.8999831472847065,0.013681246927052998,0.48191038706354017,2.4368408417357905,0.0,0.04781343425670723,0.20113972713378256,28
2,42,A,positive_only,1413,353,1766,260,95,10250,12250,338.3,0.04075990312368061,1.0016021455859119,0.21359537157468947,0.017621941154646912,0.13773373151938145,1.156172091903675,0.0857376977801323,0.08458604041246946,0.006635423171450793,0.9032557840926418,0.01658851178608615,0.5100991594626854,2.172128310573443,0.0,0.06887600787681226,0.22403382547633394,30
2,43,A,positive_only,1413,353,1766,263,92,16750,18750,508.9,0.03855975134246182,1.0019806318768243,0.21347521713497292,0.01545083330636072,0.139388658977198,1.160655663010228,0.07774854451417923,0.07689324929834063,0.006132834440136415,0.8604819876573924,0.013104033328650533,0.4849607990582962,1.16633092655816,0.0,0.07856290152781524,0.2029084394502245,23
2,44,A,positive_only,1413,353,1766,261,94,12750,14750,407.2,0.04191656877510806,1.0014950681860735,0.21095083150428592,0.020998761082103676,0.15647242961787206,1.2014879900711757,0.07604914158582687,0.07541986940073732,0.005771567826327269,0.8886854079560866,0.015384574021822882,0.44639358504982835,2.030229990629668,0.0,0.07557632244178997,0.20520715082467017,26
2,45,A,positive_only,1413,353,1766,261,94,15250,17250,447.2,0.042052855980260026,1.0014950681860735,0.21266149854778554,0.0198069149525556,0.15867423762623306,1.2157601392202313,0.07604914903640747,0.07557649213271969,0.005054048228274779,0.8783378407659159,0.01350568481356766,0.5026704553513739,1.4877970966908036,0.0,0.0808358727442692,0.1910037667263607,27
2,46,A,positive_only,1413,353,1766,263,92,9500,11500,287.2,0.057238255289398854,1.0019806318768243,0.21527432203280006,0.024510316494753655,0.14738839664311226,1.161903888078904,0.08859502524137497,0.0871103944064208,0.008390174261501638,0.9004036626567904,0.017936968714264742,0.4997110970584373,2.103326127191797,0.0,0.06721451901445447,0.20480748299609403,31
2,42,B,positive_only,1413,353,3532,260,95,10250,12250,338.3,0.04075990312368061,1.0016021455859119,0.21359537157468947,0.017621941154646912,0.13773373151938145,1.156172091903675,0.0857376977801323,0.08460690230672946,0.006663827556224422,0.8166809780994952,0.006294118436489085,1.490174754515643,3.2090771672554657,0.0,0.06463987086317902,0.22403382547633394,0
2,43,B,positive_only,1413,353,3532,263,92,16750,18750,508.9,0.03855975134246182,1.0019806318768243,0.21347521713497292,0.01545083330636072,0.139388658977198,1.160655663010228,0.07774854451417923,0.07718560736619233,0.004358150133935873,0.730053206429712,0.006297539035153499,1.23114475481096,2.156057693646551,0.0,0.09453810119561593,0.2029084394502245,0
2,44,B,positive_only,1413,353,3532,261,94,12750,14750,407.2,0.04191656877510806,1.0014950681860735,0.21095083150428592,0.020998761082103676,0.15647242961787206,1.2014879900711757,0.07604914158582687,0.07537468976651165,0.0055361418752151205,0.7877344333073856,0.006088548138419384,1.4233331717331612,2.700432418481905,0.0,0.07506120976399495,0.20520715082467017,0
2,45,B,positive_only,1413,353,3532,261,94,15250,17250,447.2,0.042052855980260026,1.0014950681860735,0.21266149854778554,0.0198069149525556,0.15867423762623306,1.2157601392202313,0.07604914903640747,0.07560962386448519,0.004867278107301472,0.7702027943406977,0.006767173224041665,1.3176900976807737,2.3894252268796774,0.0,0.0688661389307624,0.1910037667263607,0
2,46,B,positive_only,1413,353,3532,263,92,9500,11500,287.2,0.057238255289398854,1.0019806318768243,0.21527432203280006,0.024510316494753655,0.14738839664311226,1.161903888078904,0.08859502524137497,0.08745199172780539,0.007464405323539164,0.8668362638332704,0.006872267390140605,1.5956658790261184,3.243749490131495,0.0,0.06438148971807799,0.20480748299609403,0
3,42,A,conditional_mixed,306,77,383,158,99,7250,9250,252.2,0.055372196456505325,0.9949079542083213,0.22897445475527983,0.02157523562010389,0.1828855090014315,1.289561259907624,0.07093814760446548,0.07070707070707072,0.007863322357316835,0.8626749873503121,0.02666987897250721,0.5068720252619098,1.7434202188631533,0.0,0.14709402941222569,0.305762226390532,6
3,43,A,conditional_mixed,306,77,383,164,93,9500,11500,289.4,0.049315090076735325,0.9964839052013631,0.22959802994291578,0.02644910605726021,0.17365692148260556,1.177306448908895,0.07554993778467178,0.07540919172351834,0.010012281486204118,0.8430089391128351,0.029470970962980594,0.541613609513766,1.0148554708831923,0.0,0.16155051327034253,0.32878842653261847,11
3,44,A,conditional_mixed,306,77,383,165,92,7500,9500,221.3,0.051778601324028124,0.9965129013091548,0.2319992335656176,0.021556547181896406,0.17162156830326708,1.2237522509190943,0.06539500504732132,0.06561471222613235,0.008039998400379457,0.8208129532804858,0.032373129202380155,0.6469540328042673,1.6862985959553576,0.0,0.12381156563140853,0.2876548822535969,14
3,45,A,conditional_mixed,306,77,383,170,87,7000,9000,222.2,0.06996550825918968,0.9955950988349885,0.23365285711674585,0.03507718358231687,0.20924142704630702,1.2515269031914726,0.06919090449810028,0.06821523963866631,0.0089911701657673,0.8570079271377973,0.0376888708511876,0.5675888069068111,1.3361754864509814,0.0,0.19182746380472646,0.25160069058730905,15
3,46,A,conditional_mixed,306,77,383,170,87,11250,13250,358.4,0.11878702675139659,0.9955950988349885,0.23650817404820593,0.026860589959235633,0.17403598120184438,1.218668870702397,0.08079784363508224,0.08039974790672548,0.008550908812533443,0.8169337156350143,0.03053625672516063,0.5595880608088496,1.161850061224445,0.020887728459530026,0.13729679462419572,0.23457990389385466,6
3,42,A,positive_only,306,77,383,186,71,3250,5250,129.4,0.0798509787154787,0.9968834567912347,0.22475223783640336,0.03340727582680191,0.22953260810584108,1.2273491028568875,0.08482923358678818,0.07766704666642152,0.027153878892342324,0.9327711249789171,0.0497491353624076,0.6238975516710544,2.766402459110529,0.0,0.1664008384727666,0.29382684792751435,26
3,43,A,positive_only,306,77,383,186,71,4250,6250,153.2,0.08470302806055724,0.9968834567912347,0.22688655483041822,0.047065055627087606,0.22654020853881668,1.2249594984618013,0.08487527072429657,0.08237414040378037,0.018071499894296503,0.9186034744476302,0.03775866725547212,0.533433562122603,2.571032971048726,0.0,0.2362464283330693,0.34399406305070424,16
3,44,A,positive_only,306,77,383,186,71,3250,5250,141.8,0.08257796734076209,0.9968834567912347,0.2262624168742254,0.045895853812545837,0.22702604853869227,1.223165199136045,0.08492130041122437,0.0769683374397823,0.019063802874521973,0.9281497723056165,0.046435851233120384,0.6164387684965384,2.851335471192435,0.0,0.15463973557585797,0.3118800460577683,28
3,45,A,positive_only,306,77,383,186,71,3250,5250,142.4,0.07682885419155462,0.9968834567912347,0.22522924705817535,0.040595807599829475,0.22850364980868584,1.2458988162309874,0.08482924103736877,0.07671091825102049,0.022214843840890206,0.9330747174903019,0.04169879962059256,0.5981496291528166,2.485192560366726,0.0,0.15893818649311475,0.32780636165118154,24
3,46,A,positive_only,306,77,383,186,71,3500,5500,131.4,0.082557949369271,0.9968834567912347,0.223860368967023,0.04309331713738685,0.22418729692441314,1.2409815257093206,0.08478321135044098,0.07847607840253003,0.01817797664890619,0.9393152302243211,0.042206637730405644,0.5523565995022133,2.612461236549707,0.005221932114882507,0.1432961527169813,0.30939958743450263,18
3,42,B,positive_only,306,77,766,186,71,3250,5250,129.4,0.0798509787154787,0.9968834567912347,0.22475223783640336,0.03340727582680191,0.22953260810584108,1.2273491028568875,0.08482923358678818,0.07772220792115618,0.027231153481008477,0.7256198347107439,0.017646219838618575,1.2479600136960194,4.248530521715007,0.0,0.22802168356764635,0.29382684792751435,0
3,43,B,positive_only,306,77,766,186,71,4250,6250,153.2,0.08470302806055724,0.9968834567912347,0.22688655483041822,0.047065055627087606,0.22654020853881668,1.2249594984618013,0.08487527072429657,0.08226381789431102,0.018805301158121086,0.703727441389779,0.020158494572043148,0.9886652011144452,4.228767993975495,0.0,0.28861628128046724,0.34399406305070424,0
3,44,B,positive_only,306,77,766,186,71,3250,5250,141.8,0.08257796734076209,0.9968834567912347,0.2262624168742254,0.045895853812545837,0.22702604853869227,1.223165199136045,0.08492130041122437,0.07645349906225865,0.019823321405093974,0.7339180300219261,0.02007392085721067,1.218772803229964,3.746053681331206,0.0,0.30830222076284125,0.3118800460577683,0
3,45,B,positive_only,306,77,766,186,71,3250,5250,142.4,0.07682885419155462,0.9968834567912347,0.22522924705817535,0.040595807599829475,0.22850364980868584,1.2458988162309874,0.08482924103736877,0.07654543448681646,0.022815368677052892,0.7109799291617473,0.018444062667935225,1.2363046919262584,3.355857007990501,0.0,0.2621118749468229,0.32780636165118154,0
3,46,B,positive_only,306,77,766,186,71,3500,5500,131.4,0.082557949369271,0.9968834567912347,0.223860368967023,0.04309331713738685,0.22418729692441314,1.2409815257093206,0.08478321135044098,0.07864156216673408,0.020374211955814046,0.7612750885478159,0.022928976419238634,1.0701411351145371,3.52330024666858,0.0,0.18773822164843393,0.30939958743450263,0
4,42,A,conditional_mixed,135,34,169,151,49,5500,7500,183.0,0.08369244217733302,0.9935438737917559,0.2200184752609556,0.032039124005455145,0.2599518035067802,1.192313658089197,0.1439153552055359,0.14321941794469267,0.02008703680408273,0.6916955017301037,0.0580255830142708,0.7447517196418776,0.5808773171969966,0.029585798816568046,0.08536510635884947,0.18214821040292506,6
4,43,A,conditional_mixed,135,34,169,148,52,3750,5750,150.5,0.0837944209670414,0.9933455668875447,0.21247624062203072,0.033096213652794484,0.2024973019940686,1.099488575736322,0.13561254739761353,0.13404642694583524,0.022577925706871487,0.7967128027681661,0.048723459798120435,0.7971165573173765,1.0151712786764462,0.0,0.1012084294626333,0.27557456163515376,11
4,44,A,conditional_mixed,135,34,169,142,58,5250,7250,174.0,0.07129598394739993,0.994182457090313,0.2156429369783441,0.0215511480733586,0.1528177213898537,0.9539318866045432,0.12158365547657013,0.12068965517241378,0.013948021663918748,0.6178200692041522,0.05248607727114514,0.7497927242382086,0.9632237378797387,0.0,0.08637200397257466,0.2910188331754992,6
4,45,A,conditional_mixed,135,34,169,143,57,3000,5000,136.3,0.0923139422286052,0.9930625924942474,0.22416846598190127,0.02337471890514111,0.14851333609983033,0.9952151477029326,0.12371670454740524,0.1213536800581335,0.017852981975283733,0.7089965397923875,0.060368082144100235,0.7705685683318733,1.5142378803016865,0.0,0.08462577835522982,0.22435158739641417,13
4,46,A,conditional_mixed,135,34,169,146,54,4250,6250,151.8,0.06823517717150888,0.9927378000509921,0.22084112882037782,0.032924390844351455,0.31075110224791863,1.1265837305381667,0.1301783174276352,0.12930089853166774,0.013229600758620999,0.7505190311418686,0.056658545074834664,0.7959717627901578,0.8677591937594764,0.0,0.1153292658893575,0.3398694317677328,14
4,42,A,positive_only,135,34,169,160,40,3250,5250,124.2,0.1004396634943345,0.9960727691650391,0.21566656196818632,0.056649503804852855,0.23777040598147056,0.9917339857886819,0.1774074137210846,0.171301775147929,0.04721674390437534,0.8570934256055363,0.06796554124608423,0.9880772926577762,1.1740360702525985,0.0,0.056696386454090655,0.28269108712441426,20
4,43,A,positive_only,135,34,169,160,40,3500,5500,147.4,0.08963161005693324,0.9960727691650391,0.2104148303761202,0.06162891753346605,0.22928259088931716,0.9661638999686522,0.17777778208255768,0.17248520710059173,0.04347797691995642,0.8901384083044983,0.07030891054646711,0.8467929650606125,1.109312896860713,0.0,0.11116390044058956,0.2656200370758679,16
4,44,A,positive_only,135,34,169,163,37,3000,5000,120.2,0.13547218925726626,0.9952468238811293,0.21745929009042805,0.06544467362327966,0.24963855530196039,1.140067504869925,0.16576574742794037,0.15384615384615383,0.050234851518378684,0.8422145328719722,0.06719631047685347,0.9236411628520322,1.4639034061578509,0.0,0.10375127497079048,0.27088714878857073,19
4,45,A,positive_only,135,34,169,160,40,2750,4750,117.0,0.12059292021919699,0.9960727691650391,0.21938778232125675,0.09506181676817291,0.301796301980229,1.0453113464309889,0.1774074137210846,0.16538461538461538,0.05459785328684761,0.9122837370242213,0.08450226244343892,0.8772726852758521,1.7328333398036495,0.0,0.03947923940398455,0.24012180882452733,24
4,46,A,positive_only,135,34,169,159,41,3250,5250,136.9,0.10508298221183096,0.9969335422664054,0.21598922187559613,0.0663309767601779,0.23986796555850906,1.121958976924163,0.17308039963245392,0.1674123250108241,0.0382033637814199,0.8759515570934255,0.06806822137138879,0.8525646117469073,1.0935829429805721,0.005917159763313609,0.04686161148713043,0.12598692510282805,14
4,42,B,positive_only,135,34,338,160,40,3250,5250,124.2,0.1004396634943345,0.9960727691650391,0.21566656196818632,0.056649503804852855,0.23777040598147056,0.9917339857886819,0.1774074137210846,0.17115384615384616,0.045066841232270755,0.5190311418685121,0.027954229028889662,1.220523702829525,3.503674077481801,0.0,0.229448222668539,0.28269108712441426,0
4,43,B,positive_only,135,34,338,160,40,3500,5500,147.4,0.08963161005693324,0.9960727691650391,0.2104148303761202,0.06162891753346605,0.22928259088931716,0.9661638999686522,0.17777778208255768,0.17307692307692307,0.040728689181706565,0.5463667820069205,0.03279759832927254,1.0611923433424657,3.58342706167062,0.0,0.18551909035435418,0.2656200370758679,0
4,44,B,positive_only,135,34,338,163,37,3000,5000,120.2,0.13547218925726626,0.9952468238811293,0.21745929009042805,0.06544467362327966,0.24963855530196039,1.140067504869925,0.16576574742794037,0.15496561650407809,0.048155849439376605,0.5200692041522491,0.029391750783153498,1.3214226040504184,2.925752267444994,0.0,0.22266895885630347,0.27088714878857073,0
4,45,B,positive_only,135,34,338,160,40,2750,4750,117.0,0.12059292021919699,0.9960727691650391,0.21938778232125675,0.09506181676817291,0.301796301980229,1.0453113464309889,0.1774074137210846,0.16516272189349113,0.05058678569748844,0.5479238754325259,0.03583014270797076,1.2576709090077423,2.5951567568407783,0.0,0.2258318761007771,0.24012180882452733,0
4,46,B,positive_only,135,34,338,159,41,3250,5250,136.9,0.10508298221183096,0.9969335422664054,0.21598922187559613,0.0663309767601779,0.23986796555850906,1.121958976924163,0.17308039963245392,0.16676288064655795,0.039431161101897275,0.5916955017301039,0.03156369648451096,1.1311275299136885,2.617876334326658,0.0,0.1186732906919411,0.12598692510282805,0
5,42,A,conditional_mixed,584,146,730,81,76,11000,13000,332.8,0.07525178588991054,0.9959035635034827,0.2358901747870159,0.011315771266777758,0.11662279793532013,1.220146066521945,0.0796007513999939,0.07954217736121125,0.00459174334669852,0.7506380183899418,0.02580926620713725,0.6071987995342668,1.2047727291013277,0.0,0.1656573643764234,0.4056177214808427,9
5,43,A,conditional_mixed,584,146,730,76,81,13750,15750,401.1,0.07072580608431177,0.9964461213148319,0.24324251819877377,0.010684213611920554,0.1084423639257003,1.1573137415255788,0.0746237114071846,0.07464907830204635,0.004752240791121767,0.7305967348470632,0.03405462001570544,0.5106068764700239,0.9738426492063388,0.010958904109589041,0.17174883392811457,0.3661125543172624,14
5,44,A,conditional_mixed,584,146,730,84,73,9000,11000,194.3,0.08126093372362389,0.9950669419897668,0.23682338368713818,0.015777752270370156,0.12072379517161526,1.1379189172724349,0.082778200507164,0.08251079001688873,0.005699943078251556,0.7980296490898856,0.03252770264374836,0.4713716766454453,1.1132288472614047,0.0,0.1370751584652342,0.3009097650546969,17
5,45,A,conditional_mixed,584,146,730,76,81,11750,13750,236.5,0.0726915942565434,0.9964461213148319,0.2430907581552122,0.014245347556942069,0.10632310026735899,1.1546701802712254,0.07466599345207214,0.07441231185523423,0.006739386693701593,0.7500093826233816,0.03421167437396388,0.5579680496364638,0.9996114094322188,0.0,0.15247775480544798,0.3075442212536457,9
5,46,A,conditional_mixed,584,146,730,77,80,11500,13500,231.8,0.07923111901167045,0.9964024221911971,0.23929282817694666,0.022039060283146086,0.12558961210593786,1.2526528169847515,0.07551369816064835,0.07558219178082193,0.004820204433308889,0.7263933195721524,0.026603263240554925,0.4489889087909379,1.0748018433137287,0.0,0.18600852048958824,0.3317845676295419,11
5,42,A,positive_only,584,146,730,103,54,5000,7000,180.3,0.11144856776244971,0.9980027890931515,0.23083440489172222,0.027118258760369773,0.16684215355197649,1.1856667602927113,0.12890030443668365,0.12940131912734654,0.014719685848059539,0.844304747607431,0.04385306692260711,0.577076307887624,0.994073637074537,0.0,0.16672998060948532,0.3667608186695878,20
5,43,A,positive_only,584,146,730,102,55,4000,6000,157.4,0.08059612103056722,0.9981688551450653,0.2283240765805466,0.02256347351286509,0.17479382557411716,1.1239231746193779,0.12646324932575226,0.12684931506849315,0.02225404810053696,0.8438825295552637,0.04668004537125905,0.477002466107506,1.2325834918950527,0.0,0.16793048677180192,0.37320866350147797,22
5,44,A,positive_only,584,146,730,104,53,3500,5500,139.6,0.09813426995553759,0.9986449986287992,0.23899999483870255,0.019930046856688356,0.1733138402416035,1.1062789761333016,0.13139697909355164,0.13173946756267768,0.02253166056137255,0.8786451491837118,0.05318035075473345,0.6857503628899896,1.2138909677616105,0.0,0.1640115462851498,0.3144453734658702,20
5,45,A,positive_only,584,146,730,103,54,3750,5750,99.2,0.09844300911486474,0.9980027890931515,0.229285099005696,0.03349149664878119,0.14968387657830343,1.1905043455382278,0.12886859476566315,0.12942668696093354,0.023287669973157794,0.8434415462563333,0.04243957769828112,0.7271084255756405,1.0757075935962792,0.0,0.21610474471288446,0.2820000205737122,11
5,46,A,positive_only,584,146,730,101,56,5000,7000,120.2,0.09135851025112478,0.9978065589026262,0.23468612987539522,0.023425188108753783,0.1693519320769086,1.1702841129554928,0.12423556298017502,0.12470645792563602,0.016897015217482072,0.8098423719271908,0.04360876014309397,0.5579840861543046,1.0668399140090115,0.0,0.2055358218304606,0.3666136574452943,13
5,42,B,positive_only,584,146,1460,103,54,5000,7000,180.3,0.11144856776244971,0.9980027890931515,0.23083440489172222,0.027118258760369773,0.16684215355197649,1.1856667602927113,0.12890030443668365,0.12931253170979198,0.014935312429769034,0.7440138862826047,0.02013785882558241,1.1689853946067976,2.099275641241409,0.0,0.19692035737092664,0.3667608186695878,0
5,43,B,positive_only,584,146,1460,102,55,4000,6000,157.4,0.08059612103056722,0.9981688551450653,0.2283240765805466,0.02256347351286509,0.17479382557411716,1.1239231746193779,0.12646324932575226,0.12689912826899127,0.022079701889515062,0.7901013323325202,0.014300671843643661,1.1834506619288507,2.9973472909957675,0.0,0.17402603751670662,0.37320866350147797,0
5,44,B,positive_only,584,146,1460,104,53,3500,5500,139.6,0.09813426995553759,0.9986449986287992,0.23899999483870255,0.019930046856688356,0.1733138402416035,1.1062789761333016,0.13139697909355164,0.1315973119669165,0.024224604474528413,0.86497466691687,0.025896518628391943,1.377897328998084,3.0348725237878913,0.0,0.18776861576845855,0.3144453734658702,0
5,45,B,positive_only,584,146,1460,103,54,3750,5750,99.2,0.09844300911486474,0.9980027890931515,0.229285099005696,0.03349149664878119,0.14968387657830343,1.1905043455382278,0.12886859476566315,0.1294266869609335,0.02246321532109829,0.848789641583787,0.0214902713550301,1.2839402777228681,2.7338137504967954,0.0,0.1847446746231861,0.2820000205737122,0
5,46,B,positive_only,584,146,1460,101,56,5000,7000,120.2,0.09135851025112478,0.9978065589026262,0.23468612987539522,0.023425188108753783,0.1693519320769086,1.1702841129554928,0.12423556298017502,0.12457191780821919,0.015196917368301397,0.7398010883843122,0.0173283308611814,0.9959003627177604,2.2389267342156303,0.0,0.20340791076937995,0.3666136574452943,0
6,42,A,conditional_mixed,1356,339,1695,183,237,6000,8000,210.6,0.05777158272466809,1.0013415318177055,0.22101370900946712,0.011259825621088893,0.06395793380429633,1.1654837167140029,0.029859475791454315,0.028786577548759698,0.002545336982426787,0.9535889872173058,0.012829049023739289,0.5464300633409823,4.245231835608323,0.0,0.10590932970422812,0.3473770186012234,41
6,43,A,conditional_mixed,1356,339,1695,198,222,21000,23000,587.2,0.047979587927637825,1.0013145518840694,0.2193440857051805,0.011810415672576064,0.07760171357525149,1.2086741793573532,0.027375826612114906,0.026652316032847005,0.002531956666802578,0.9140818475300424,0.011309172636606264,0.5069761441977838,2.232751866502846,0.0,0.12380910381515431,0.3760651385693332,31
6,44,A,conditional_mixed,1356,339,1695,195,225,21500,23500,593.2,0.04606874871475777,1.001150764527078,0.22183579087897567,0.009589704850664767,0.06742480777201594,1.1632298032247368,0.02703048288822174,0.026538184201901013,0.002211078148951826,0.8922633809312485,0.012980755724118553,0.522980564665128,2.26921241291995,0.0,0.13937490759699922,0.4070683545859105,36
6,45,A,conditional_mixed,1356,339,1695,202,218,13000,15000,379.1,0.05259735384619422,1.0015128746869433,0.21985207861865763,0.01020481350399258,0.06744000528511125,1.1828305424413081,0.03247205913066864,0.031644610430028954,0.0029545885923815264,0.9070509306393086,0.011820480404551203,0.49012213807040805,3.1644638725545664,0.0,0.12905039835482687,0.35786731525568455,36
6,46,A,conditional_mixed,1356,339,1695,191,229,18750,20750,543.5,0.0533390414858603,1.001392275363326,0.22137369633302734,0.008002467831330571,0.07022991382012012,1.2185658065973388,0.02654545195400715,0.026017956744084195,0.0025112392979617262,0.8927437108970511,0.012070515521842956,0.5047256969971795,2.5774338892316373,0.0,0.11083419981380087,0.39487000196790945,30
6,42,A,positive_only,1356,339,1695,268,152,10000,12000,303.3,0.048190560485950024,1.0016427171732598,0.21411626188746533,0.016654694695508624,0.10087055239020769,1.2195007417202366,0.03999282047152519,0.03932619158515758,0.0042083916317709425,0.8896563726385953,0.01231071779744346,0.4703198015482519,2.1475553200883004,0.0,0.2091272794649594,0.41353159828161873,45
6,43,A,positive_only,1356,339,1695,266,154,13500,15500,386.1,0.04722162633741,1.0014485882848714,0.21275573225531333,0.020122894311469117,0.10890933440498195,1.2384160736011498,0.039492588490247726,0.03903382752940275,0.004487032461937842,0.9065479764359864,0.011594325045652481,0.48918836943572785,1.1479606627513521,0.0,0.16210275297017301,0.355136828834333,40
6,44,A,positive_only,1356,339,1695,271,149,7000,9000,226.8,0.05803975376006698,1.0015475606740305,0.2137644092105675,0.017817448184107448,0.09978364834686622,1.2055538807571193,0.040783196687698364,0.040110075033161094,0.004624735112711975,0.9232307411178112,0.013097345132743365,0.5211690826148139,2.1744277290657075,0.0,0.1516174760206009,0.32791651899423935,41
6,45,A,positive_only,1356,339,1695,271,149,9250,11250,278.6,0.05301559653034739,1.0015475606740305,0.2142357303818821,0.014942544212187622,0.1050184609967347,1.2036235639627992,0.04702936112880707,0.04678584862703174,0.005274099130452284,0.9307211040627908,0.013794072201151848,0.5198627010654585,1.9758364535591024,0.0,0.14993290438083035,0.3799246236759279,38
6,46,A,positive_only,1356,339,1695,273,147,6250,8250,203.3,0.062074851130329387,1.0018447130241932,0.2152912659623286,0.017948915132242754,0.1053279092515529,1.2259503623051922,0.047639112919569016,0.04757891357132823,0.005821444230056638,0.9277712515554162,0.01714707121786768,0.5136966889347899,2.862513120271337,0.0,0.16407749920926806,0.4395814432650926,41
6,42,B,positive_only,1356,339,3390,268,152,10000,12000,303.3,0.048190560485950024,1.0016427171732598,0.21411626188746533,0.016654694695508624,0.10087055239020769,1.2195007417202366,0.03999282047152519,0.03945427728613569,0.004427689821789025,0.8603893109179349,0.005431942688579857,2.0998850993634264,2.9323397792494483,0.0,0.20582307661903776,0.41353159828161873,0
6,43,B,positive_only,1356,339,3390,266,154,13500,15500,386.1,0.04722162633741,1.0014485882848714,0.21275573225531333,0.020122894311469117,0.10890933440498195,1.2384160736011498,0.039492588490247726,0.03916216526835996,0.003699766663462751,0.7952993795737943,0.005510605422109847,2.160517345082869,2.2295479765601938,0.0,0.18167860809585512,0.355136828834333,0
6,44,B,positive_only,1356,339,3390,271,149,7000,9000,226.8,0.05803975376006698,1.0015475606740305,0.2137644092105675,0.017817448184107448,0.09978364834686622,1.2055538807571193,0.040783196687698364,0.040244699174437244,0.004949416922101245,0.8911895998120448,0.005995224048321394,2.4356061145245995,3.163213589007871,0.0,0.1431631121047199,0.32791651899423935,0
6,45,B,positive_only,1356,339,3390,271,149,9250,11250,278.6,0.05301559653034739,1.0015475606740305,0.2142357303818821,0.014942544212187622,0.1050184609967347,1.2036235639627992,0.04702936112880707,0.046787828393815206,0.004539605681367107,0.8614004403024687,0.006172215198763871,2.154675251396622,2.8601533002900847,0.0,0.1780185190531426,0.3799246236759279,0
6,46,B,positive_only,1356,339,3390,273,147,6250,8250,203.3,0.062074851130329387,1.0018447130241932,0.2152912659623286,0.017948915132242754,0.1053279092515529,1.2259503623051922,0.047639112919569016,0.04752473260690707,0.005713082274489217,0.8908223910338405,0.006276162382357073,2.082316979122579,4.333880224209156,0.0,0.22068070099324744,0.4395814432650926,0
7,42,A,conditional_mixed,1252,313,1565,349,200,7000,9000,246.9,0.04722803080347232,1.00143953950184,0.2088281868637687,0.011936489718790633,0.07511942626569218,1.2046408424743067,0.037236422300338745,0.035172523961661345,0.0062763579113620195,0.9678102256836347,0.012710882987947881,0.5903598995078535,3.952505802828825,0.0,0.10858988944631819,0.28392714681280024,55
7,43,A,conditional_mixed,1252,313,1565,359,190,9000,11000,305.6,0.046318580469716424,1.001399953667447,0.20825227034029675,0.010840426388158906,0.07860623769886818,1.1874904828210309,0.03400033712387085,0.03350933243652262,0.005293425253605116,0.9504149271708398,0.011112856951646037,0.5304886210124942,2.8404368085345832,0.0,0.08532476187616513,0.23535453675483634,53
7,44,A,conditional_mixed,1252,313,1565,354,195,9750,11750,331.2,0.04823368388077311,1.001439760295956,0.2087148732931265,0.010821179984935606,0.0805826633228681,1.2123312129429051,0.033067092299461365,0.03250921602359302,0.005577947290104907,0.944302789657953,0.013735109435104196,0.5256425076652911,2.5071705173843712,0.0,0.10596696063683445,0.286945067046561,55
7,45,A,conditional_mixed,1252,313,1565,359,190,9500,11500,322.9,0.05361473245566495,1.001399953667447,0.20932237224410302,0.011718632599797111,0.07910507806152862,1.1889320913635224,0.03398352116346359,0.03372456700857575,0.005777702962794727,0.9484877869530155,0.014393873263616101,0.5616807575092052,2.7521018833004773,0.0,0.11488961158285681,0.2932958303791488,51
7,46,A,conditional_mixed,1252,313,1565,372,177,19750,21750,602.7,0.0598084600048189,1.0009784663758416,0.20733194076976838,0.012304275790607173,0.08343423553947137,1.1457431548980275,0.042093101888895035,0.041955921373260416,0.004463818259509315,0.9261868550255693,0.010832358572367999,0.4964046759979984,2.088402177036648,0.0,0.08773493511830269,0.2370422861043349,41
7,42,A,positive_only,1252,313,1565,415,134,11500,13500,378.8,0.051847112391258325,1.0012306815119905,0.20520438946781536,0.02612351836874434,0.10351994496820698,1.1507029481316369,0.05557078868150711,0.05483763292165371,0.006183538844243242,0.9153201522930724,0.00967312045717744,0.5297419958423295,2.282366727796475,0.0,0.1389435656996049,0.26907228167297453,61
7,43,A,positive_only,1252,313,1565,417,132,8000,10000,281.5,0.04961111793971373,1.00135394878985,0.2071072113455402,0.017459204505022873,0.10973872952844872,1.1721268802612907,0.056515634059906006,0.0559783134863007,0.007796011125112199,0.9439353264808256,0.012293045153255702,0.5198097986377299,2.4894104357867954,0.0,0.12068096202730423,0.23821423484980467,60
7,44,A,positive_only,1252,313,1565,415,134,9000,11000,303.7,0.04998221924363789,1.0012306815119905,0.2047244345041909,0.021447485348258678,0.10061063517953903,1.1647670066985931,0.05551714450120926,0.05513804778026799,0.006046445022459398,0.9275607590156071,0.00931464120067273,0.4948237734382116,2.307475180155644,0.0,0.1204883595421989,0.22445987717205387,55
7,45,A,positive_only,1252,313,1565,418,131,9000,11000,299.4,0.05424654789030135,1.0012985353816668,0.20640815342879623,0.019041986306190514,0.10987080600387691,1.1931716315709036,0.04922810196876526,0.04890861644269931,0.007021437442860566,0.9351590809337648,0.01129326047358834,0.5096520873826599,2.475463773461152,0.0,0.1449766603676249,0.2602601415299094,55
7,46,A,positive_only,1252,313,1565,412,137,15250,17250,479.9,0.03427076693219247,1.000951064764823,0.20458750185080085,0.012473565315439092,0.11569894418484912,1.1763516203219182,0.04718873277306557,0.046859914647512886,0.004582448875844653,0.8978881074625645,0.011300243835728047,0.4703376096093291,2.075170304615082,0.0,0.1482232763883114,0.2863520530119116,56
7,42,B,positive_only,1252,313,3130,415,134,11500,13500,378.8,0.051847112391258325,1.0012306815119905,0.20520438946781536,0.02612351836874434,0.10351994496820698,1.1507029481316369,0.05557078868150711,0.05505698345334033,0.005782985795416468,0.8293419346936275,0.003936288459412118,2.8111218389876678,2.867407101574936,0.0,0.14773524690058992,0.26907228167297453,0
7,43,B,positive_only,1252,313,3130,417,132,8000,10000,281.5,0.04961111793971373,1.00135394878985,0.2071072113455402,0.017459204505022873,0.10973872952844872,1.1721268802612907,0.056515634059906006,0.05593474682931552,0.007382127958827221,0.909320295195419,0.0043797319552832045,2.898606171012017,3.5396395433582555,0.0,0.17461444808282586,0.23821423484980467,0
7,44,B,positive_only,1252,313,3130,415,134,9000,11000,303.7,0.04998221924363789,1.0012306815119905,0.2047244345041909,0.021447485348258678,0.10061063517953903,1.1647670066985931,0.05551714450120926,0.055006914310237943,0.005283486668151407,0.8527268829935999,0.005066429232353917,2.811682913603635,2.8571948291148432,0.0,0.14241908148323512,0.22445987717205387,0
7,45,B,positive_only,1252,313,3130,418,131,9000,11000,299.4,0.05424654789030135,1.0012985353816668,0.20640815342879623,0.019041986306190514,0.10987080600387691,1.1931716315709036,0.04922810196876526,0.04908909104211887,0.007082408627620684,0.8741459032959407,0.004456548938819928,2.8762106066067856,3.275788412451112,0.0,0.16110761717875435,0.2602601415299094,0
7,46,B,positive_only,1252,313,3130,412,137,15250,17250,479.9,0.03427076693219247,1.000951064764823,0.20458750185080085,0.012473565315439092,0.11569894418484912,1.1763516203219182,0.04718873277306557,0.04691821552669014,0.004829644814782123,0.8296869417877085,0.005214243730977613,2.908778298267427,2.6222696570051225,0.0,0.1759158105382952,0.2863520530119116,0
8,42,A,conditional_mixed,437,109,546,114,106,8000,10000,270.7,0.07723000313221459,0.9954338472821604,0.2490761985760389,0.01793914437951752,0.1352257808641061,1.237414340071557,0.06918958574533463,0.06861220540465822,0.00843225443374042,0.8826529753387762,0.03153681181204117,0.44411729817071743,1.2548997956535033,0.0018315018315018315,0.17571537418163158,0.5174126372540191,14
8,43,A,conditional_mixed,437,109,546,122,98,6250,8250,221.9,0.06962391931789408,0.995856741923715,0.23982206181953467,0.01636418796262476,0.14700775589752768,1.2481347761491648,0.0648437887430191,0.06447633998654406,0.009953900087630217,0.8749095194007239,0.030927405927405928,0.49022523154572234,1.445744771882978,0.0,0.27949136032727173,0.5918574695524601,13
8,44,A,conditional_mixed,437,109,546,120,100,8500,10500,281.2,0.08360715568612474,0.9955321892321292,0.24918112331938672,0.027450848832179648,0.14091677621963922,1.214875409362513,0.07361556589603424,0.07344322344322345,0.006773706325483356,0.8313104957495161,0.030007148814488255,0.530208928019727,1.3034717313827198,0.0,0.352151515017966,0.5934301634192972,11
8,45,A,conditional_mixed,437,109,546,122,98,14250,16250,439.2,0.06317231098966215,0.995856741923715,0.23759444155429857,0.02679413966060332,0.1723781560070393,1.2721079182834623,0.07502452284097672,0.07477386559019211,0.006750418195330955,0.8153522430771822,0.03271476230191826,0.4556966437337288,0.7987525546153893,0.007326007326007326,0.32364451424121843,0.5727769936039641,15
8,46,A,conditional_mixed,437,109,546,124,96,9000,11000,296.7,0.07744548094276142,0.9959087117814073,0.24308121391357349,0.020882430193028684,0.143874302757078,1.1649066496879683,0.07689741253852844,0.07621718559218559,0.006389606585614559,0.9929972224560222,0.02850345373281153,0.5207385912991722,1.1087226366747474,0.007326007326007326,0.15921844033607055,0.5745933404778956,13
8,42,A,positive_only,437,109,546,144,76,3250,5250,144.9,0.09851318518806793,0.9979417900062117,0.23049251700273954,0.027147408634179575,0.17905579398704116,1.2239246826595525,0.09686257690191269,0.0950694042799306,0.028901189084264266,0.916690514266476,0.05006194111698699,0.6166297466844467,1.4263912677654127,0.0,0.2800430225002433,0.5288651209528513,22
8,43,A,positive_only,437,109,546,141,79,3250,5250,143.1,0.08360568916598296,0.9981919789455438,0.22585498820487365,0.02885778576149479,0.17257416522429528,1.1709673855172094,0.09303943067789078,0.09264153567951036,0.0224456197232664,0.8891339112869285,0.04308543138818368,0.5346930616832092,1.3034865251557952,0.0,0.3262293319043857,0.5956734932393042,22
8,44,A,positive_only,437,109,546,138,82,5000,7000,189.1,0.07116986145254875,0.9980783136644479,0.2227256804320299,0.0333472578703997,0.16201280339181917,1.193960645530122,0.08963554352521896,0.08889484499240596,0.013205172188813346,0.8454170524366637,0.03508303622982522,0.44287189897599805,0.9053881640600357,0.0,0.40355944381167547,0.6320572197034862,18
8,45,A,positive_only,437,109,546,141,79,3250,5250,141.0,0.10249746594294674,0.9981919789455438,0.22733435108632333,0.024160828591500573,0.17778767330584772,1.1753214664014011,0.09309736639261246,0.09048546390318542,0.021332966540610405,0.880363605757091,0.042428366740293336,0.5889740470073583,1.6320299822612057,0.0,0.41219477371814783,0.6110231968993196,23
8,46,A,positive_only,437,109,546,139,81,3500,5500,147.6,0.0861187483499439,0.9984679454687397,0.22824358730833566,0.024878222574219858,0.16467060916136744,1.20526232877665,0.09065740555524826,0.08904264459820015,0.024271732298386493,0.9263024997895801,0.053140132039214596,0.5987875313523874,1.1113659877158135,0.0,0.34313033908854706,0.5122628644613288,19
8,42,B,positive_only,437,109,1092,144,76,3250,5250,144.9,0.09851318518806793,0.9979417900062117,0.23049251700273954,0.027147408634179575,0.17905579398704116,1.2239246826595525,0.09686257690191269,0.0952019471756314,0.02916812244360573,0.8969278680245771,0.013779798183467909,1.2868717654724844,5.900258177181974,0.0,0.353664261545038,0.5288651209528513,0
8,43,B,positive_only,437,109,1092,141,79,3250,5250,143.1,0.08360568916598296,0.9981919789455438,0.22585498820487365,0.02885778576149479,0.17257416522429528,1.1709673855172094,0.09303943067789078,0.0928154124356656,0.02219136977101377,0.8363942429088462,0.015994555902812783,1.2212512780389164,4.462015619331872,0.0,0.46573841793561577,0.5956734932393042,0
8,44,B,positive_only,437,109,1092,138,82,5000,7000,189.1,0.07116986145254875,0.9980783136644479,0.2227256804320299,0.0333472578703997,0.16201280339181917,1.193960645530122,0.08963554352521896,0.08899535423925668,0.013574421715442642,0.7089638919282889,0.018079397666553632,0.9240195286364717,2.4386223797954547,0.0,0.4953764024472681,0.6320572197034862,0
8,45,B,positive_only,437,109,1092,141,79,3250,5250,141.0,0.10249746594294674,0.9981919789455438,0.22733435108632333,0.024160828591500573,0.17778767330584772,1.1753214664014011,0.09309736639261246,0.09060138174062224,0.01986805196950294,0.7924248800606011,0.015403174806844533,1.2676888992740003,4.940161924795875,0.0,0.49907186027264017,0.6110231968993196,0
8,46,B,positive_only,437,109,1092,139,81,3500,5500,147.6,0.0861187483499439,0.9984679454687397,0.22824358730833566,0.024878222574219858,0.16467060916136744,1.20526232877665,0.09065740555524826,0.08899742233075567,0.024845289441144572,0.8944364952445081,0.018068857747756826,1.19616630987822,4.475883113820144,0.0,0.40046060458353877,0.5122628644613288,0
9,42,A,conditional_mixed,154,38,192,66,59,3000,5000,119.1,0.15960199867139022,0.9862480954500287,0.2666415407707056,0.018683125243757343,0.1943531071469786,1.1409182403897942,0.0848558247089386,0.08527542372881355,0.014867195099234417,0.7231301939058172,0.07751535087719298,0.7428577757757939,1.2715198013313953,0.0625,0.0228684872914068,0.01654474390464938,10
9,43,A,conditional_mixed,154,38,192,72,53,2500,4500,121.4,0.12440422891873365,0.9890481045371607,0.25078733762105304,0.02176895715220431,0.1654520135117619,1.0298856616375345,0.09458468109369278,0.09325864779874213,0.026429642738668983,0.7429362880886425,0.0858640350877193,0.7303298682826735,2.166226467023655,0.0,0.046569270787075324,0.04507281351040427,12
9,44,A,conditional_mixed,154,38,192,72,53,2500,4500,121.3,0.1447998689629181,0.9890481045371607,0.2650002220220733,0.0514698500607196,0.2538382585318583,1.1173648891051216,0.09458467364311218,0.09257075471698115,0.02577237938911472,0.7882271468144044,0.07658333333333335,0.7620731959454365,1.6677422905005428,0.005208333333333333,0.010856205940531945,0.028899186390975176,13
9,45,A,conditional_mixed,154,38,192,67,58,3250,5250,124.3,0.1430829535856644,0.9880234687607399,0.2686510438162421,0.031553969198555604,0.22792641560254642,1.1126858109571107,0.08643081039190292,0.08629669540229884,0.016503162802486065,0.8056786703601109,0.10448684210526317,0.7915058276937712,1.231505004110076,0.0,0.015249177227885252,0.10134394645275906,9
9,46,A,conditional_mixed,154,38,192,72,53,3000,5000,134.8,0.14138716006139565,0.9890481045371607,0.2694846314993518,0.01293895880589049,0.2094568201926164,1.0895101943579544,0.09458467364311218,0.09433962264150944,0.01846208003402319,0.7288088642659278,0.07920614035087718,0.7395405817696651,1.3666391286826045,0.0,0.06420601517816067,0.08747696074218324,10
9,42,A,positive_only,154,38,192,75,50,2250,4250,104.3,0.19524543494508978,0.9870498282449287,0.2561305798982319,0.06772977005886405,0.22466531317485006,1.223196285335641,0.10051948577165604,0.08375,0.04005140672127405,0.9390581717451523,0.13744956140350878,0.8731428764193184,3.0796938144306707,0.0,0.013466066935281944,0.08956852961337448,34
9,43,A,positive_only,154,38,192,78,47,2250,4250,113.5,0.22141885306992834,0.9875326941692234,0.26322902519854136,0.06676003861492386,0.22963352067539966,1.2774379780017515,0.1067974790930748,0.08798758865248228,0.034335566671393446,0.9458448753462605,0.13736842105263158,0.8598760846598461,2.6605129253916826,0.0,0.015612160935123517,0.08345793004910165,28
9,44,A,positive_only,154,38,192,77,48,2000,4000,106.8,0.24563370741807022,0.9876477860133288,0.2759536279038216,0.08188253431989435,0.25376905850543263,1.2451879876224619,0.10470779985189438,0.08832465277777779,0.04561237305299276,0.9519390581717451,0.13123026315789474,0.8665449238264867,2.701863130053261,0.0,0.012476843888717068,0.034327630904475576,30
9,45,A,positive_only,154,38,192,77,48,2500,4500,110.6,0.2378175296118548,0.9876477860133288,0.2626966970551935,0.05242132286647368,0.22240559235541968,1.2244563549757004,0.10470779985189438,0.08897569444444446,0.03799434134594371,0.9566481994459834,0.13919517543859652,0.8035901248904236,2.7925985222226597,0.005208333333333333,0.017594438920977763,0.05423810268449186,22
9,46,A,positive_only,154,38,192,75,50,2500,4500,111.4,0.18022319057531525,0.9870498282449287,0.2587852692185787,0.05586056639195273,0.22683154791593552,1.2526769151813106,0.10051949322223663,0.08260416666666667,0.03879193810125192,0.9790858725761773,0.13588377192982454,0.8406195944435075,3.1130392748616327,0.0,0.011133837290874676,0.07079838937033536,22
9,42,B,positive_only,154,38,384,75,50,2250,4250,104.3,0.19524543494508978,0.9870498282449287,0.2561305798982319,0.06772977005886405,0.22466531317485006,1.223196285335641,0.10051948577165604,0.08416666666666668,0.03973890672127406,0.6127423822714682,0.04535745614035088,1.5347171751874393,3.746474209736665,0.0,0.06381708542638807,0.08956852961337448,0
9,43,B,positive_only,154,38,384,78,47,2250,4250,113.5,0.22141885306992834,0.9875326941692234,0.26322902519854136,0.06676003861492386,0.22963352067539966,1.2774379780017515,0.1067974790930748,0.08915115248226951,0.035444441984625576,0.5520775623268698,0.055085526315789474,1.5045687370491303,3.1661678755188634,0.0,0.04940435751632352,0.08345793004910165,0
9,44,B,positive_only,154,38,384,77,48,2000,4000,106.8,0.24563370741807022,0.9876477860133288,0.2759536279038216,0.08188253431989435,0.25376905850543263,1.2451879876224619,0.10470779985189438,0.08799913194444443,0.04463581055299276,0.5752077562326869,0.05171491228070175,1.4697203892605415,3.3528598132479526,0.0,0.042083788452643094,0.034327630904475576,0
9,45,B,positive_only,154,38,384,77,48,2500,4500,110.6,0.2378175296118548,0.9876477860133288,0.2626966970551935,0.05242132286647368,0.22240559235541968,1.2244563549757004,0.10470779985189438,0.08837890625,0.03776253060398934,0.5983379501385042,0.04962938596491228,1.4389150813273672,3.7796307042113377,0.0,0.09644322849296241,0.05423810268449186,0
9,46,B,positive_only,154,38,384,75,50,2500,4500,111.4,0.18022319057531525,0.9870498282449287,0.2587852692185787,0.05586056639195273,0.22683154791593552,1.2526769151813106,0.10051949322223663,0.08223958333333332,0.037281521434585255,0.5811634349030472,0.04714912280701754,1.444539927657343,3.98305211862017,0.0,0.030260670154551476,0.07079838937033536,0
10,42,A,conditional_mixed,2238,560,2798,235,326,17000,19000,463.7,0.04395959500483829,1.0012711786426671,0.2160117643872293,0.01088631111642021,0.05460319408818779,1.2201725339596987,0.018838029354810715,0.017129895587119633,0.002681914523477689,1.0,0.011091446780804724,0.5403561533185516,3.8437392404404287,0.0,0.03517626264146034,0.2607415055111642,75
10,43,A,conditional_mixed,2238,560,2798,232,329,8000,10000,269.4,0.05770539344825181,1.001219056979776,0.21691945644435037,0.013734272968701782,0.05239580009380114,1.2085925792540047,0.01867847889661789,0.016544600898166516,0.002981274816616986,1.0,0.012370373778207105,0.6175036604704689,4.610947498048625,0.0,0.03546144613053055,0.21507737895338522,67
10,44,A,conditional_mixed,2238,560,2798,244,317,15000,17000,449.3,0.04555569007748463,1.0014807386197306,0.2144271082286254,0.014196842012372087,0.053979374498545236,1.1969376276505321,0.02253871224820614,0.020883551342441537,0.0027090382161225842,1.0,0.011408468124399673,0.580049973891942,4.139714473282673,0.0,0.04181754593668388,0.2351912235686042,60
10,45,A,conditional_mixed,2238,560,2798,234,327,12250,14250,372.4,0.05585125887059176,1.001277326460432,0.21600252554384636,0.010885034682527803,0.050214539713711655,1.236340467353844,0.018795451149344444,0.01682175778679835,0.002560270488081529,1.0,0.011169224334089995,0.5938641557028957,4.450931706662416,0.0,0.036647352251052596,0.22142403914601963,59
10,46,A,conditional_mixed,2238,560,2798,236,325,17500,19500,473.1,0.06062905170727007,1.001355808064089,0.2152689474258238,0.010276899314843692,0.05360357315985711,1.2177815804114709,0.01889874041080475,0.01718480233133557,0.0027327349211866063,1.0,0.012057998519441568,0.5692347612436192,4.151895549924276,0.0,0.0448519133163575,0.2283118537476708,71
10,42,A,positive_only,2238,560,2798,323,238,13250,15250,417.0,0.05161081050044401,1.0013265117930397,0.21192804848604738,0.014246701590475343,0.07047656597066469,1.2064124355797006,0.030018173158168793,0.0282374565265706,0.0027700686089846146,1.0,0.011415814945121592,0.5527050289348644,3.7458722323095506,0.0,0.03651119386216735,0.23698193158926306,66
10,43,A,positive_only,2238,560,2798,321,240,13000,15000,377.9,0.045289409112866635,1.0013694148621775,0.21022458655811915,0.018333302189906437,0.07081845243062292,1.188637443951198,0.025556672364473343,0.02381016202049082,0.0031231830197844517,1.0,0.011046835720447122,0.5454545192253333,3.6677524607938894,0.0,0.039063992207785746,0.2251192939178582,71
10,44,A,positive_only,2238,560,2798,320,241,15250,17250,459.5,0.04953532934188843,1.0013556344168526,0.2110726111275809,0.013270942139851673,0.07299900885227523,1.221320554216585,0.025511812418699265,0.02400202871642163,0.0028524752859831527,1.0,0.010309580327029765,0.5524511514695524,3.5281806488644363,0.0,0.04741801005184422,0.22872290027353537,68
10,45,A,positive_only,2238,560,2798,318,243,9000,11000,266.5,0.045764078584107214,1.0015137815518307,0.21008490247974926,0.01453815892049665,0.06750469905779265,1.1968027767470695,0.025276094675064087,0.023163223584159176,0.0032776169306730396,0.9793552295918367,0.010956171083678124,0.5576574836622411,3.694118784278805,0.0,0.0673898152377628,0.2400556710296928,61
10,46,A,positive_only,2238,560,2798,327,234,12500,14500,375.4,0.053418695359002975,1.0012849646918687,0.21043519319640128,0.016646539412611714,0.07228505171116746,1.200061403351389,0.02624252438545227,0.02437944074827563,0.0031835511199135766,1.0,0.011567838845200826,0.5669552662891579,3.9301011527795433,0.0,0.04658134824335318,0.22830064351470716,54
10,42,B,positive_only,2238,560,5596,323,238,13250,15250,417.0,0.05161081050044401,1.0013265117930397,0.21192804848604738,0.014246701590475343,0.07047656597066469,1.2064124355797006,0.030018173158168793,0.028048245745760782,0.003064280893932736,0.9201396683673468,0.0037300075010834794,3.539694323675007,4.128859677222244,0.0,0.12701370711156035,0.23698193158926306,0
10,43,B,positive_only,2238,560,5596,321,240,13000,15000,377.9,0.045289409112866635,1.0013694148621775,0.21022458655811915,0.018333302189906437,0.07081845243062292,1.188637443951198,0.025556672364473343,0.023794525851798906,0.0030070942989512735,0.9178730867346939,0.003813980592561932,3.4477838126654823,4.136263895106181,0.0,0.13160429860738304,0.2251192939178582,0
10,44,B,positive_only,2238,560,5596,320,241,15250,17250,459.5,0.04953532934188843,1.0013556344168526,0.2110726111275809,0.013270942139851673,0.07299900885227523,1.221320554216585,0.025511812418699265,0.023855955202144983,0.0027516731336221668,0.9039183673469389,0.00368611542349086,3.5510863049970425,3.8886096991265657,0.0,0.11117682600648646,0.22872290027353537,0
10,45,B,positive_only,2238,560,5596,318,243,9000,11000,266.5,0.045764078584107214,1.0015137815518307,0.21008490247974926,0.01453815892049665,0.06750469905779265,1.1968027767470695,0.025276094675064087,0.02304997396729586,0.003258099957822302,0.9632391581632653,0.004210146921852762,3.474818816236024,4.106522898673458,0.0,0.10399193738947557,0.2400556710296928,0
10,46,B,positive_only,2238,560,5596,327,234,12500,14500,375.4,0.053418695359002975,1.0012849646918687,0.21043519319640128,0.016646539412611714,0.07228505171116746,1.200061403351389,0.02624252438545227,0.024281690829224784,0.003216059098537492,0.9319751275510203,0.00398039097372655,3.569892175759654,4.33653034276913,0.0,0.12847005071103132,0.22830064351470716,0
