source,task_id,seed,method,classifier,candidate_key,ddpm_train_mode,ratio,s3_ig_keep_rate,val_PR_AUC,val_FPR,val_Recall_at_FPR010,test_PR_AUC,real_vs_synth_auc,tstr_pr_auc,with_replacement,safe_baseline_method,safe_baseline_val_PR_AUC,safe_baseline_val_FPR,safe_baseline_val_MCC,safe_baseline_val_Recall_at_FPR010,safe_baseline_test_PR_AUC,safe_baseline_test_FPR,safe_baseline_test_MCC,safe_baseline_test_Recall_at_FPR010,val_gain,val_fpr_excess,delta_vs_safe_baseline_test
regen_gridA,0,42,ig_clean,lgbm,ig_clean/mode=positive_only/ratio=0.5/keep=0.75,positive_only,0.5,0.75,0.2084664170327776,0.1647597254004576,0.0149253731343283,0.1427657089107296,0.975206611570248,0.108154591665013,True,S1/random_under_10to1,0.2038053160102413,0.1693363844393592,0.3814190972752999,0.0,0.1399640803240018,0.2489959839357429,0.3184616972626446,0.0,0.004661101022536307,-0.004576659038901587,0.0028016285867278057
regen_gridA,0,42,ig_smote,lgbm,ig_smote/mode=conditional_mixed/ratio=1.0/keep=0.75,conditional_mixed,1.0,0.75,0.2040918714155832,0.1178489702517162,0.0298507462686567,0.1571377505481624,0.9823529411764708,0.1940069030924945,True,S1/random_under_10to1,0.2038053160102413,0.1693363844393592,0.3814190972752999,0.0,0.1399640803240018,0.2489959839357429,0.3184616972626446,0.0,0.00028655540534189283,-0.051487414187642994,0.01717367022416061
regen_gridA,0,42,s1_plus_ig,lgbm,s1_plus_ig/mode=conditional_mixed/ratio=0.5/keep=0.75,conditional_mixed,0.5,0.75,0.1909016206338647,0.131578947368421,0.0,0.1349137211742783,0.9823529411764708,0.1940069030924945,False,S1/random_under_10to1,0.2038053160102413,0.1693363844393592,0.3814190972752999,0.0,0.1399640803240018,0.2489959839357429,0.3184616972626446,0.0,-0.01290369537637659,-0.037757437070938205,-0.005050359149723488
regen_gridA,0,43,ig_clean,lgbm,ig_clean/mode=conditional_mixed/ratio=0.5/keep=0.75,conditional_mixed,0.5,0.75,0.2080211140607113,0.1418764302059496,0.0298507462686567,0.1524996648121774,0.7156862745098039,0.1644262442419411,True,S1/random_under_20to1,0.2243041241859044,0.1681922196796338,0.3828390148556331,0.044776119402985,0.1326305030225088,0.2309236947791164,0.2868472752427258,0.02,-0.016283010125193093,-0.02631578947368421,0.019869161789668577
regen_gridA,0,43,ig_smote,lgbm,ig_smote/mode=positive_only/ratio=1.0/keep=0.75,positive_only,1.0,0.75,0.2055578927479888,0.217391304347826,0.044776119402985,0.1387819237507374,0.9949579831932772,0.0932111014017604,True,S1/random_under_20to1,0.2243041241859044,0.1681922196796338,0.3828390148556331,0.044776119402985,0.1326305030225088,0.2309236947791164,0.2868472752427258,0.02,-0.018746231437915595,0.0491990846681922,0.006151420728228579
regen_gridA,0,43,s1_plus_ig,lgbm,s1_plus_ig/mode=conditional_mixed/ratio=1.0/keep=0.75,conditional_mixed,1.0,0.75,0.1999282185549465,0.1475972540045766,0.0149253731343283,0.145841199056108,0.9873949579831932,0.2519816595218653,True,S1/random_under_20to1,0.2243041241859044,0.1681922196796338,0.3828390148556331,0.044776119402985,0.1326305030225088,0.2309236947791164,0.2868472752427258,0.02,-0.0243759056309579,-0.020594965675057197,0.0132106960335992
regen_gridA,0,44,ig_clean,lgbm,ig_clean/mode=conditional_mixed/ratio=0.5/keep=0.75,conditional_mixed,0.5,0.75,0.2270254241198001,0.11441647597254,0.0298507462686567,0.1584329029363304,0.9904761904761904,0.1497572317172836,True,S0/none,0.2086934711725052,0.137299771167048,0.3888802596781361,0.0298507462686567,0.149361772750562,0.2138554216867469,0.320634941065351,0.02,0.018331952947294894,-0.022883295194508005,0.009071130185768383
regen_gridA,0,44,ig_smote,lgbm,ig_smote/mode=positive_only/ratio=1.0/keep=0.75,positive_only,1.0,0.75,0.1983388903610719,0.1819221967963386,0.044776119402985,0.1550622347772256,0.9890756302521008,0.1224196160821581,True,S0/none,0.2086934711725052,0.137299771167048,0.3888802596781361,0.0298507462686567,0.149361772750562,0.2138554216867469,0.320634941065351,0.02,-0.010354580811433284,0.044622425629290585,0.005700462026663605
regen_gridA,0,44,s1_plus_ig,lgbm,s1_plus_ig/mode=conditional_mixed/ratio=0.5/keep=0.25,conditional_mixed,0.5,0.25,0.1849844615703393,0.1235697940503432,0.0149253731343283,0.1299278866907633,0.7803030303030302,0.0969358092272711,True,S0/none,0.2086934711725052,0.137299771167048,0.3888802596781361,0.0298507462686567,0.149361772750562,0.2138554216867469,0.320634941065351,0.02,-0.023709009602165904,-0.013729977116704803,-0.019433886059798705
regen_gridA,0,45,ig_clean,lgbm,ig_clean/mode=conditional_mixed/ratio=1.0/keep=0.75,conditional_mixed,1.0,0.75,0.2199278037697855,0.1475972540045766,0.0,0.1617721305208173,0.6633986928104575,0.18620912288864,True,S1/random_under_20to1,0.2055383914004614,0.1819221967963386,0.3318212093002226,0.044776119402985,0.1496568217949229,0.2781124497991968,0.2603763495345894,0.02,0.01438941236932409,-0.034324942791761986,0.012115308725894391
regen_gridA,0,45,ig_smote,lgbm,ig_smote/mode=conditional_mixed/ratio=1.0/keep=0.75,conditional_mixed,1.0,0.75,0.2279867349402441,0.108695652173913,0.044776119402985,0.1522972124906927,0.9756302521008404,0.2314003303376181,True,S1/random_under_20to1,0.2055383914004614,0.1819221967963386,0.3318212093002226,0.044776119402985,0.1496568217949229,0.2781124497991968,0.2603763495345894,0.02,0.0224483435397827,-0.07322654462242559,0.0026403906957697953
regen_gridA,0,45,s1_plus_ig,lgbm,s1_plus_ig/mode=conditional_mixed/ratio=1.0/keep=0.75,conditional_mixed,1.0,0.75,0.2005681413883867,0.1350114416475972,0.044776119402985,0.1565182513421297,0.9756302521008404,0.2314003303376181,True,S1/random_under_20to1,0.2055383914004614,0.1819221967963386,0.3318212093002226,0.044776119402985,0.1496568217949229,0.2781124497991968,0.2603763495345894,0.02,-0.004970250012074712,-0.04691075514874138,0.00686142954720681
regen_gridA,0,46,ig_clean,lgbm,ig_clean/mode=conditional_mixed/ratio=1.0/keep=0.75,conditional_mixed,1.0,0.75,0.2237210696329381,0.108695652173913,0.0298507462686567,0.1648595246387872,0.9659735349716446,0.3709455106505706,True,S1/random_under_20to1,0.2137896741810036,0.1556064073226544,0.3725378491708658,0.044776119402985,0.1468228474335393,0.2309236947791164,0.2774421439362772,0.02,0.0099313954519345,-0.046910755148741407,0.018036677205247903
regen_gridA,0,46,ig_smote,lgbm,ig_smote/mode=conditional_mixed/ratio=1.0/keep=0.75,conditional_mixed,1.0,0.75,0.1989961851652031,0.1155606407322654,0.0,0.1692835602871943,0.9823529411764704,0.2386100449648308,True,S1/random_under_20to1,0.2137896741810036,0.1556064073226544,0.3725378491708658,0.044776119402985,0.1468228474335393,0.2309236947791164,0.2774421439362772,0.02,-0.01479348901580052,-0.04004576659038901,0.022460712853655
regen_gridA,0,46,s1_plus_ig,lgbm,s1_plus_ig/mode=conditional_mixed/ratio=0.5/keep=0.75,conditional_mixed,0.5,0.75,0.198077783558022,0.1132723112128146,0.0149253731343283,0.1462399623397798,0.9823529411764704,0.2386100449648308,False,S1/random_under_20to1,0.2137896741810036,0.1556064073226544,0.3725378491708658,0.044776119402985,0.1468228474335393,0.2309236947791164,0.2774421439362772,0.02,-0.015711890622981617,-0.042334096109839806,-0.0005828850937595054
regen_gridA,1,42,ig_clean,lgbm,ig_clean/mode=conditional_mixed/ratio=1.0/keep=0.75,conditional_mixed,1.0,0.75,0.1729324261314918,0.0518260869565217,0.131578947368421,0.1732984194593078,0.8900367309458218,0.1043941350902862,True,S1/random_over,0.1987340354039131,0.0194782608695652,0.2890095654481832,0.2105263157894736,0.1542496017072351,0.016253555465258,0.1760194428293442,0.1238938053097345,-0.02580160927242131,0.03234782608695651,0.019048817752072705
regen_gridA,1,42,ig_smote,lgbm,ig_smote/mode=positive_only/ratio=0.5/keep=0.75,positive_only,0.5,0.75,0.1811811249423114,0.017391304347826,0.1710526315789473,0.1800509612578036,0.9732824427480916,0.1237116574490289,False,S1/random_over,0.1987340354039131,0.0194782608695652,0.2890095654481832,0.2105263157894736,0.1542496017072351,0.016253555465258,0.1760194428293442,0.1238938053097345,-0.017552910461601706,-0.002086956521739198,0.025801359550568503
regen_gridA,1,42,s1_plus_ig,lgbm,s1_plus_ig/mode=positive_only/ratio=1.0/keep=0.75,positive_only,1.0,0.75,0.1902794711183114,0.0177391304347826,0.1578947368421052,0.1490591884830084,0.9732824427480916,0.1237116574490289,True,S1/random_over,0.1987340354039131,0.0194782608695652,0.2890095654481832,0.2105263157894736,0.1542496017072351,0.016253555465258,0.1760194428293442,0.1238938053097345,-0.008454564285601707,-0.0017391304347825973,-0.005190413224226698
regen_gridA,1,43,ig_clean,lgbm,ig_clean/mode=positive_only/ratio=1.0/keep=0.25,positive_only,1.0,0.25,0.1931243229400588,0.0271304347826086,0.131578947368421,0.1558669973283722,0.8574380165289255,0.1082669144658856,True,S1/random_over,0.1948259013059969,0.016,0.3004541611014315,0.2105263157894736,0.1726500973791103,0.0154408776919951,0.2230146581629211,0.1150442477876106,-0.0017015783659380945,0.011130434782608601,-0.016783100050738103
regen_gridA,1,43,ig_smote,lgbm,ig_smote/mode=conditional_mixed/ratio=0.5/keep=0.75,conditional_mixed,0.5,0.75,0.1646287298391932,0.0163478260869565,0.1447368421052631,0.1619111479321994,0.9459287531806616,0.087677611099256,False,S1/random_over,0.1948259013059969,0.016,0.3004541611014315,0.2105263157894736,0.1726500973791103,0.0154408776919951,0.2230146581629211,0.1150442477876106,-0.0301971714668037,0.0003478260869565,-0.010738949446910895
regen_gridA,1,43,s1_plus_ig,lgbm,s1_plus_ig/mode=positive_only/ratio=0.5/keep=0.25,positive_only,0.5,0.25,0.1750550947106634,0.0633043478260869,0.1578947368421052,0.1560043096303983,0.9199380165289256,0.0976856372668233,True,S1/random_over,0.1948259013059969,0.016,0.3004541611014315,0.2105263157894736,0.1726500973791103,0.0154408776919951,0.2230146581629211,0.1150442477876106,-0.01977080659533348,0.047304347826086904,-0.016645787748712004
regen_gridA,1,44,ig_clean,lgbm,ig_clean/mode=positive_only/ratio=1.0/keep=0.75,positive_only,1.0,0.75,0.1919463595746197,0.0351304347826086,0.1447368421052631,0.1429511393865671,0.9623507805325988,0.1187015308666211,True,S1/random_over,0.2023158863943266,0.04,0.2860958320063139,0.1973684210526315,0.1579394910802407,0.0394148720032507,0.1831308188237109,0.1150442477876106,-0.010369526819706903,-0.004869565217391403,-0.014988351693673602
regen_gridA,1,44,ig_smote,lgbm,ig_smote/mode=positive_only/ratio=0.5/keep=0.75,positive_only,0.5,0.75,0.1744613399490361,0.056,0.131578947368421,0.1619457195750442,0.974265556326625,0.0867896999697158,False,S1/random_over,0.2023158863943266,0.04,0.2860958320063139,0.1973684210526315,0.1579394910802407,0.0394148720032507,0.1831308188237109,0.1150442477876106,-0.027854546445290507,0.016,0.004006228494803504
regen_gridA,1,44,s1_plus_ig,lgbm,s1_plus_ig/mode=positive_only/ratio=1.0/keep=0.75,positive_only,1.0,0.75,0.1686851650965281,0.0473043478260869,0.0921052631578947,0.1406521546624434,0.974265556326625,0.0867896999697158,True,S1/random_over,0.2023158863943266,0.04,0.2860958320063139,0.1973684210526315,0.1579394910802407,0.0394148720032507,0.1831308188237109,0.1150442477876106,-0.03363072129779851,0.007304347826086896,-0.017287336417797283
regen_gridA,1,45,ig_clean,lgbm,ig_clean/mode=positive_only/ratio=1.0/keep=0.25,positive_only,1.0,0.25,0.1988542042227452,0.009391304347826,0.2236842105263158,0.1847102244726921,0.9359504132231404,0.1471452991349825,True,S1/smote,0.2028211230891053,0.0274782608695652,0.288902000266626,0.1710526315789473,0.1489711297317594,0.040633888663145,0.1485369698308564,0.1150442477876106,-0.0039669188663601085,-0.018086956521739198,0.0357390947409327
regen_gridA,1,45,ig_smote,lgbm,ig_smote/mode=positive_only/ratio=0.5/keep=0.25,positive_only,0.5,0.25,0.2019532333531052,0.033391304347826,0.1842105263157894,0.1786439027777132,0.8879132231404958,0.111071965520064,True,S1/smote,0.2028211230891053,0.0274782608695652,0.288902000266626,0.1710526315789473,0.1489711297317594,0.040633888663145,0.1485369698308564,0.1150442477876106,-0.0008678897360001048,0.005913043478260802,0.029672773045953782
regen_gridA,1,45,s1_plus_ig,lgbm,s1_plus_ig/mode=positive_only/ratio=0.5/keep=0.25,positive_only,0.5,0.25,0.2013631001543338,0.0041739130434782,0.1842105263157894,0.1984500058244666,0.8879132231404958,0.111071965520064,True,S1/smote,0.2028211230891053,0.0274782608695652,0.288902000266626,0.1710526315789473,0.1489711297317594,0.040633888663145,0.1485369698308564,0.1150442477876106,-0.0014580229347714857,-0.023304347826087,0.04947887609270718
regen_gridA,1,46,ig_clean,lgbm,ig_clean/mode=positive_only/ratio=1.0/keep=0.75,positive_only,1.0,0.75,0.2109688329932941,0.0730434782608695,0.1842105263157894,0.1760573113425226,0.9722222222222222,0.1033865185252051,True,S0/none,0.2153677457163523,0.0288695652173913,0.2826901644504098,0.1973684210526315,0.1566293781745764,0.0251930109711499,0.186313198950864,0.0973451327433628,-0.0043989127230582015,0.0441739130434782,0.019427933167946193
regen_gridA,1,46,ig_smote,lgbm,ig_smote/mode=conditional_mixed/ratio=0.5/keep=0.75,conditional_mixed,0.5,0.75,0.1852097687499513,0.08,0.1710526315789473,0.1681382757491126,0.9467383761276892,0.0833953765764079,False,S0/none,0.2153677457163523,0.0288695652173913,0.2826901644504098,0.1973684210526315,0.1566293781745764,0.0251930109711499,0.186313198950864,0.0973451327433628,-0.030157976966401018,0.0511304347826087,0.011508897574536214
regen_gridA,1,46,s1_plus_ig,lgbm,s1_plus_ig/mode=conditional_mixed/ratio=0.5/keep=0.75,conditional_mixed,0.5,0.75,0.1841978844711155,0.0299130434782608,0.1710526315789473,0.1554951403808755,0.9467383761276892,0.0833953765764079,False,S0/none,0.2153677457163523,0.0288695652173913,0.2826901644504098,0.1973684210526315,0.1566293781745764,0.0251930109711499,0.186313198950864,0.0973451327433628,-0.031169861245236824,0.0010434782608695,-0.001134237793700893
regen_gridA,2,42,ig_clean,lgbm,ig_clean/mode=conditional_mixed/ratio=0.5/keep=0.25,conditional_mixed,0.5,0.25,0.03727074537388,0.0405405405405405,0.026595744680851,0.029465253800047,0.8636363636363636,0.0181365596924172,True,S1/smote,0.0315842854766866,0.4333673295937447,0.0793949278516604,0.026595744680851,0.0292547175672917,0.3630460448642267,0.042208794595358,0.0,0.005686459897193401,-0.3928267890532042,0.0002105362327553019
regen_gridA,2,42,ig_smote,lgbm,ig_smote/mode=positive_only/ratio=1.0/keep=0.75,positive_only,1.0,0.75,0.0337396057868703,0.0238823729389767,0.0478723404255319,0.0260065576156132,0.976184448691822,0.0181409186622785,True,S1/smote,0.0315842854766866,0.4333673295937447,0.0793949278516604,0.026595744680851,0.0292547175672917,0.3630460448642267,0.042208794595358,0.0,0.0021553203101837004,-0.409484956654768,-0.0032481599516785004
regen_gridA,2,42,s1_plus_ig,lgbm,s1_plus_ig/mode=conditional_mixed/ratio=0.5/keep=0.75,conditional_mixed,0.5,0.75,0.0314659698868759,0.0,0.0159574468085106,0.0238100838315207,0.986918218295508,0.0162375974817158,False,S1/smote,0.0315842854766866,0.4333673295937447,0.0793949278516604,0.026595744680851,0.0292547175672917,0.3630460448642267,0.042208794595358,0.0,-0.00011831558981069412,-0.4333673295937447,-0.0054446337357710005
regen_gridA,2,43,ig_clean,lgbm,ig_clean/mode=positive_only/ratio=0.5/keep=0.25,positive_only,0.5,0.25,0.0305488726374981,0.0,0.0212765957446808,0.0241778366175441,0.882858435097241,0.0170530350897601,True,S1/random_over,0.0385084381713766,0.0210776814550399,0.0974538650676438,0.0531914893617021,0.0416032402001051,0.015495867768595,0.0798159468067796,0.0521739130434782,-0.007959565533878499,-0.0210776814550399,-0.017425403582561
regen_gridA,2,43,ig_smote,lgbm,ig_smote/mode=conditional_mixed/ratio=1.0/keep=0.25,conditional_mixed,1.0,0.25,0.0308355269282826,0.0994390617032126,0.0319148936170212,0.0275325939349873,0.9558482672847533,0.017847611254484,True,S1/random_over,0.0385084381713766,0.0210776814550399,0.0974538650676438,0.0531914893617021,0.0416032402001051,0.015495867768595,0.0798159468067796,0.0521739130434782,-0.007672911243094001,0.0783613802481727,-0.014070646265117798
regen_gridA,2,43,s1_plus_ig,lgbm,s1_plus_ig/mode=conditional_mixed/ratio=1.0/keep=0.25,conditional_mixed,1.0,0.25,0.0340556946633998,0.0557538670746217,0.0212765957446808,0.0301499414139669,0.9558482672847533,0.017847611254484,True,S1/random_over,0.0385084381713766,0.0210776814550399,0.0974538650676438,0.0531914893617021,0.0416032402001051,0.015495867768595,0.0798159468067796,0.0521739130434782,-0.004452743507976802,0.0346761856195818,-0.0114532987861382
regen_gridA,2,44,ig_clean,lgbm,ig_clean/mode=positive_only/ratio=1.0/keep=0.25,positive_only,1.0,0.25,0.0287422203196207,0.2098419173890872,0.0159574468085106,0.0249890310640384,0.8355947535052013,0.0198451082920243,True,S1/random_under_20to1,0.0306231968948749,0.039775624681285,0.0713523296571195,0.0425531914893617,0.0244998431876589,0.034090909090909,0.0308612515635906,0.0260869565217391,-0.0018809765752542014,0.17006629270780219,0.0004891878763795023
regen_gridA,2,44,ig_smote,lgbm,ig_smote/mode=positive_only/ratio=1.0/keep=0.25,positive_only,1.0,0.25,0.0283530909480926,0.350841407445181,0.0159574468085106,0.0278017429167751,0.8816213465995816,0.0141896589475165,True,S1/random_under_20to1,0.0306231968948749,0.039775624681285,0.0713523296571195,0.0425531914893617,0.0244998431876589,0.034090909090909,0.0308612515635906,0.0260869565217391,-0.0022701059467823033,0.311065782763896,0.003301899729116202
regen_gridA,2,44,s1_plus_ig,lgbm,s1_plus_ig/mode=positive_only/ratio=1.0/keep=0.75,positive_only,1.0,0.75,0.0296968096800027,0.3271290158082611,0.0106382978723404,0.0218143268192449,0.9502677113527336,0.0150188107575995,True,S1/random_under_20to1,0.0306231968948749,0.039775624681285,0.0713523296571195,0.0425531914893617,0.0244998431876589,0.034090909090909,0.0308612515635906,0.0260869565217391,-0.0009263872148722006,0.2873533911269761,-0.0026855163684139996
regen_gridA,2,45,ig_clean,lgbm,ig_clean/mode=conditional_mixed/ratio=0.5/keep=0.25,conditional_mixed,0.5,0.25,0.0324766092721091,0.208057113717491,0.0106382978723404,0.0247012509555243,0.8439620081411127,0.0172467156176163,True,S1/smote,0.0333332075943569,0.042410334863165,0.0803183755542366,0.0478723404255319,0.0254674312847459,0.0302538370720188,0.0543495093010515,0.008695652173913,-0.000856598322247798,0.165646778854326,-0.0007661803292215996
regen_gridA,2,45,ig_smote,lgbm,ig_smote/mode=conditional_mixed/ratio=1.0/keep=0.25,conditional_mixed,1.0,0.25,0.0274031161885706,0.4297977222505524,0.0159574468085106,0.0237996093886315,0.8756289219288823,0.014973791636407,True,S1/smote,0.0333332075943569,0.042410334863165,0.0803183755542366,0.0478723404255319,0.0254674312847459,0.0302538370720188,0.0543495093010515,0.008695652173913,-0.005930091405786302,0.3873873873873874,-0.0016678218961143979
regen_gridA,2,45,s1_plus_ig,lgbm,s1_plus_ig/mode=positive_only/ratio=1.0/keep=0.75,positive_only,1.0,0.75,0.0350042736726503,0.0344212136664966,0.0319148936170212,0.0246043728723822,0.9371099831651962,0.0164722960633668,True,S1/smote,0.0333332075943569,0.042410334863165,0.0803183755542366,0.0478723404255319,0.0254674312847459,0.0302538370720188,0.0543495093010515,0.008695652173913,0.0016710660782933984,-0.007989121196668399,-0.0008630584123636986
regen_gridA,2,46,ig_clean,lgbm,ig_clean/mode=conditional_mixed/ratio=1.0/keep=0.25,conditional_mixed,1.0,0.25,0.0312405250435121,0.3357980622131565,0.026595744680851,0.0272970667756783,0.8738127544097694,0.0227537672751864,True,S1/smote,0.0353780471359809,0.0363759986401495,0.0798532400765414,0.0425531914893617,0.0312562271334208,0.0268595041322314,0.060010999559462,0.0260869565217391,-0.0041375220924688046,0.299422063573007,-0.003959160357742499
regen_gridA,2,46,ig_smote,lgbm,ig_smote/mode=positive_only/ratio=1.0/keep=0.25,positive_only,1.0,0.25,0.0337645135087449,0.2650008499065103,0.026595744680851,0.0260649195009754,0.9083045960766578,0.0179173413316808,True,S1/smote,0.0353780471359809,0.0363759986401495,0.0798532400765414,0.0425531914893617,0.0312562271334208,0.0268595041322314,0.060010999559462,0.0260869565217391,-0.0016135336272359996,0.22862485126636078,-0.005191307632445401
regen_gridA,2,46,s1_plus_ig,lgbm,s1_plus_ig/mode=positive_only/ratio=0.5/keep=0.75,positive_only,0.5,0.75,0.0329317287799629,0.1177120516743158,0.026595744680851,0.0273752301447083,0.9662924192752174,0.0234012852540068,False,S1/smote,0.0353780471359809,0.0363759986401495,0.0798532400765414,0.0425531914893617,0.0312562271334208,0.0268595041322314,0.060010999559462,0.0260869565217391,-0.0024463183560180027,0.0813360530341663,-0.0038809969887124984
regen_gridA,3,42,ig_clean,lgbm,ig_clean/mode=conditional_mixed/ratio=0.5/keep=0.75,conditional_mixed,0.5,0.75,0.1681322978829486,0.0167106420404573,0.1978021978021978,0.1298612979097112,0.877906976744186,0.0659545827267368,True,S1/random_under_20to1,0.1605468441500415,0.018249780123131,0.2714327129581684,0.2197802197802197,0.2333468997436433,0.0216873842898704,0.3286761926900788,0.0925925925925925,0.007585453732907088,-0.0015391380826737001,-0.1034856018339321
regen_gridA,3,42,ig_smote,lgbm,ig_smote/mode=conditional_mixed/ratio=0.5/keep=0.75,conditional_mixed,0.5,0.75,0.161616196262002,0.0050571679859278,0.2417582417582417,0.0895752994751043,0.9268912055600108,0.0911584551439515,False,S1/random_under_20to1,0.1605468441500415,0.018249780123131,0.2714327129581684,0.2197802197802197,0.2333468997436433,0.0216873842898704,0.3286761926900788,0.0925925925925925,0.001069352111960492,-0.0131926121372032,-0.14377160026853902
regen_gridA,3,42,s1_plus_ig,lgbm,s1_plus_ig/mode=conditional_mixed/ratio=0.5/keep=0.75,conditional_mixed,0.5,0.75,0.1755269390030393,0.0076956904133685,0.2637362637362637,0.1239578791901864,0.9268912055600108,0.0911584551439515,False,S1/random_under_20to1,0.1605468441500415,0.018249780123131,0.2714327129581684,0.2197802197802197,0.2333468997436433,0.0216873842898704,0.3286761926900788,0.0925925925925925,0.01498009485299781,-0.010554089709762498,-0.10938902055345691
regen_gridA,3,43,ig_clean,lgbm,ig_clean/mode=positive_only/ratio=1.0/keep=0.75,positive_only,1.0,0.75,0.1515536196594341,0.0105540897097625,0.2197802197802197,0.0950387351203484,0.9603594080338268,0.106353077897338,True,S1/random_under_10to1,0.1581347198488911,0.0021987686895338,0.2451732809788932,0.1868131868131868,0.1191726483293702,0.0010579211848717,0.1035792003387403,0.074074074074074,-0.006581100189457012,0.0083553210202287,-0.024133913209021807
regen_gridA,3,43,ig_smote,lgbm,ig_smote/mode=positive_only/ratio=0.5/keep=0.25,positive_only,0.5,0.25,0.1611019377267042,0.0109938434476693,0.2307692307692307,0.1447151650400597,0.8787158145065398,0.0637981975694763,True,S1/random_under_10to1,0.1581347198488911,0.0021987686895338,0.2451732809788932,0.1868131868131868,0.1191726483293702,0.0010579211848717,0.1035792003387403,0.074074074074074,0.002967217877813094,0.0087950747581355,0.02554251671068951
regen_gridA,3,43,s1_plus_ig,lgbm,s1_plus_ig/mode=conditional_mixed/ratio=0.5/keep=0.25,conditional_mixed,0.5,0.25,0.1619531095197909,0.0019788918205804,0.1978021978021978,0.0736075285884773,0.8026159334126041,0.0827180214182796,True,S1/random_under_10to1,0.1581347198488911,0.0021987686895338,0.2451732809788932,0.1868131868131868,0.1191726483293702,0.0010579211848717,0.1035792003387403,0.074074074074074,0.0038183896708997855,-0.00021987686895340005,-0.045565119740892904
regen_gridA,3,44,ig_clean,lgbm,ig_clean/mode=positive_only/ratio=0.5/keep=0.75,positive_only,0.5,0.75,0.1676664171658995,0.0048372911169744,0.2197802197802197,0.2087084467300036,0.964587737843552,0.0418933916864006,True,S1/random_under_10to1,0.1370764833599004,0.0059366754617414,0.2326423603834589,0.1978021978021978,0.1572023964946569,0.0058185665167944,0.0966642288140373,0.0925925925925925,0.030589933805999114,-0.0010993843447669998,0.05150605023534671
regen_gridA,3,44,ig_smote,lgbm,ig_smote/mode=conditional_mixed/ratio=0.5/keep=0.75,conditional_mixed,0.5,0.75,0.1443760599933999,0.0068161829375549,0.2307692307692307,0.1225821612074893,0.9194065757818766,0.0522413642207296,False,S1/random_under_10to1,0.1370764833599004,0.0059366754617414,0.2326423603834589,0.1978021978021978,0.1572023964946569,0.0058185665167944,0.0966642288140373,0.0925925925925925,0.007299576633499505,0.0008795074758134996,-0.034620235287167594
regen_gridA,3,44,s1_plus_ig,lgbm,s1_plus_ig/mode=conditional_mixed/ratio=1.0/keep=0.25,conditional_mixed,1.0,0.25,0.1483801420707621,0.0081354441512752,0.2307692307692307,0.1193995548274708,0.8097502972651606,0.0562236307548155,True,S1/random_under_10to1,0.1370764833599004,0.0059366754617414,0.2326423603834589,0.1978021978021978,0.1572023964946569,0.0058185665167944,0.0966642288140373,0.0925925925925925,0.011303658710861725,0.0021987686895337992,-0.03780284166718609
regen_gridA,3,45,ig_clean,lgbm,ig_clean/mode=positive_only/ratio=1.0/keep=0.25,positive_only,1.0,0.25,0.1560077487303961,0.0065963060686015,0.1978021978021978,0.1316494150199473,0.6714285714285715,0.0200518956316013,True,S1/random_under_10to1,0.1511257954077651,0.0169305189094107,0.2529757107933698,0.1758241758241758,0.1367585472766096,0.01533985718064,0.0858617466040592,0.0833333333333333,0.004881953322631,-0.010334212840809202,-0.005109132256662291
regen_gridA,3,45,ig_smote,lgbm,ig_smote/mode=positive_only/ratio=1.0/keep=0.25,positive_only,1.0,0.25,0.1584626185605742,0.0039577836411609,0.2307692307692307,0.1706813024360459,0.9346016646848988,0.0453525267652935,True,S1/random_under_10to1,0.1511257954077651,0.0169305189094107,0.2529757107933698,0.1758241758241758,0.1367585472766096,0.01533985718064,0.0858617466040592,0.0833333333333333,0.007336823152809091,-0.012972735268249802,0.033922755159436296
regen_gridA,3,45,s1_plus_ig,lgbm,s1_plus_ig/mode=positive_only/ratio=0.5/keep=0.25,positive_only,0.5,0.25,0.1691921280369459,0.0129727352682497,0.2087912087912088,0.1320287326088038,0.9346016646848988,0.0453525267652935,True,S1/random_under_10to1,0.1511257954077651,0.0169305189094107,0.2529757107933698,0.1758241758241758,0.1367585472766096,0.01533985718064,0.0858617466040592,0.0833333333333333,0.01806633262918078,-0.003957783641161002,-0.0047298146678058095
regen_gridA,3,46,ig_clean,lgbm,ig_clean/mode=conditional_mixed/ratio=1.0/keep=0.75,conditional_mixed,1.0,0.75,0.1588892578882147,0.0063764291996481,0.1978021978021978,0.1217674691731553,0.8150105708245244,0.0648560194462126,True,S1/random_under_10to1,0.1684320999820308,0.0127528583992963,0.322167963858707,0.2857142857142857,0.1907318992274641,0.0327955567310235,0.2759943493059967,0.2129629629629629,-0.00954284209381609,-0.006376429199648199,-0.06896443005430881
regen_gridA,3,46,ig_smote,lgbm,ig_smote/mode=conditional_mixed/ratio=0.5/keep=0.75,conditional_mixed,0.5,0.75,0.1521027015937047,0.0145118733509234,0.2087912087912088,0.1137226447224415,0.9399893076717456,0.1029198035283382,False,S1/random_under_10to1,0.1684320999820308,0.0127528583992963,0.322167963858707,0.2857142857142857,0.1907318992274641,0.0327955567310235,0.2759943493059967,0.2129629629629629,-0.01632939838832609,0.0017590149516270998,-0.07700925450502262
regen_gridA,3,46,s1_plus_ig,lgbm,s1_plus_ig/mode=positive_only/ratio=0.5/keep=0.75,positive_only,0.5,0.75,0.1514524965599553,0.0030782761653474,0.2087912087912088,0.1195838162333334,0.9717989842288158,0.0343054144434423,False,S1/random_under_10to1,0.1684320999820308,0.0127528583992963,0.322167963858707,0.2857142857142857,0.1907318992274641,0.0327955567310235,0.2759943493059967,0.2129629629629629,-0.016979603422075495,-0.0096745822339489,-0.07114808299413071
regen_gridA,4,42,ig_clean,lgbm,ig_clean/mode=conditional_mixed/ratio=0.5/keep=0.25,conditional_mixed,0.5,0.25,0.0837585336933489,0.0007552870090634,0.074074074074074,0.0374830029561874,,0.0171997055707955,True,S1/random_over,0.1397526798584926,0.0,0.2696318139669245,0.074074074074074,0.0383019880047744,0.0,0.0,0.0,-0.0559941461651437,0.0007552870090634,-0.0008189850485869968
regen_gridA,4,42,ig_smote,lgbm,ig_smote/mode=conditional_mixed/ratio=0.5/keep=0.75,conditional_mixed,0.5,0.75,0.0702675267993991,0.0,0.074074074074074,0.0833588993749253,0.8232118758434548,0.0183809144093278,False,S1/random_over,0.1397526798584926,0.0,0.2696318139669245,0.074074074074074,0.0383019880047744,0.0,0.0,0.0,-0.0694851530590935,0.0,0.0450569113701509
regen_gridA,4,42,s1_plus_ig,lgbm,s1_plus_ig/mode=conditional_mixed/ratio=0.5/keep=0.25,conditional_mixed,0.5,0.25,0.0869131216475838,0.0007552870090634,0.074074074074074,0.0772424317785767,0.6508875739644969,0.0389310277327068,True,S1/random_over,0.1397526798584926,0.0,0.2696318139669245,0.074074074074074,0.0383019880047744,0.0,0.0,0.0,-0.0528395582109088,0.0007552870090634,0.038940443773802305
regen_gridA,4,43,ig_clean,lgbm,ig_clean/mode=conditional_mixed/ratio=0.5/keep=0.75,conditional_mixed,0.5,0.75,0.0779034616819266,0.0,0.074074074074074,0.0488245652902055,0.7868421052631579,0.0247364046276332,True,S1/smote,0.0716885696288962,0.0,0.1905878567447201,0.074074074074074,0.0397643571201544,0.0,0.0,0.0,0.006214892053030399,0.0,0.009060208170051098
regen_gridA,4,43,ig_smote,lgbm,ig_smote/mode=positive_only/ratio=0.5/keep=0.75,positive_only,0.5,0.75,0.0931496689674978,0.0,0.074074074074074,0.0397329661097325,0.9230769230769232,0.0300115728911708,False,S1/smote,0.0716885696288962,0.0,0.1905878567447201,0.074074074074074,0.0397643571201544,0.0,0.0,0.0,0.02146109933860159,0.0,-3.1391010421898125e-05
regen_gridA,4,43,s1_plus_ig,lgbm,s1_plus_ig/mode=positive_only/ratio=1.0/keep=0.25,positive_only,1.0,0.25,0.0676722590471789,0.0,0.074074074074074,0.0557476124653635,0.8875739644970415,0.0177597522152053,True,S1/smote,0.0716885696288962,0.0,0.1905878567447201,0.074074074074074,0.0397643571201544,0.0,0.0,0.0,-0.004016310581717308,0.0,0.0159832553452091
regen_gridA,4,44,ig_clean,lgbm,ig_clean/mode=conditional_mixed/ratio=0.5/keep=0.25,conditional_mixed,0.5,0.25,0.0718120514030005,0.0,0.074074074074074,0.0955426449943966,,0.0249348015793198,True,S1/random_over,0.0763113896829034,0.0,0.1905878567447201,0.037037037037037,0.0501093421768835,0.0007830853563038,-0.0054859794694871,0.0,-0.004499338279902898,0.0,0.0454333028175131
regen_gridA,4,44,ig_smote,lgbm,ig_smote/mode=conditional_mixed/ratio=0.5/keep=0.25,conditional_mixed,0.5,0.25,0.0745028483580142,0.0,0.074074074074074,0.0532616779792697,0.7278106508875739,0.0573862561534868,True,S1/random_over,0.0763113896829034,0.0,0.1905878567447201,0.037037037037037,0.0501093421768835,0.0007830853563038,-0.0054859794694871,0.0,-0.0018085413248891957,0.0,0.0031523358023861983
regen_gridA,4,44,s1_plus_ig,lgbm,s1_plus_ig/mode=conditional_mixed/ratio=1.0/keep=0.25,conditional_mixed,1.0,0.25,0.0837446281641607,0.0007552870090634,0.074074074074074,0.0574515011852878,0.7278106508875739,0.0573862561534868,True,S1/random_over,0.0763113896829034,0.0,0.1905878567447201,0.037037037037037,0.0501093421768835,0.0007830853563038,-0.0054859794694871,0.0,0.007433238481257307,0.0007552870090634,0.007342159008404299
regen_gridA,4,45,ig_clean,lgbm,ig_clean/mode=positive_only/ratio=0.5/keep=0.75,positive_only,0.5,0.75,0.0822137578020553,0.0007552870090634,0.074074074074074,0.0633496817726324,0.6710526315789473,0.0235842269914114,True,S0/none,0.0985698837247221,0.0128398791540785,0.1905686701252353,0.1481481481481481,0.0437717322079414,0.0148786217697729,0.0074619323945321,0.0196078431372549,-0.016356125922666803,-0.0120845921450151,0.019577949564690993
regen_gridA,4,45,ig_smote,lgbm,ig_smote/mode=positive_only/ratio=1.0/keep=0.25,positive_only,1.0,0.25,0.0761150511307565,0.0,0.074074074074074,0.0383545087487867,0.7514792899408284,0.0227862051535581,True,S0/none,0.0985698837247221,0.0128398791540785,0.1905686701252353,0.1481481481481481,0.0437717322079414,0.0148786217697729,0.0074619323945321,0.0196078431372549,-0.022454832593965593,-0.0128398791540785,-0.005417223459154699
regen_gridA,4,45,s1_plus_ig,lgbm,s1_plus_ig/mode=positive_only/ratio=0.5/keep=0.25,positive_only,0.5,0.25,0.0761709449568534,0.0,0.074074074074074,0.0381296395127909,0.7514792899408284,0.0227862051535581,True,S0/none,0.0985698837247221,0.0128398791540785,0.1905686701252353,0.1481481481481481,0.0437717322079414,0.0148786217697729,0.0074619323945321,0.0196078431372549,-0.022398938767868692,-0.0128398791540785,-0.005642092695150501
regen_gridA,4,46,ig_clean,lgbm,ig_clean/mode=positive_only/ratio=1.0/keep=0.25,positive_only,1.0,0.25,0.0847193979379905,0.0,0.074074074074074,0.0606702036577782,,0.0296285342838599,True,S1/random_over,0.1019806473960459,0.0007552870090634,0.2179894987995807,0.074074074074074,0.0432343694458432,0.0,0.0,0.0,-0.01726124945805539,-0.0007552870090634,0.017435834211935
regen_gridA,4,46,ig_smote,lgbm,ig_smote/mode=positive_only/ratio=0.5/keep=0.25,positive_only,0.5,0.25,0.0751336610996359,0.0,0.074074074074074,0.0390253010505388,0.7218934911242604,0.0287748830606709,True,S1/random_over,0.1019806473960459,0.0007552870090634,0.2179894987995807,0.074074074074074,0.0432343694458432,0.0,0.0,0.0,-0.026846986296409997,-0.0007552870090634,-0.004209068395304397
regen_gridA,4,46,s1_plus_ig,lgbm,s1_plus_ig/mode=conditional_mixed/ratio=0.5/keep=0.25,conditional_mixed,0.5,0.25,0.0920200217627286,0.0,0.074074074074074,0.0705852101801564,0.4911242603550296,0.0328647348289029,True,S1/random_over,0.1019806473960459,0.0007552870090634,0.2179894987995807,0.074074074074074,0.0432343694458432,0.0,0.0,0.0,-0.009960625633317302,-0.0007552870090634,0.027350840734313202
regen_gridA,5,42,ig_clean,lgbm,ig_clean/mode=conditional_mixed/ratio=0.5/keep=0.25,conditional_mixed,0.5,0.25,0.0755722247653644,0.0,0.0634920634920634,0.0733317696905629,0.8507653061224489,0.0368794266528783,True,S1/smote,0.0814740151271074,0.0,0.2155126051904876,0.0476190476190476,0.0655599540126616,0.0014897579143389,-0.0069932963727837,0.0,-0.005901790361743001,0.0,0.007771815677901306
regen_gridA,5,42,ig_smote,lgbm,ig_smote/mode=conditional_mixed/ratio=1.0/keep=0.25,conditional_mixed,1.0,0.25,0.0730468196903722,0.0054736842105263,0.0952380952380952,0.0673360431282376,0.6978512396694215,0.0451187556031698,True,S1/smote,0.0814740151271074,0.0,0.2155126051904876,0.0476190476190476,0.0655599540126616,0.0014897579143389,-0.0069932963727837,0.0,-0.008427195436735202,0.0054736842105263,0.0017760891155760017
regen_gridA,5,42,s1_plus_ig,lgbm,s1_plus_ig/mode=conditional_mixed/ratio=0.5/keep=0.25,conditional_mixed,0.5,0.25,0.0543306176184359,0.0,0.0317460317460317,0.060804959714286,0.6978512396694215,0.0451187556031698,True,S1/smote,0.0814740151271074,0.0,0.2155126051904876,0.0476190476190476,0.0655599540126616,0.0014897579143389,-0.0069932963727837,0.0,-0.027143397508671507,0.0,-0.0047549942983756005
regen_gridA,5,43,ig_clean,lgbm,ig_clean/mode=conditional_mixed/ratio=0.5/keep=0.75,conditional_mixed,0.5,0.75,0.0958490779803343,0.0012631578947368,0.0793650793650793,0.0772408795980234,0.8909785483397002,0.0417193523585015,True,S1/random_under_20to1,0.097115158561257,0.0004210526315789,0.2211952602471559,0.0793650793650793,0.0655843263977517,0.0011173184357541,0.0463401946460288,0.0109890109890109,-0.0012660805809227016,0.0008421052631579001,0.011656553200271688
regen_gridA,5,43,ig_smote,lgbm,ig_smote/mode=conditional_mixed/ratio=0.5/keep=0.25,conditional_mixed,0.5,0.25,0.1035647653944726,0.0,0.1111111111111111,0.07546319962929,0.9166942148760332,0.029695945665975,True,S1/random_under_20to1,0.097115158561257,0.0004210526315789,0.2211952602471559,0.0793650793650793,0.0655843263977517,0.0011173184357541,0.0463401946460288,0.0109890109890109,0.00644960683321559,-0.0004210526315789,0.009878873231538299
regen_gridA,5,43,s1_plus_ig,lgbm,s1_plus_ig/mode=conditional_mixed/ratio=1.0/keep=0.25,conditional_mixed,1.0,0.25,0.0589259385577575,0.0004210526315789,0.0317460317460317,0.0769180339655233,0.9166942148760332,0.029695945665975,True,S1/random_under_20to1,0.097115158561257,0.0004210526315789,0.2211952602471559,0.0793650793650793,0.0655843263977517,0.0011173184357541,0.0463401946460288,0.0109890109890109,-0.03818922000349951,0.0,0.011333707567771592
regen_gridA,5,44,ig_clean,lgbm,ig_clean/mode=conditional_mixed/ratio=1.0/keep=0.25,conditional_mixed,1.0,0.25,0.0624067497564126,0.0,0.0317460317460317,0.0565085329366684,0.7678571428571428,0.0314269703368888,True,S1/smote,0.1022355947644453,0.0,0.2155126051904876,0.1111111111111111,0.0785752506276495,0.0011173184357541,-0.0060552801912547,0.0659340659340659,-0.0398288450080327,0.0,-0.0220667176909811
regen_gridA,5,44,ig_smote,lgbm,ig_smote/mode=positive_only/ratio=1.0/keep=0.75,positive_only,1.0,0.75,0.0643014885968904,0.0004210526315789,0.0476190476190476,0.0513689474135744,0.9693643754619364,0.0449397330919352,True,S1/smote,0.1022355947644453,0.0,0.2155126051904876,0.1111111111111111,0.0785752506276495,0.0011173184357541,-0.0060552801912547,0.0659340659340659,-0.037934106167554896,0.0004210526315789,-0.0272063032140751
regen_gridA,5,44,s1_plus_ig,lgbm,s1_plus_ig/mode=positive_only/ratio=1.0/keep=0.25,positive_only,1.0,0.25,0.1079607819227398,0.0004210526315789,0.0952380952380952,0.0543212521981128,0.8555371900826446,0.0414357246660201,True,S1/smote,0.1022355947644453,0.0,0.2155126051904876,0.1111111111111111,0.0785752506276495,0.0011173184357541,-0.0060552801912547,0.0659340659340659,0.005725187158294509,0.0004210526315789,-0.024253998429536704
regen_gridA,5,45,ig_clean,lgbm,ig_clean/mode=conditional_mixed/ratio=0.5/keep=0.25,conditional_mixed,0.5,0.25,0.0665628300211458,0.0,0.0793650793650793,0.0809290550597465,0.875,0.0461439960118685,True,S1/smote,0.1093164076908763,0.0,0.2489036360656328,0.0793650793650793,0.0871662615082754,0.0014897579143389,0.0785565666882368,0.0769230769230769,-0.04275357766973051,0.0,-0.006237206448528904
regen_gridA,5,45,ig_smote,lgbm,ig_smote/mode=conditional_mixed/ratio=1.0/keep=0.75,conditional_mixed,1.0,0.75,0.0714928829093234,0.0004210526315789,0.0793650793650793,0.0556124874743673,0.9463784183296378,0.0371561310729596,True,S1/smote,0.1093164076908763,0.0,0.2489036360656328,0.0793650793650793,0.0871662615082754,0.0014897579143389,0.0785565666882368,0.0769230769230769,-0.0378235247815529,0.0004210526315789,-0.031553774033908105
regen_gridA,5,45,s1_plus_ig,lgbm,s1_plus_ig/mode=conditional_mixed/ratio=1.0/keep=0.75,conditional_mixed,1.0,0.75,0.0688912547828712,0.0,0.0476190476190476,0.0668498871017043,0.9463784183296378,0.0371561310729596,True,S1/smote,0.1093164076908763,0.0,0.2489036360656328,0.0793650793650793,0.0871662615082754,0.0014897579143389,0.0785565666882368,0.0769230769230769,-0.04042515290800511,0.0,-0.02031637440657111
regen_gridA,5,46,ig_clean,lgbm,ig_clean/mode=positive_only/ratio=0.5/keep=0.75,positive_only,0.5,0.75,0.0576940025352108,0.0004210526315789,0.0317460317460317,0.0675143209998796,0.850426094622392,0.0263972345626048,True,S1/smote,0.1128263392267448,0.0004210526315789,0.2527923610014928,0.0793650793650793,0.0712416966743631,0.0059590316573556,0.0583297484684572,0.0329670329670329,-0.055132336691534,0.0,-0.003727375674483502
regen_gridA,5,46,ig_smote,lgbm,ig_smote/mode=positive_only/ratio=0.5/keep=0.75,positive_only,0.5,0.75,0.0588797271109175,0.0,0.0476190476190476,0.063428041560522,0.9568366592756836,0.0377194516813787,False,S1/smote,0.1128263392267448,0.0004210526315789,0.2527923610014928,0.0793650793650793,0.0712416966743631,0.0059590316573556,0.0583297484684572,0.0329670329670329,-0.053946612115827304,-0.0004210526315789,-0.007813655113841106
regen_gridA,5,46,s1_plus_ig,lgbm,s1_plus_ig/mode=conditional_mixed/ratio=1.0/keep=0.25,conditional_mixed,1.0,0.25,0.062955933252747,0.0,0.0317460317460317,0.0653429854007432,0.8373553719008264,0.066775523557325,True,S1/smote,0.1128263392267448,0.0004210526315789,0.2527923610014928,0.0793650793650793,0.0712416966743631,0.0059590316573556,0.0583297484684572,0.0329670329670329,-0.049870405973997806,-0.0004210526315789,-0.0058987112736199054
regen_gridA,6,42,ig_clean,lgbm,ig_clean/mode=conditional_mixed/ratio=1.0/keep=0.75,conditional_mixed,1.0,0.75,0.1703552727417918,0.1003443957420162,0.0981308411214953,0.0922006855519512,0.9836627285436256,0.0917802263112788,True,S1/smote,0.1775303938330277,0.0716969317470256,0.2323624774946208,0.1121495327102803,0.0950239580636381,0.0959586639601402,0.1337227645381271,0.0251256281407035,-0.007175121091235914,0.028647463994990602,-0.002823272511686903
regen_gridA,6,42,ig_smote,lgbm,ig_smote/mode=positive_only/ratio=0.5/keep=0.75,positive_only,0.5,0.75,0.1789800159730877,0.0670006261740764,0.1401869158878504,0.1051769927650068,0.9767139058688084,0.0871775818955118,False,S1/smote,0.1775303938330277,0.0716969317470256,0.2323624774946208,0.1121495327102803,0.0950239580636381,0.0959586639601402,0.1337227645381271,0.0251256281407035,0.001449622140060003,-0.0046963055729492,0.010153034701368704
regen_gridA,6,42,s1_plus_ig,lgbm,s1_plus_ig/mode=positive_only/ratio=0.5/keep=0.25,positive_only,0.5,0.25,0.1755382581021857,0.0377269881026925,0.116822429906542,0.094031790373217,0.9224286417322834,0.0708071265389291,True,S1/smote,0.1775303938330277,0.0716969317470256,0.2323624774946208,0.1121495327102803,0.0950239580636381,0.0959586639601402,0.1337227645381271,0.0251256281407035,-0.001992135730842004,-0.033969943644333096,-0.0009921676904210974
regen_gridA,6,43,ig_clean,lgbm,ig_clean/mode=conditional_mixed/ratio=0.5/keep=0.25,conditional_mixed,0.5,0.25,0.1736557565451749,0.047589229805886,0.116822429906542,0.1100702048690882,0.86279296875,0.0734392249618913,True,S1/smote,0.1656663255470566,0.2205698184095178,0.2193068798101627,0.1308411214953271,0.1011091137486245,0.31795534231408,0.168932528123443,0.0201005025125628,0.007989430998118302,-0.1729805886036318,0.008961091120463699
regen_gridA,6,43,ig_smote,lgbm,ig_smote/mode=conditional_mixed/ratio=0.5/keep=0.75,conditional_mixed,0.5,0.75,0.172363764750182,0.0386662492172824,0.1214953271028037,0.0953332673125651,0.9777692497464432,0.0870329283958633,False,S1/smote,0.1656663255470566,0.2205698184095178,0.2193068798101627,0.1308411214953271,0.1011091137486245,0.31795534231408,0.168932528123443,0.0201005025125628,0.006697439203125405,-0.1819035691922354,-0.005775846436059398
regen_gridA,6,43,s1_plus_ig,lgbm,s1_plus_ig/mode=positive_only/ratio=1.0/keep=0.75,positive_only,1.0,0.75,0.1622560994529318,0.0381966186599874,0.102803738317757,0.1136278720541824,0.97130698171651,0.0753128804798986,True,S1/smote,0.1656663255470566,0.2205698184095178,0.2193068798101627,0.1308411214953271,0.1011091137486245,0.31795534231408,0.168932528123443,0.0201005025125628,-0.0034102260941248075,-0.18237319974953042,0.012518758305557903
regen_gridA,6,44,ig_clean,lgbm,ig_clean/mode=positive_only/ratio=0.5/keep=0.25,positive_only,0.5,0.25,0.1606392182463185,0.0297432686286787,0.1261682242990654,0.1225698382057828,0.88134765625,0.0709832283389347,True,S1/smote,0.1865467673513565,0.0403882279273638,0.2371508168093282,0.1261682242990654,0.1155968652517762,0.0420741834286768,0.1501105255522898,0.0351758793969849,-0.025907549105038008,-0.010644959298685103,0.00697297295400659
regen_gridA,6,44,ig_smote,lgbm,ig_smote/mode=conditional_mixed/ratio=1.0/keep=0.25,conditional_mixed,1.0,0.25,0.1652506242161212,0.0421102066374452,0.1074766355140186,0.0992558073068599,0.9332554133858268,0.0616892316916378,True,S1/smote,0.1865467673513565,0.0403882279273638,0.2371508168093282,0.1261682242990654,0.1155968652517762,0.0420741834286768,0.1501105255522898,0.0351758793969849,-0.021296143135235313,0.0017219787100813955,-0.016341057944916304
regen_gridA,6,44,s1_plus_ig,lgbm,s1_plus_ig/mode=conditional_mixed/ratio=1.0/keep=0.25,conditional_mixed,1.0,0.25,0.1724011668381232,0.0463368816530995,0.1214953271028037,0.1022321680651741,0.9332554133858268,0.0616892316916378,True,S1/smote,0.1865467673513565,0.0403882279273638,0.2371508168093282,0.1261682242990654,0.1155968652517762,0.0420741834286768,0.1501105255522898,0.0351758793969849,-0.014145600513233297,0.005948653725735699,-0.013364697186602104
regen_gridA,6,45,ig_clean,lgbm,ig_clean/mode=conditional_mixed/ratio=0.5/keep=0.25,conditional_mixed,0.5,0.25,0.1734215945007143,0.0277082028804007,0.1121495327102803,0.0999609240279532,0.88818359375,0.0728144035729105,True,S1/smote,0.183225989395206,0.0417971195992485,0.246651511997724,0.1401869158878504,0.1222964322409965,0.0529618010703081,0.1763639933331456,0.0603015075376884,-0.009804394894491725,-0.014088916718847797,-0.022335508213043295
regen_gridA,6,45,ig_smote,lgbm,ig_smote/mode=conditional_mixed/ratio=1.0/keep=0.25,conditional_mixed,1.0,0.25,0.1737215962749494,0.0444583594239198,0.1261682242990654,0.1182903796264751,0.9339936023622047,0.076698367906492,True,S1/smote,0.183225989395206,0.0417971195992485,0.246651511997724,0.1401869158878504,0.1222964322409965,0.0529618010703081,0.1763639933331456,0.0603015075376884,-0.00950439312025661,0.0026612398246712993,-0.004006052614521402
regen_gridA,6,45,s1_plus_ig,lgbm,s1_plus_ig/mode=conditional_mixed/ratio=0.5/keep=0.25,conditional_mixed,0.5,0.25,0.1774752866627444,0.0588603631809643,0.1355140186915887,0.1135362078496907,0.9339936023622047,0.076698367906492,True,S1/smote,0.183225989395206,0.0417971195992485,0.246651511997724,0.1401869158878504,0.1222964322409965,0.0529618010703081,0.1763639933331456,0.0603015075376884,-0.0057507027324616156,0.0170632435817158,-0.00876022439130579
regen_gridA,6,46,ig_clean,lgbm,ig_clean/mode=conditional_mixed/ratio=1.0/keep=0.25,conditional_mixed,1.0,0.25,0.1654977869834679,0.0464934251721978,0.0841121495327102,0.1077567574634287,0.89501953125,0.0575401570083296,True,S1/smote,0.1944563064663479,0.0428929242329367,0.2264808624697682,0.1355140186915887,0.1305501481923306,0.0468721166266838,0.1631357323225194,0.0603015075376884,-0.028958519482880002,0.003600500939261106,-0.022793390728901894
regen_gridA,6,46,ig_smote,lgbm,ig_smote/mode=conditional_mixed/ratio=0.5/keep=0.75,conditional_mixed,0.5,0.75,0.1646968520415196,0.0893863494051346,0.1121495327102803,0.1049997804002737,0.9795030289739864,0.0732176776467185,False,S1/smote,0.1944563064663479,0.0428929242329367,0.2264808624697682,0.1355140186915887,0.1305501481923306,0.0468721166266838,0.1631357323225194,0.0603015075376884,-0.029759454424828302,0.0464934251721979,-0.025550367792056897
regen_gridA,6,46,s1_plus_ig,lgbm,s1_plus_ig/mode=conditional_mixed/ratio=1.0/keep=0.75,conditional_mixed,1.0,0.75,0.1628394536604384,0.0621477770820288,0.0981308411214953,0.1073000300148928,0.9795030289739864,0.0732176776467185,True,S1/smote,0.1944563064663479,0.0428929242329367,0.2264808624697682,0.1355140186915887,0.1305501481923306,0.0468721166266838,0.1631357323225194,0.0603015075376884,-0.03161685280590951,0.019254852849092105,-0.0232501181774378
regen_gridA,7,42,ig_clean,lgbm,ig_clean/mode=positive_only/ratio=0.5/keep=0.25,positive_only,0.5,0.25,0.1404823402887784,0.0087709434386596,0.1990950226244343,0.1264854725408831,0.9097960356219476,0.0353557206193245,True,S1/random_under_20to1,0.163136943273626,0.0044979197121331,0.2559884082241416,0.1855203619909502,0.162217319901152,0.0086544962812711,0.1771571590358037,0.2347826086956521,-0.02265460298484759,0.0042730237265264995,-0.03573184736026891
regen_gridA,7,42,ig_smote,lgbm,ig_smote/mode=conditional_mixed/ratio=0.5/keep=0.25,conditional_mixed,0.5,0.25,0.1212920599235835,0.0084335994602496,0.1628959276018099,0.1246687575737627,0.9670353346739444,0.0237818227810733,True,S1/random_under_20to1,0.163136943273626,0.0044979197121331,0.2559884082241416,0.1855203619909502,0.162217319901152,0.0086544962812711,0.1771571590358037,0.2347826086956521,-0.041844883350042494,0.0039356797481165,-0.03754856232738932
regen_gridA,7,42,s1_plus_ig,lgbm,s1_plus_ig/mode=conditional_mixed/ratio=0.5/keep=0.25,conditional_mixed,0.5,0.25,0.114242128507557,0.0231642865174856,0.1176470588235294,0.0979303580836829,0.9670353346739444,0.0237818227810733,True,S1/random_under_20to1,0.163136943273626,0.0044979197121331,0.2559884082241416,0.1855203619909502,0.162217319901152,0.0086544962812711,0.1771571590358037,0.2347826086956521,-0.048894814766068995,0.018666366805352497,-0.06428696181746911
regen_gridA,7,43,ig_clean,lgbm,ig_clean/mode=positive_only/ratio=0.5/keep=0.25,positive_only,0.5,0.25,0.1224479372638757,0.0093331834026762,0.167420814479638,0.096501307798892,0.9258833668486068,0.041716969996715,True,S1/random_under_10to1,0.1686315934367636,0.0060721916113797,0.2552419136342201,0.1809954751131221,0.1675079802411185,0.0113590263691683,0.2587771189067505,0.2478260869565217,-0.04618365617288789,0.0032609917912965,-0.07100667244222648
regen_gridA,7,43,ig_smote,lgbm,ig_smote/mode=conditional_mixed/ratio=0.5/keep=0.25,conditional_mixed,0.5,0.25,0.1213711028747957,0.013381311143596,0.1447963800904977,0.1273890459551981,0.9685435219764436,0.0266379972319208,True,S1/random_under_10to1,0.1686315934367636,0.0060721916113797,0.2552419136342201,0.1809954751131221,0.1675079802411185,0.0113590263691683,0.2587771189067505,0.2478260869565217,-0.04726049056196789,0.0073091195322163,-0.04011893428592039
regen_gridA,7,43,s1_plus_ig,lgbm,s1_plus_ig/mode=conditional_mixed/ratio=0.5/keep=0.25,conditional_mixed,0.5,0.25,0.1038246388169801,0.0217024626110423,0.1221719457013574,0.1105411553165452,0.9685435219764436,0.0266379972319208,True,S1/random_under_10to1,0.1686315934367636,0.0060721916113797,0.2552419136342201,0.1809954751131221,0.1675079802411185,0.0113590263691683,0.2587771189067505,0.2478260869565217,-0.06480695461978349,0.015630270999662597,-0.05696682492457329
regen_gridA,7,44,ig_clean,lgbm,ig_clean/mode=positive_only/ratio=0.5/keep=0.25,positive_only,0.5,0.25,0.1419224812618945,0.0131564151579894,0.1855203619909502,0.144364377265652,0.9422579718471704,0.025038611420766,True,S1/random_under_20to1,0.1711843874851351,0.0066344315753963,0.2748013748107777,0.2171945701357466,0.1563043218598124,0.0124408384043272,0.2311390826704507,0.2391304347826087,-0.029261906223240597,0.006521983582593101,-0.011939944594160423
regen_gridA,7,44,ig_smote,lgbm,ig_smote/mode=conditional_mixed/ratio=0.5/keep=0.75,conditional_mixed,0.5,0.75,0.1117244790868384,0.0190037107837625,0.1493212669683258,0.1026360325730493,0.9969417975791912,0.0285134610989138,False,S1/random_under_20to1,0.1711843874851351,0.0066344315753963,0.2748013748107777,0.2171945701357466,0.1563043218598124,0.0124408384043272,0.2311390826704507,0.2391304347826087,-0.05945990839829669,0.0123692792083662,-0.05366828928676311
regen_gridA,7,44,s1_plus_ig,lgbm,s1_plus_ig/mode=conditional_mixed/ratio=0.5/keep=0.25,conditional_mixed,0.5,0.25,0.1172739975829169,0.0093331834026762,0.167420814479638,0.1236400591323778,0.9697644355070384,0.0276481639968998,True,S1/random_under_20to1,0.1711843874851351,0.0066344315753963,0.2748013748107777,0.2171945701357466,0.1563043218598124,0.0124408384043272,0.2311390826704507,0.2391304347826087,-0.05391038990221819,0.0026987518272799,-0.03266426272743461
regen_gridA,7,45,ig_clean,lgbm,ig_clean/mode=positive_only/ratio=0.5/keep=0.25,positive_only,0.5,0.25,0.1209962888246099,0.0139435511076127,0.1493212669683258,0.109547520521515,0.9342143062338408,0.0334285727395963,True,S1/random_under_20to1,0.1691497921705418,0.006184639604183,0.2424512280465746,0.1900452488687782,0.1912045757013804,0.015551048005409,0.280198739641016,0.3,-0.048153503345931895,0.0077589115034297,-0.08165705517986542
regen_gridA,7,45,ig_smote,lgbm,ig_smote/mode=positive_only/ratio=0.5/keep=0.25,positive_only,0.5,0.25,0.1141589403361916,0.0106825593163162,0.167420814479638,0.1257900580538048,0.9689744326343004,0.0311406588719461,True,S1/random_under_20to1,0.1691497921705418,0.006184639604183,0.2424512280465746,0.1900452488687782,0.1912045757013804,0.015551048005409,0.280198739641016,0.3,-0.05499085183435019,0.0044979197121332,-0.06541451764757561
regen_gridA,7,45,s1_plus_ig,lgbm,s1_plus_ig/mode=positive_only/ratio=0.5/keep=0.25,positive_only,0.5,0.25,0.1188794535564192,0.0105701113235128,0.1628959276018099,0.0934276179453096,0.9689744326343004,0.0311406588719461,True,S1/random_under_20to1,0.1691497921705418,0.006184639604183,0.2424512280465746,0.1900452488687782,0.1912045757013804,0.015551048005409,0.280198739641016,0.3,-0.0502703386141226,0.0043854717193298,-0.09777695775607081
regen_gridA,7,46,ig_clean,lgbm,ig_clean/mode=positive_only/ratio=0.5/keep=0.25,positive_only,0.5,0.25,0.1401530614128878,0.0112447992803328,0.1809954751131221,0.1272383493914785,0.8419994254524562,0.0340346483161642,True,S1/random_under_10to1,0.1790422537146637,0.0033734397840998,0.2709563663507496,0.1855203619909502,0.1879622841658689,0.0083840432724814,0.2249440948125328,0.2478260869565217,-0.0388891923017759,0.007871359496233,-0.06072393477439042
regen_gridA,7,46,ig_smote,lgbm,ig_smote/mode=positive_only/ratio=0.5/keep=0.75,positive_only,0.5,0.75,0.119640079254995,0.0105701113235128,0.171945701357466,0.1074110708885804,0.97152652588205,0.0334322578954558,False,S1/random_under_10to1,0.1790422537146637,0.0033734397840998,0.2709563663507496,0.1855203619909502,0.1879622841658689,0.0083840432724814,0.2249440948125328,0.2478260869565217,-0.05940217445966871,0.007196671539413,-0.08055121327728851
regen_gridA,7,46,s1_plus_ig,lgbm,s1_plus_ig/mode=positive_only/ratio=0.5/keep=0.75,positive_only,0.5,0.75,0.1230593385064451,0.0179916788485325,0.1493212669683258,0.120019554224052,0.97152652588205,0.0334322578954558,False,S1/random_under_10to1,0.1790422537146637,0.0033734397840998,0.2709563663507496,0.1855203619909502,0.1879622841658689,0.0083840432724814,0.2249440948125328,0.2478260869565217,-0.0559829152082186,0.014618239064432699,-0.06794272994181691
regen_gridA,8,42,ig_clean,lgbm,ig_clean/mode=positive_only/ratio=0.5/keep=0.25,positive_only,0.5,0.25,0.4054826842116462,0.0306234050309879,0.380281690140845,0.0293869288276337,0.9975510204081632,0.3206172899100433,True,S1/random_over,0.412927639250626,0.0040102078016769,0.5112600442731903,0.3943661971830985,0.0384468351829742,0.0008869179600886,-0.0032408294992417,0.0,-0.007444955038979795,0.026613197229311,-0.009059906355340496
regen_gridA,8,42,ig_smote,lgbm,ig_smote/mode=positive_only/ratio=0.5/keep=0.25,positive_only,0.5,0.25,0.3728006811937008,0.0134888807874589,0.3661971830985915,0.0309549772495113,0.9494773519163764,0.2767662554982083,True,S1/random_over,0.412927639250626,0.0040102078016769,0.5112600442731903,0.3943661971830985,0.0384468351829742,0.0008869179600886,-0.0032408294992417,0.0,-0.04012695805692518,0.009478672985782,-0.007491857933462898
regen_gridA,8,42,s1_plus_ig,lgbm,s1_plus_ig/mode=positive_only/ratio=0.5/keep=0.75,positive_only,0.5,0.75,0.3498085206013696,0.0120306234050309,0.380281690140845,0.0309778709770194,0.9771961134245488,0.1517323166603798,False,S1/random_over,0.412927639250626,0.0040102078016769,0.5112600442731903,0.3943661971830985,0.0384468351829742,0.0008869179600886,-0.0032408294992417,0.0,-0.0631191186492564,0.008020415603354,-0.007468964205954796
regen_gridA,8,43,ig_clean,lgbm,ig_clean/mode=positive_only/ratio=1.0/keep=0.75,positive_only,1.0,0.75,0.4198977817874025,0.0054684651841049,0.3943661971830985,0.038400936399233,0.9212057112638816,0.3113830086757617,True,S1/smote,0.3808787663308651,0.0258840685380969,0.451855993057567,0.3943661971830985,0.0384542267618821,0.0075388026607538,0.1592243238518271,0.0,0.03901901545653741,-0.020415603353992,-5.3290362649102696e-05
regen_gridA,8,43,ig_smote,lgbm,ig_smote/mode=conditional_mixed/ratio=0.5/keep=0.75,conditional_mixed,0.5,0.75,0.4316686081844189,0.0375501275975209,0.380281690140845,0.0350782645382835,0.9362813140326524,0.1198794263560649,False,S1/smote,0.3808787663308651,0.0258840685380969,0.451855993057567,0.3943661971830985,0.0384542267618821,0.0075388026607538,0.1592243238518271,0.0,0.050789841853553785,0.011666059059424003,-0.003375962223598601
regen_gridA,8,43,s1_plus_ig,lgbm,s1_plus_ig/mode=conditional_mixed/ratio=0.5/keep=0.75,conditional_mixed,0.5,0.75,0.3711467745842267,0.0222384250820269,0.380281690140845,0.0309695689512884,0.9362813140326524,0.1198794263560649,False,S1/smote,0.3808787663308651,0.0258840685380969,0.451855993057567,0.3943661971830985,0.0384542267618821,0.0075388026607538,0.1592243238518271,0.0,-0.009731991746638413,-0.0036456434560700017,-0.0074846578105936985
regen_gridA,8,44,ig_clean,lgbm,ig_clean/mode=conditional_mixed/ratio=1.0/keep=0.25,conditional_mixed,1.0,0.25,0.4009576351363059,0.0047393364928909,0.4084507042253521,0.033101058670296,0.9366666666666668,0.2669412389644799,True,S1/random_under_20to1,0.3917900613236096,0.0262486328837039,0.4496631154708271,0.3661971830985915,0.0339224470134649,0.0057649667405764,0.0433038236940454,0.0,0.009167573812696284,-0.021509296390812997,-0.0008213883431688954
regen_gridA,8,44,ig_smote,lgbm,ig_smote/mode=positive_only/ratio=0.5/keep=0.25,positive_only,0.5,0.25,0.3586165232782282,0.0477579292745169,0.352112676056338,0.0385274531299102,0.9692218350754936,0.2069294677185529,True,S1/random_under_20to1,0.3917900613236096,0.0262486328837039,0.4496631154708271,0.3661971830985915,0.0339224470134649,0.0057649667405764,0.0433038236940454,0.0,-0.03317353804538142,0.021509296390813,0.0046050061164453
regen_gridA,8,44,s1_plus_ig,lgbm,s1_plus_ig/mode=positive_only/ratio=0.5/keep=0.25,positive_only,0.5,0.25,0.366487368493561,0.0043747721472839,0.380281690140845,0.0324353966588158,0.9692218350754936,0.2069294677185529,True,S1/random_under_20to1,0.3917900613236096,0.0262486328837039,0.4496631154708271,0.3661971830985915,0.0339224470134649,0.0057649667405764,0.0433038236940454,0.0,-0.0253026928300486,-0.02187386073642,-0.0014870503546490985
regen_gridA,8,45,ig_clean,lgbm,ig_clean/mode=conditional_mixed/ratio=0.5/keep=0.75,conditional_mixed,0.5,0.75,0.4305415793525052,0.0247903755012759,0.4084507042253521,0.034098093586712,0.9003172924378636,0.2122687449098638,True,S1/random_over,0.4068714041189124,0.0401020780167699,0.4822895766226049,0.3943661971830985,0.0292251849548147,0.0115299334811529,0.1296937179421348,0.0,0.023670175233592772,-0.015311702515493998,0.0048729086318973006
regen_gridA,8,45,ig_smote,lgbm,ig_smote/mode=positive_only/ratio=1.0/keep=0.75,positive_only,1.0,0.75,0.3580078501662437,0.0448414145096609,0.3661971830985915,0.0294217911260448,0.9759402472073502,0.2820611590496727,True,S1/random_over,0.4068714041189124,0.0401020780167699,0.4822895766226049,0.3943661971830985,0.0292251849548147,0.0115299334811529,0.1296937179421348,0.0,-0.048863553952668726,0.0047393364928910026,0.00019660617123009802
regen_gridA,8,45,s1_plus_ig,lgbm,s1_plus_ig/mode=conditional_mixed/ratio=0.5/keep=0.75,conditional_mixed,0.5,0.75,0.4031042408171356,0.0131243164418519,0.380281690140845,0.0394894573660803,0.9257716967413576,0.3087725351740326,False,S1/random_over,0.4068714041189124,0.0401020780167699,0.4822895766226049,0.3943661971830985,0.0292251849548147,0.0115299334811529,0.1296937179421348,0.0,-0.0037671633017768436,-0.026977761574917998,0.010264272411265596
regen_gridA,8,46,ig_clean,lgbm,ig_clean/mode=positive_only/ratio=1.0/keep=0.75,positive_only,1.0,0.75,0.4591984988630773,0.0025519504192489,0.4084507042253521,0.027996740809972,0.9574299312533052,0.444808745031598,True,S1/random_under_20to1,0.3820159935683171,0.0047393364928909,0.4975282873661443,0.4084507042253521,0.0359475554534443,0.0004434589800443,-0.0022911101342299,0.0,0.07718250529476017,-0.0021873860736420004,-0.007950814643472304
regen_gridA,8,46,ig_smote,lgbm,ig_smote/mode=conditional_mixed/ratio=1.0/keep=0.75,conditional_mixed,1.0,0.75,0.4043677560420162,0.0426540284360189,0.4084507042253521,0.044553687182393,0.9998678035560844,0.0630349943201611,True,S1/random_under_20to1,0.3820159935683171,0.0047393364928909,0.4975282873661443,0.4084507042253521,0.0359475554534443,0.0004434589800443,-0.0022911101342299,0.0,0.022351762473699077,0.037914691943128,0.008606131728948696
regen_gridA,8,46,s1_plus_ig,lgbm,s1_plus_ig/mode=conditional_mixed/ratio=0.5/keep=0.25,conditional_mixed,0.5,0.25,0.3662483595114016,0.0430185927816259,0.380281690140845,0.0370392658297483,1.0,0.2136004851701722,True,S1/random_under_20to1,0.3820159935683171,0.0047393364928909,0.4975282873661443,0.4084507042253521,0.0359475554534443,0.0004434589800443,-0.0022911101342299,0.0,-0.015767634056915503,0.038279256288735,0.0010917103763039976
regen_gridA,9,42,ig_clean,lgbm,ig_clean/mode=positive_only/ratio=1.0/keep=0.25,positive_only,1.0,0.25,0.027259588826725,0.0029850746268656,0.0571428571428571,0.0286504002685294,,0.0236486221266469,True,S1/random_over,0.0263539594836844,0.060033167495854,0.0744537125309753,0.0571428571428571,0.0198396284955323,0.0376175548589341,0.0056268607656574,0.0,0.0009056293430405975,-0.057048092868988404,0.008810771772997099
regen_gridA,9,42,ig_smote,lgbm,ig_smote/mode=positive_only/ratio=1.0/keep=0.75,positive_only,1.0,0.75,0.0197753963865348,0.1691542288557214,0.0285714285714285,0.043648980461186,0.9989429175475688,0.0195113313406793,True,S1/random_over,0.0263539594836844,0.060033167495854,0.0744537125309753,0.0571428571428571,0.0198396284955323,0.0376175548589341,0.0056268607656574,0.0,-0.0065785630971496,0.1091210613598674,0.023809351965653702
regen_gridA,9,42,s1_plus_ig,lgbm,s1_plus_ig/mode=conditional_mixed/ratio=1.0/keep=0.75,conditional_mixed,1.0,0.75,0.0187756050681981,0.6338308457711442,0.0285714285714285,0.0317629794412005,0.8488372093023255,0.0221007491649525,True,S1/random_over,0.0263539594836844,0.060033167495854,0.0744537125309753,0.0571428571428571,0.0198396284955323,0.0376175548589341,0.0056268607656574,0.0,-0.0075783544154863006,0.5737976782752903,0.011923350945668203
regen_gridA,9,43,ig_clean,lgbm,ig_clean/mode=positive_only/ratio=1.0/keep=0.25,positive_only,1.0,0.25,0.025935924879354,0.0145936981757877,0.0571428571428571,0.0256661106820517,,0.0113329353829999,True,S1/random_under_10to1,0.0213177806858486,0.1456053067993366,0.0846704469879211,0.0,0.0377320009825392,0.1194705677464298,0.0926787355057685,0.0,0.004618144193505397,-0.13101160862354888,-0.012065890300487499
regen_gridA,9,43,ig_smote,lgbm,ig_smote/mode=conditional_mixed/ratio=1.0/keep=0.75,conditional_mixed,1.0,0.75,0.0207070120512211,0.1353233830845771,0.0,0.0252436841780981,0.9630021141649048,0.0172462537660836,True,S1/random_under_10to1,0.0213177806858486,0.1456053067993366,0.0846704469879211,0.0,0.0377320009825392,0.1194705677464298,0.0926787355057685,0.0,-0.000610768634627501,-0.0102819237147595,-0.012488316804441096
regen_gridA,9,43,s1_plus_ig,lgbm,s1_plus_ig/mode=positive_only/ratio=0.5/keep=0.75,positive_only,0.5,0.75,0.0205432542067962,0.0135986733001658,0.0571428571428571,0.0300483794235457,0.994186046511628,0.0223095249960713,False,S1/random_under_10to1,0.0213177806858486,0.1456053067993366,0.0846704469879211,0.0,0.0377320009825392,0.1194705677464298,0.0926787355057685,0.0,-0.000774526479052403,-0.1320066334991708,-0.007683621558993499
regen_gridA,9,44,ig_clean,lgbm,ig_clean/mode=positive_only/ratio=1.0/keep=0.75,positive_only,1.0,0.75,0.0281697712756535,0.0789386401326699,0.0285714285714285,0.0234399919093538,0.9979338842975208,0.0244906494920557,True,S1/random_under_20to1,0.0429791226834077,0.0603648424543946,0.1232833222010628,0.0571428571428571,0.0254566881904494,0.0226401950539881,0.0192042865221556,0.0,-0.0148093514077542,0.018573797678275293,-0.0020166962810956
regen_gridA,9,44,ig_smote,lgbm,ig_smote/mode=positive_only/ratio=1.0/keep=0.75,positive_only,1.0,0.75,0.0182937891875451,0.2388059701492537,0.0,0.0244248749843305,0.9968287526427062,0.0138502522349119,True,S1/random_under_20to1,0.0429791226834077,0.0603648424543946,0.1232833222010628,0.0571428571428571,0.0254566881904494,0.0226401950539881,0.0192042865221556,0.0,-0.0246853334958626,0.1784411276948591,-0.0010318132061188992
regen_gridA,9,44,s1_plus_ig,lgbm,s1_plus_ig/mode=positive_only/ratio=0.5/keep=0.25,positive_only,0.5,0.25,0.0210406396641584,0.2533996683250414,0.0,0.0236095732834137,0.9666666666666668,0.0127032388355774,True,S1/random_under_20to1,0.0429791226834077,0.0603648424543946,0.1232833222010628,0.0571428571428571,0.0254566881904494,0.0226401950539881,0.0192042865221556,0.0,-0.021938483019249302,0.1930348258706468,-0.0018471149070357004
regen_gridA,9,45,ig_clean,lgbm,ig_clean/mode=positive_only/ratio=0.5/keep=0.25,positive_only,0.5,0.25,0.023560037325218,0.0126036484245439,0.0571428571428571,0.0223931620429065,,0.0115384502084161,True,S1/smote,0.0255115586277704,0.0709784411276948,0.0876742656953848,0.0,0.026656996389038,0.0285614768373389,0.0129355849153459,0.0,-0.0019515213025523975,-0.0583747927031509,-0.0042638343461314995
regen_gridA,9,45,ig_smote,lgbm,ig_smote/mode=positive_only/ratio=0.5/keep=0.25,positive_only,0.5,0.25,0.0185696977241603,0.387396351575456,0.0,0.0309860273602512,0.9285714285714284,0.0219002411740769,True,S1/smote,0.0255115586277704,0.0709784411276948,0.0876742656953848,0.0,0.026656996389038,0.0285614768373389,0.0129355849153459,0.0,-0.0069418609036100976,0.3164179104477612,0.004329030971213201
regen_gridA,9,45,s1_plus_ig,lgbm,s1_plus_ig/mode=positive_only/ratio=0.5/keep=0.75,positive_only,0.5,0.75,0.0176598896145606,0.8417910447761194,0.0,0.0449376094890532,0.9968287526427062,0.0167235476848047,False,S1/smote,0.0255115586277704,0.0709784411276948,0.0876742656953848,0.0,0.026656996389038,0.0285614768373389,0.0129355849153459,0.0,-0.0078516690132098,0.7708126036484246,0.0182806131000152
regen_gridA,9,46,ig_clean,lgbm,ig_clean/mode=positive_only/ratio=1.0/keep=0.25,positive_only,1.0,0.25,0.0203939716688778,0.0086235489220563,0.0857142857142857,0.0191994644132743,,0.022368740109921,True,S1/random_under_10to1,0.0282793941802352,0.2683250414593698,0.0861783453803615,0.0285714285714285,0.0344379535246074,0.2117729014280738,0.0471225541572211,0.0,-0.0078854225113574,-0.2597014925373135,-0.0152384891113331
regen_gridA,9,46,ig_smote,lgbm,ig_smote/mode=positive_only/ratio=0.5/keep=0.75,positive_only,0.5,0.75,0.0192024210970149,0.0444444444444444,0.0285714285714285,0.0222545002295116,0.9973572938689218,0.0230049346743318,False,S1/random_under_10to1,0.0282793941802352,0.2683250414593698,0.0861783453803615,0.0285714285714285,0.0344379535246074,0.2117729014280738,0.0471225541572211,0.0,-0.0090769730832203,-0.2238805970149254,-0.012183453295095799
regen_gridA,9,46,s1_plus_ig,lgbm,s1_plus_ig/mode=positive_only/ratio=1.0/keep=0.75,positive_only,1.0,0.75,0.0193763393268879,0.0636815920398009,0.0,0.0244042122331882,0.9973572938689218,0.0230049346743318,True,S1/random_under_10to1,0.0282793941802352,0.2683250414593698,0.0861783453803615,0.0285714285714285,0.0344379535246074,0.2117729014280738,0.0471225541572211,0.0,-0.0089030548533473,-0.2046434494195689,-0.0100337412914192
regen_gridA,10,42,ig_clean,lgbm,ig_clean/mode=positive_only/ratio=1.0/keep=0.75,positive_only,1.0,0.75,0.2075539451147091,0.0094397701621177,0.3485148514851485,0.1529682929251258,1.0,0.0677838005350563,True,S1/smote,0.1479684624913099,0.016540119023189,0.2625789286014831,0.2792079207920792,0.1274387400545735,0.015747284542048,0.2523422070590648,0.2413087934560327,0.05958548262339919,-0.007100348861071299,0.02552955287055228
regen_gridA,10,42,ig_smote,lgbm,ig_smote/mode=positive_only/ratio=1.0/keep=0.75,positive_only,1.0,0.75,0.1705203322435385,0.0081058895957315,0.3346534653465347,0.1566216518843164,1.0,0.0201140263585039,True,S1/smote,0.1479684624913099,0.016540119023189,0.2625789286014831,0.2792079207920792,0.1274387400545735,0.015747284542048,0.2523422070590648,0.2413087934560327,0.022551869752228587,-0.008434229427457498,0.02918291182974289
regen_gridA,10,42,s1_plus_ig,lgbm,s1_plus_ig/mode=positive_only/ratio=1.0/keep=0.25,positive_only,1.0,0.25,0.1783108692407603,0.0102811409809152,0.3366336633663366,0.1521975851400062,1.0,0.0123105589859929,True,S1/smote,0.1479684624913099,0.016540119023189,0.2625789286014831,0.2792079207920792,0.1274387400545735,0.015747284542048,0.2523422070590648,0.2413087934560327,0.030342406749450407,-0.006258978042273799,0.02475884508543269
regen_gridA,10,43,ig_clean,lgbm,ig_clean/mode=conditional_mixed/ratio=1.0/keep=0.25,conditional_mixed,1.0,0.25,0.1788078934821454,0.0076749435665914,0.3306930693069307,0.1491454075302607,1.0,0.0678730308323551,True,S1/random_over,0.1938855735064714,0.0137492304535193,0.288301529857114,0.3168316831683168,0.1694145233878041,0.0124270739458331,0.2652221887692944,0.278118609406953,-0.015077680024325996,-0.0060742868869279,-0.0202691158575434
regen_gridA,10,43,ig_smote,lgbm,ig_smote/mode=conditional_mixed/ratio=1.0/keep=0.25,conditional_mixed,1.0,0.25,0.1599003496066665,0.0145495587933511,0.293069306930693,0.1136961465822684,1.0,0.015069759408162,True,S1/random_over,0.1938855735064714,0.0137492304535193,0.288301529857114,0.3168316831683168,0.1694145233878041,0.0124270739458331,0.2652221887692944,0.278118609406953,-0.033985223899804906,0.000800328339831801,-0.05571837680553571
regen_gridA,10,43,s1_plus_ig,lgbm,s1_plus_ig/mode=positive_only/ratio=1.0/keep=0.75,positive_only,1.0,0.75,0.1484525044701801,0.0160476092756002,0.2851485148514851,0.1390381702861118,0.999997480473671,0.0796136375080986,True,S1/random_over,0.1938855735064714,0.0137492304535193,0.288301529857114,0.3168316831683168,0.1694145233878041,0.0124270739458331,0.2652221887692944,0.278118609406953,-0.045433069036291296,0.0022983788220809,-0.030376353101692316
regen_gridA,10,44,ig_clean,lgbm,ig_clean/mode=positive_only/ratio=1.0/keep=0.75,positive_only,1.0,0.75,0.1757609764442481,0.0101990560229837,0.3188118811881188,0.1550038844923897,1.0,0.0371048426812797,True,S1/random_over,0.1544313590636411,0.010465832136261,0.2603104436862625,0.297029702970297,0.102960668496073,0.0094626001992126,0.2040345371178495,0.2004089979550102,0.021329617380606986,-0.00026677611327730055,0.0520432159963167
regen_gridA,10,44,ig_smote,lgbm,ig_smote/mode=positive_only/ratio=1.0/keep=0.75,positive_only,1.0,0.75,0.1658124871626729,0.0097270675148778,0.3168316831683168,0.1413942733379609,1.0,0.0539004306524558,True,S1/random_over,0.1544313590636411,0.010465832136261,0.2603104436862625,0.297029702970297,0.102960668496073,0.0094626001992126,0.2040345371178495,0.2004089979550102,0.011381128099031801,-0.0007387646213831995,0.0384336048418879
regen_gridA,10,44,s1_plus_ig,lgbm,s1_plus_ig/mode=positive_only/ratio=1.0/keep=0.75,positive_only,1.0,0.75,0.1600525664281115,0.0076749435665914,0.3049504950495049,0.1471459830775345,1.0,0.0539004306524558,True,S1/random_over,0.1544313590636411,0.010465832136261,0.2603104436862625,0.297029702970297,0.102960668496073,0.0094626001992126,0.2040345371178495,0.2004089979550102,0.0056212073644703875,-0.0027908885696696006,0.04418531458146149
regen_gridA,10,45,ig_clean,lgbm,ig_clean/mode=positive_only/ratio=0.5/keep=0.25,positive_only,0.5,0.25,0.2110724711825772,0.0071413913400369,0.3683168316831683,0.1580441231050436,0.9354195011337868,0.0126031879671564,True,S1/random_over,0.1430860343134792,0.0071413913400369,0.2536411261260953,0.2831683168316831,0.1235861394517413,0.0053834843238628,0.1924603135806468,0.1983640081799591,0.067986436869098,0.0,0.0344579836533023
regen_gridA,10,45,ig_smote,lgbm,ig_smote/mode=positive_only/ratio=1.0/keep=0.25,positive_only,1.0,0.25,0.1815914852675044,0.0096860250359121,0.3326732673267327,0.1525018803701159,0.981609977324263,0.010251153714351,True,S1/random_over,0.1430860343134792,0.0071413913400369,0.2536411261260953,0.2831683168316831,0.1235861394517413,0.0053834843238628,0.1924603135806468,0.1983640081799591,0.03850545095402522,0.0025446336958752005,0.028915740918374594
regen_gridA,10,45,s1_plus_ig,lgbm,s1_plus_ig/mode=conditional_mixed/ratio=0.5/keep=0.75,conditional_mixed,0.5,0.75,0.169714553918921,0.0087625692591832,0.3089108910891089,0.1600003096992292,0.9999596875787352,0.0517851907259126,False,S1/random_over,0.1430860343134792,0.0071413913400369,0.2536411261260953,0.2831683168316831,0.1235861394517413,0.0053834843238628,0.1924603135806468,0.1983640081799591,0.026628519605441825,0.0016211779191463004,0.036414170247487915
regen_gridA,10,46,ig_clean,lgbm,ig_clean/mode=conditional_mixed/ratio=0.5/keep=0.25,conditional_mixed,0.5,0.25,0.1951156356642376,0.0088856966960804,0.3326732673267327,0.14997161079542,1.0,0.0221107422544469,True,S1/random_over,0.1752575725804934,0.0076544223271085,0.2844045233087625,0.3207920792079208,0.1474897259792064,0.0063084001328084,0.2246403854921,0.2453987730061349,0.019858063083744187,0.0012312743689719,0.0024818848162136142
regen_gridA,10,46,ig_smote,lgbm,ig_smote/mode=positive_only/ratio=1.0/keep=0.25,positive_only,1.0,0.25,0.1926540370954108,0.01561666324646,0.3346534653465347,0.1610031613982129,1.0,0.0103716781435534,True,S1/random_over,0.1752575725804934,0.0076544223271085,0.2844045233087625,0.3207920792079208,0.1474897259792064,0.0063084001328084,0.2246403854921,0.2453987730061349,0.017396464514917387,0.0079622409193515,0.013513435419006514
regen_gridA,10,46,s1_plus_ig,lgbm,s1_plus_ig/mode=positive_only/ratio=1.0/keep=0.25,positive_only,1.0,0.25,0.1612202906532573,0.0123743074081674,0.3306930693069307,0.1439849965271152,1.0,0.0103716781435534,True,S1/random_over,0.1752575725804934,0.0076544223271085,0.2844045233087625,0.3207920792079208,0.1474897259792064,0.0063084001328084,0.2246403854921,0.2453987730061349,-0.014037281927236106,0.0047198850810589,-0.00350472945209121
