regime,heldout_task_id,chosen_gate
conservative,0,reference_only
conservative,1,reference_only
conservative,2,reference_only
conservative,3,reference_only
conservative,4,reference_only
conservative,5,reference_only
conservative,6,reference_only
conservative,7,reference_only
conservative,8,reference_only
conservative,9,reference_only
conservative,10,reference_only
mean_only,0,gain01_fpr01
mean_only,1,gain01_fpr01
mean_only,2,gain01_fpr01
mean_only,3,gain01_fpr01
mean_only,4,gain01_fpr01
mean_only,5,gain01_fpr01
mean_only,6,gain01_fpr01
mean_only,7,gain01_fpr01
mean_only,8,gain01_fpr01
mean_only,9,gain01_fpr01
mean_only,10,gain0_fpr0
