left_out_task,task_macro_mean_delta,analysis
0,0.0,nested_conservative
1,0.0,nested_conservative
2,0.0,nested_conservative
3,0.0,nested_conservative
4,0.0,nested_conservative
5,0.0,nested_conservative
6,0.0,nested_conservative
7,0.0,nested_conservative
8,0.0,nested_conservative
9,0.0,nested_conservative
10,0.0,nested_conservative
0,0.0010919217536470174,nested_mean_only
1,0.0017887198261262779,nested_mean_only
2,0.0017054219713233617,nested_mean_only
3,0.0018432496094584235,nested_mean_only
4,0.0007219723191259778,nested_mean_only
5,0.0018360587625493175,nested_mean_only
6,0.0018671302573150216,nested_mean_only
7,0.0018360587625493175,nested_mean_only
8,0.0019685235426350474,nested_mean_only
9,0.0018360587625493175,nested_mean_only
10,0.001865472058214096,nested_mean_only
0,-0.00011909916735908799,loto
1,-0.00011909916735908799,loto
2,-0.00011909916735908799,loto
3,-0.00011909916735908799,loto
4,-0.00011909916735908799,loto
5,0.0,loto
6,-0.00011909916735908799,loto
7,-0.00011909916735908799,loto
8,-0.00011909916735908799,loto
9,-0.00011909916735908799,loto
10,-0.00011909916735908799,loto
