task_id,pos_rate_train,S0_val_PR_AUC_mean,best_S1_method,best_S1_val_PR_AUC_mean,delta_S1_minus_S0,grid_mean_val_gain
0,0.03203224437844718,0.17271137867274294,random_under_10to1,0.19846768135230392,0.025756302679560972,-0.02045673542284164
1,0.0264744548710277,0.16538656220554476,random_under_20to1,0.16651820158447456,0.001131639378929794,-0.01645269310446888
2,0.028452664819230523,0.02480589784980866,smote,0.03453350686074523,0.00972760901093657,-0.007628908369545889
3,0.01928208226350501,0.13400622637793252,random_under_10to1,0.13680851447542974,0.0028022880974972186,-0.009886988870077109
4,0.023407202216066483,0.0338796869345915,random_under_10to1,0.035527346393720384,0.0016476594591288835,-0.021517225107260292
5,0.031729473638457864,0.04884137006227376,smote,0.07012341857435693,0.021282048512083172,-0.002067012140821306
6,0.038690679997260835,0.17474988064026742,random_over,0.16963586397510405,-0.005114016665163368,-0.03510099754493104
7,0.0249402390438247,0.13662914892854625,random_under_10to1,0.15227331455946674,0.015644165630920498,-0.04223867121753128
8,0.028960908078289927,0.2953072025987346,random_under_10to1,0.31835251428048855,0.023045311681753944,-0.013785239180399882
9,0.00962068447161397,0.01989635098881394,random_under_20to1,0.02212829523876542,0.0022319442499514792,-0.003742884503864206
10,0.01050970964955114,0.11450155998494298,random_under_20to1,0.12669537810706272,0.01219381812211974,-0.010988505528111642
