family,objective,n_tasks,n_rows,task_macro_mean_delta,task_median_delta,minimum_task_mean_delta,negative_task_count,negative_row_count,hybrid_selection_count,coverage,ci_low,ci_high,chosen_by_fold
legacy5,conservative,9,45,-0.00013233240817676442,0.0,-0.0011909916735908799,1,1,1,0.022222222222222223,-0.0003969972245302933,0.0,0:safe_only;1:safe_only;2:safe_only;3:safe_only;5:v11_grid_or_profile_strict;6:safe_only;7:safe_only;9:safe_only;10:safe_only
legacy5,mean_only,9,45,0.0010882059810787918,0.0,-0.003978807495525399,2,3,7,0.15555555555555556,-0.000983775475935989,0.003364254288291135,0:strict_certificate;1:strict_certificate;2:strict_certificate;3:strict_certificate;5:strict_certificate;6:strict_certificate;7:strict_certificate;9:strict_certificate;10:strict_certificate
legacy5,harm_first,9,45,-0.00013233240817676442,0.0,-0.0011909916735908799,1,1,1,0.022222222222222223,-0.0003969972245302933,0.0,0:safe_only;1:safe_only;2:safe_only;3:safe_only;5:v11_grid_or_profile_strict;6:safe_only;7:safe_only;9:safe_only;10:safe_only
nested7_veto,conservative,9,45,0.0,0.0,0.0,0,0,0,0.0,0.0,0.0,0:reference_only;1:reference_only;2:reference_only;3:reference_only;5:reference_only;6:reference_only;7:reference_only;9:reference_only;10:reference_only
nested7_veto,mean_only,9,45,0.005666451807253006,0.0032611181394477397,-0.002984432226130479,1,7,26,0.5777777777777777,0.0008708878311035914,0.011546010401964103,0:positive_gain0_fpr01;1:positive_gain0_fpr01;2:positive_gain0_fpr01;3:positive_gain0_fpr01;5:positive_gain0_fpr01;6:positive_gain0_fpr01;7:positive_gain0_fpr01;9:positive_gain0_fpr01;10:positive_gain0_fpr01
nested7_veto,harm_first,9,45,0.0,0.0,0.0,0,0,0,0.0,0.0,0.0,0:reference_only;1:reference_only;2:reference_only;3:reference_only;5:reference_only;6:reference_only;7:reference_only;9:reference_only;10:reference_only
nested7_candidate,conservative,9,45,0.0,0.0,0.0,0,0,0,0.0,0.0,0.0,0:reference_only;1:reference_only;2:reference_only;3:reference_only;5:reference_only;6:reference_only;7:reference_only;9:reference_only;10:reference_only
nested7_candidate,mean_only,9,45,0.002547326194580037,0.0032611181394477397,-0.008404404635376516,4,14,39,0.8666666666666667,-0.0028930133567002035,0.008166037589705428,0:positive_gain0_fpr01;1:positive_gain0_fpr01;2:positive_gain0_fpr01;3:validation_best;5:positive_gain0_fpr01;6:validation_best;7:validation_best;9:positive_gain0_fpr01;10:positive_gain0_fpr01
nested7_candidate,harm_first,9,45,0.0,0.0,0.0,0,0,0,0.0,0.0,0.0,0:reference_only;1:reference_only;2:reference_only;3:reference_only;5:reference_only;6:reference_only;7:reference_only;9:reference_only;10:reference_only
