source,task_id,seed,classifier,scenario,method,ratio,s3_ig_keep_rate,ddpm_train_mode,s3_postprocess,candidate_key,val_PR_AUC,val_FPR,val_MCC,val_Recall_at_FPR010,test_PR_AUC,test_FPR,test_MCC,test_Recall_at_FPR010,real_vs_synth_auc,tstr_pr_auc,with_replacement,safe_baseline_scenario,safe_baseline_method,safe_baseline_val_PR_AUC,safe_baseline_val_FPR,safe_baseline_val_MCC,safe_baseline_val_Recall_at_FPR010,safe_baseline_test_PR_AUC,safe_baseline_test_FPR,safe_baseline_test_MCC,safe_baseline_test_Recall_at_FPR010,val_gain,val_fpr_excess,val_recall_fpr010_gain,delta_vs_safe_baseline_test,test_fpr_excess,harm_flag,certificate_score_v9,certificate_red_flags_v9,pass_v9_opportunity_s1plus_anyrep_fpr020,pass_strict_cert,pos_rate_train,S0_val_PR_AUC_mean,best_S1_method,best_S1_val_PR_AUC_mean,delta_S1_minus_S0,grid_mean_val_gain,validation_stage
regen_gridB,0,42,xgb,S3_HYBRID,s1_plus_ig,2.0,1.0,positive_only,featurewise_quantile_pos,s1_plus_ig/mode=positive_only/ratio=2.0/keep=1.0,0.2293342271866895,0.137299771167048,0.4160645259211707,0.0298507462686567,0.1554383485421601,0.2078313253012048,0.3548139481403911,0.02,0.9985507246376812,0.2642149104421918,True,S1,S1/smote,0.1987164848963753,0.154462242562929,0.3108657291221456,0.044776119402985,0.1485041238027822,0.2138554216867469,0.3301247654640677,0.0,0.030617742290314193,-0.017162471395881007,-0.014925373134328304,0.006934224739377909,-0.006024096385542105,False,6.0,0,True,False,0.03203224437844718,0.17271137867274294,random_under_10to1,0.19846768135230392,0.025756302679560972,-0.02045673542284164,regen
regen_gridB,0,43,xgb,S3_HYBRID,s1_plus_ig,1.5,1.0,positive_only,featurewise_quantile_pos,s1_plus_ig/mode=positive_only/ratio=1.5/keep=1.0,0.1925986381599395,0.1155606407322654,0.3758881612542689,0.0298507462686567,0.1524253062421121,0.1927710843373494,0.3604344107227168,0.02,0.9570048309178744,0.2379303303820727,True,S1,S1/random_under_20to1,0.2160766088958314,0.108695652173913,0.3284488695389133,0.0597014925373134,0.1445488984588507,0.1997991967871485,0.3049829253718672,0.02,-0.023477970735891918,0.0068649885583523945,-0.0298507462686567,0.007876407783261402,-0.00702811244979909,False,0.0,0,True,False,0.03203224437844718,0.17271137867274294,random_under_10to1,0.19846768135230392,0.025756302679560972,-0.02045673542284164,regen
regen_gridB,0,44,xgb,S3_HYBRID,s1_plus_ig,1.5,1.0,positive_only,featurewise_quantile_pos,s1_plus_ig/mode=positive_only/ratio=1.5/keep=1.0,0.2075465951757679,0.1281464530892448,0.3934667424317495,0.0298507462686567,0.1509939217675883,0.2098393574297188,0.34338823512516,0.02,0.9280193236714976,0.2459038450200416,True,S1,S1/random_under_10to1,0.1911284608900699,0.1395881006864988,0.3581128142974307,0.0298507462686567,0.1432842759302617,0.2078313253012048,0.3262481576749034,0.0,0.016418134285697994,-0.011441647597253995,0.0,0.007709645837326612,0.002008032128513998,False,7.5,0,True,True,0.03203224437844718,0.17271137867274294,random_under_10to1,0.19846768135230392,0.025756302679560972,-0.02045673542284164,regen
regen_gridB,0,45,xgb,S3_HYBRID,s1_plus_ig,2.0,1.0,positive_only,featurewise_quantile_pos,s1_plus_ig/mode=positive_only/ratio=2.0/keep=1.0,0.2095976760055989,0.1475972540045766,0.3743132187878953,0.0597014925373134,0.1526306035625953,0.215863453815261,0.3377221264968483,0.02,0.846376811594203,0.2804351544949779,True,S1,S1/random_under_10to1,0.2027160163707735,0.1178489702517162,0.2740286085005267,0.044776119402985,0.1272430987852716,0.1957831325301204,0.2794669625173157,0.0,0.006881659634825399,0.0297482837528604,0.014925373134328394,0.02538750477732371,0.020080321285140618,False,4.5,1,False,False,0.03203224437844718,0.17271137867274294,random_under_10to1,0.19846768135230392,0.025756302679560972,-0.02045673542284164,regen
regen_gridB,0,46,xgb,S3_HYBRID,s1_plus_ig,1.5,0.75,positive_only,featurewise_quantile_pos,s1_plus_ig/mode=positive_only/ratio=1.5/keep=0.75,0.233791908719934,0.1167048054919908,0.4491588425394972,0.0298507462686567,0.1443951536035887,0.2048192771084337,0.3386939347940806,0.02,0.9318840579710144,0.2512913537688957,True,S1,S1/random_under_10to1,0.2101479835790066,0.1384439359267734,0.313140654394552,0.044776119402985,0.1368791539239914,0.2048192771084337,0.3002489038930883,0.0,0.02364392514092739,-0.021739130434782594,-0.014925373134328304,0.007515999679597318,0.0,False,6.0,0,True,False,0.03203224437844718,0.17271137867274294,random_under_10to1,0.19846768135230392,0.025756302679560972,-0.02045673542284164,regen
regen_gridB,1,42,xgb,S3_HYBRID,s1_plus_ig,1.5,0.5,positive_only,featurewise_quantile_pos,s1_plus_ig/mode=positive_only/ratio=1.5/keep=0.5,0.1663911445147645,0.032,0.2602926030637237,0.1710526315789473,0.1903613289377942,0.0398212108898821,0.1584716660189553,0.168141592920354,0.9825,0.1531274404179846,True,S1,S1/smote,0.1624355315466772,0.0219130434782608,0.2643536257398683,0.131578947368421,0.1699162891881112,0.0170662332385209,0.1719048571469073,0.1150442477876106,0.003955612968087302,0.010086956521739202,0.0394736842105263,0.02044503974968301,0.0227549776513612,False,4.5,0,True,False,0.0264744548710277,0.16538656220554476,random_under_20to1,0.16651820158447456,0.001131639378929794,-0.01645269310446888,regen
regen_gridB,1,43,xgb,S3_HYBRID,s1_plus_ig,0.25,0.25,positive_only,featurewise_quantile_pos,s1_plus_ig/mode=positive_only/ratio=0.25/keep=0.25,0.1835351184774629,0.0045217391304347,0.2650742012809561,0.1973684210526315,0.1694562426871025,0.0032507110930516,0.2095784259189158,0.1061946902654867,0.9488636363636364,0.1217917690276647,False,S0,S0/none,0.1949171146290706,0.0330434782608695,0.2936907006628565,0.1842105263157894,0.1551732120349525,0.0434782608695652,0.1651090692613449,0.0707964601769911,-0.011381996151607704,-0.0285217391304348,0.01315789473684209,0.014283030652150003,-0.040227549776513605,False,4.5,0,True,False,0.0264744548710277,0.16538656220554476,random_under_20to1,0.16651820158447456,0.001131639378929794,-0.01645269310446888,regen
regen_gridB,1,44,xgb,S3_HYBRID,s1_plus_ig,0.75,0.5,positive_only,featurewise_quantile_pos,s1_plus_ig/mode=positive_only/ratio=0.75/keep=0.5,0.1892793081425288,0.0667826086956521,0.2632300220739133,0.1710526315789473,0.1549993673285415,0.10646078829744,0.1629799436818014,0.1327433628318584,0.9947402597402596,0.1482491029713167,True,S1,S1/random_under_20to1,0.1965896714738536,0.0281739130434782,0.266013528327547,0.131578947368421,0.1848467854371829,0.0219422998780983,0.2276144117097809,0.079646017699115,-0.007310363331324787,0.0386086956521739,0.0394736842105263,-0.029847418108641388,0.0845184884193417,True,2.5,1,False,False,0.0264744548710277,0.16538656220554476,random_under_20to1,0.16651820158447456,0.001131639378929794,-0.01645269310446888,regen
regen_gridB,1,45,xgb,S3_HYBRID,s1_plus_ig,0.5,0.5,positive_only,featurewise_quantile_pos,s1_plus_ig/mode=positive_only/ratio=0.5/keep=0.5,0.1752706320408642,0.016,0.2525438147695927,0.1842105263157894,0.1750276184148746,0.0235676554246241,0.19274921312736,0.1592920353982301,0.9771428571428572,0.1670080071601951,False,S1,S1/random_over,0.1708014302438271,0.088695652173913,0.2573490025497009,0.1710526315789473,0.1547774947707244,0.1178382771231206,0.1861893999788444,0.0884955752212389,0.004469201797037109,-0.072695652173913,0.013157894736842118,0.020250123644150214,-0.09427062169849651,False,6.5,0,True,False,0.0264744548710277,0.16538656220554476,random_under_20to1,0.16651820158447456,0.001131639378929794,-0.01645269310446888,regen
regen_gridB,1,46,xgb,S3_HYBRID,s1_plus_ig,1.5,1.0,positive_only,featurewise_quantile_pos,s1_plus_ig/mode=positive_only/ratio=1.5/keep=1.0,0.2251929801027855,0.0076521739130434,0.3139569900513787,0.2368421052631578,0.152985739207921,0.0158472165786265,0.2308176740906925,0.1858407079646017,0.9967207792207792,0.1771106250506872,True,S1,S1/random_over,0.1928817530951471,0.0267826086956521,0.2620132312610824,0.1710526315789473,0.172879776685548,0.0247866720845184,0.1878822254641679,0.1061946902654867,0.03231122700763839,-0.019130434782608702,0.06578947368421051,-0.019894037477626997,-0.008939455505891897,True,8.5,0,True,True,0.0264744548710277,0.16538656220554476,random_under_20to1,0.16651820158447456,0.001131639378929794,-0.01645269310446888,regen
regen_gridB,2,42,xgb,S3_HYBRID,s1_plus_ig,2.0,0.5,positive_only,featurewise_quantile_pos,s1_plus_ig/mode=positive_only/ratio=2.0/keep=0.5,0.0552982862360074,0.0542240353561108,0.1158732133701507,0.0851063829787234,0.0437313436934943,0.0441263282172373,0.0739353843182193,0.0521739130434782,0.9975898896404416,0.0194555937682482,True,S1,S1/smote,0.0420107211409514,0.0605983341832398,0.1098033364785023,0.0372340425531914,0.0356697584382251,0.0550472255017709,0.056188513175296,0.0260869565217391,0.013287565095056006,-0.006374298827129005,0.047872340425532005,0.008061585255269205,-0.010920897284533604,False,6.5,0,True,False,0.028452664819230523,0.02480589784980866,smote,0.03453350686074523,0.00972760901093657,-0.007628908369545889,regen
regen_gridB,2,43,xgb,S3_HYBRID,s1_plus_ig,2.0,0.25,positive_only,featurewise_quantile_pos,s1_plus_ig/mode=positive_only/ratio=2.0/keep=0.25,0.0377365243052203,0.1225565187829338,0.0993840576656698,0.0319148936170212,0.0333161358825246,0.0861865407319952,0.0669641729595312,0.017391304347826,0.955870416518334,0.0156327667832448,True,S1,S1/smote,0.0390378161174411,0.0690124086350501,0.1022397624403792,0.026595744680851,0.0315238663310793,0.0510625737898465,0.0652919885831435,0.008695652173913,-0.0013012918122208006,0.05354411014788371,0.005319148936170196,0.0017922695514452983,0.035123966942148706,False,-0.5,1,False,False,0.028452664819230523,0.02480589784980866,smote,0.03453350686074523,0.00972760901093657,-0.007628908369545889,regen
regen_gridB,2,44,xgb,S3_HYBRID,s1_plus_ig,2.0,1.0,positive_only,featurewise_quantile_pos,s1_plus_ig/mode=positive_only/ratio=2.0/keep=1.0,0.044480692287261,0.0633180350161482,0.1063741095687394,0.0478723404255319,0.0358659079809351,0.0559327036599763,0.0600109769151219,0.0608695652173913,0.9978248487006052,0.0252901215073935,True,S1,S1/smote,0.039431898244569,0.1268910419853816,0.1002621726346012,0.026595744680851,0.0269977198693528,0.1034533648170011,0.0439395023537091,0.017391304347826,0.005048794042692005,-0.06357300696923339,0.0212765957446809,0.008868188111582298,-0.047520661157024795,False,5.5,0,True,False,0.028452664819230523,0.02480589784980866,smote,0.03453350686074523,0.00972760901093657,-0.007628908369545889,regen
regen_gridB,2,45,xgb,S3_HYBRID,s1_plus_ig,2.0,0.25,positive_only,featurewise_quantile_pos,s1_plus_ig/mode=positive_only/ratio=2.0/keep=0.25,0.0341206020489083,0.0835458099609043,0.0969632954076559,0.0159574468085106,0.0317634122176452,0.0659681227863046,0.0724545059527009,0.017391304347826,0.9662228551085796,0.0173515693910994,True,S1,S1/smote,0.0393445077186777,0.0447050824409315,0.1014836819293876,0.026595744680851,0.037992359674982,0.025383707201889,0.1091172302700849,0.008695652173913,-0.005223905669769401,0.0388407275199728,-0.010638297872340403,-0.006228947457336799,0.0405844155844156,True,-2.0,1,False,False,0.028452664819230523,0.02480589784980866,smote,0.03453350686074523,0.00972760901093657,-0.007628908369545889,regen
regen_gridB,2,46,xgb,S3_HYBRID,s1_plus_ig,1.5,0.5,positive_only,featurewise_quantile_pos,s1_plus_ig/mode=positive_only/ratio=1.5/keep=0.5,0.0433985257843192,0.0229474757776644,0.1086755183558004,0.0691489361702127,0.0317070713242009,0.0259740259740259,0.0278024751281003,0.0347826086956521,0.9979565681737272,0.0205107954345283,True,S1,S1/smote,0.0408855671098336,0.1697263301036886,0.0995485291864283,0.0478723404255319,0.0323312539938137,0.1292798110979929,0.0466094537641808,0.008695652173913,0.002512958674485602,-0.1467788543260242,0.0212765957446808,-0.0006241826696128036,-0.10330578512396701,True,4.5,0,True,False,0.028452664819230523,0.02480589784980866,smote,0.03453350686074523,0.00972760901093657,-0.007628908369545889,regen
regen_gridB,3,42,xgb,S3_HYBRID,s1_plus_ig,1.0,0.5,positive_only,featurewise_quantile_pos,s1_plus_ig/mode=positive_only/ratio=1.0/keep=0.5,0.1499180176223759,0.001759014951627,0.258653409093778,0.1318681318681318,0.1683178543412029,0.0013224014810896,0.0666605393436563,0.0185185185185185,0.9983364839319472,0.0561230548700482,True,S1,S1/smote,0.1427132080925518,0.0026385224274406,0.2808835033991991,0.1758241758241758,0.0934307816934945,0.0018513620735255,0.084119717758226,0.0462962962962962,0.00720480952982408,-0.0008795074758136002,-0.04395604395604402,0.07488707264770839,-0.0005289605924359,False,6.0,0,True,False,0.01928208226350501,0.13400622637793252,random_under_10to1,0.13680851447542974,0.0028022880974972186,-0.009886988870077109,regen
regen_gridB,3,43,xgb,S3_HYBRID,s1_plus_ig,2.0,0.25,positive_only,featurewise_quantile_pos,s1_plus_ig/mode=positive_only/ratio=2.0/keep=0.25,0.1602910652818402,0.0252858399296394,0.2185058581736921,0.1538461538461538,0.0632040443323518,0.0264480296217931,0.0476260444522809,0.0462962962962962,0.950653983353151,0.0653793445260138,True,S1,S1/random_under_20to1,0.1421441788709668,0.0032981530343007,0.2343926370872197,0.1758241758241758,0.1126835636589101,0.0013224014810896,0.1221305524774689,0.0648148148148148,0.018146886410873392,0.021987686895338702,-0.02197802197802201,-0.049479519326558294,0.0251256281407035,True,3.0,1,False,False,0.01928208226350501,0.13400622637793252,random_under_10to1,0.13680851447542974,0.0028022880974972186,-0.009886988870077109,regen
regen_gridB,3,44,xgb,S3_HYBRID,s1_plus_ig,1.5,0.75,positive_only,featurewise_quantile_pos,s1_plus_ig/mode=positive_only/ratio=1.5/keep=0.75,0.1574623035755494,0.0032981530343007,0.2936624736774494,0.1868131868131868,0.1062729620089696,0.0010579211848717,0.0730995987294196,0.0185185185185185,0.9963705103969752,0.0775890216264995,True,S1,S1/random_over,0.1514136401813401,0.0048372911169744,0.2630727162738256,0.1978021978021978,0.0893077203320991,0.0031737635546151,0.0869281455027848,0.037037037037037,0.006048663394209314,-0.0015391380826737001,-0.010989010989011005,0.016965241676870496,-0.0021158423697433997,False,6.0,0,True,False,0.01928208226350501,0.13400622637793252,random_under_10to1,0.13680851447542974,0.0028022880974972186,-0.009886988870077109,regen
regen_gridB,3,45,xgb,S3_HYBRID,s1_plus_ig,1.0,0.25,positive_only,featurewise_quantile_pos,s1_plus_ig/mode=positive_only/ratio=1.0/keep=0.25,0.1513615867388259,0.0043975373790677,0.2571197727312768,0.2087912087912088,0.0982295139661103,0.0055540862205765,0.0647294749275284,0.0555555555555555,0.980975029726516,0.085045729011616,True,S1,S1/smote,0.1499425320632988,0.005716798592788,0.262069497046106,0.2087912087912088,0.1022847848080847,0.0034382438508331,0.1228188253526624,0.0648148148148148,0.0014190546755271094,-0.0013192612137202997,0.0,-0.004055270841974407,0.0021158423697434006,True,6.5,0,True,False,0.01928208226350501,0.13400622637793252,random_under_10to1,0.13680851447542974,0.0028022880974972186,-0.009886988870077109,regen
regen_gridB,3,46,xgb,S3_HYBRID,s1_plus_ig,0.75,0.75,positive_only,featurewise_quantile_pos,s1_plus_ig/mode=positive_only/ratio=0.75/keep=0.75,0.155911661706425,0.0061565523306948,0.2556130881325997,0.2197802197802197,0.1059949872993597,0.0063475271092303,0.0924172762799301,0.0648148148148148,0.993421550094518,0.067318538208497,False,S1,S1/smote,0.1491386714537342,0.0101143359718557,0.2344085677299784,0.1978021978021978,0.0762955570184915,0.0084633694789738,0.0929303574698858,0.0648148148148148,0.006772990252690819,-0.003957783641160901,0.0219780219780219,0.029699430280868203,-0.0021158423697435003,False,7.5,0,True,True,0.01928208226350501,0.13400622637793252,random_under_10to1,0.13680851447542974,0.0028022880974972186,-0.009886988870077109,regen
regen_gridB,4,42,xgb,S3_HYBRID,s1_plus_ig,1.5,0.75,positive_only,featurewise_quantile_pos,s1_plus_ig/mode=positive_only/ratio=1.5/keep=0.75,0.0415671856876199,0.148036253776435,0.100774200972835,0.0,0.0892434008624946,0.173061863743148,0.1568709230724662,0.0,0.9538638985005768,0.0276892084417787,True,S1,S1/random_under_10to1,0.0436089784862056,0.0037764350453172,0.1370307262948772,0.074074074074074,0.0391723828993943,0.0023492560689115,-0.0095091637834244,0.0,-0.002041792798585705,0.14425981873111782,-0.074074074074074,0.0500710179631003,0.1707126076742365,False,-2.0,2,False,False,0.023407202216066483,0.0338796869345915,random_under_10to1,0.035527346393720384,0.0016476594591288835,-0.021517225107260292,regen
regen_gridB,4,43,xgb,S3_HYBRID,s1_plus_ig,0.75,0.5,positive_only,featurewise_quantile_pos,s1_plus_ig/mode=positive_only/ratio=0.75/keep=0.5,0.0287242714052992,0.6858006042296072,0.0727000771214009,0.0,0.0406511936185023,0.7721221613155834,0.0236236896165981,0.0,0.9331026528258362,0.0268390889731951,True,S0,S0/none,0.0372419462117304,0.0219033232628398,0.082097750533891,0.0,0.0364288785659737,0.018794048551292,0.0011506761742115,0.0,-0.008517674806431202,0.6638972809667674,0.0,0.004222315052528597,0.7533281127642915,False,-0.5,1,False,False,0.023407202216066483,0.0338796869345915,random_under_10to1,0.035527346393720384,0.0016476594591288835,-0.021517225107260292,regen
regen_gridB,4,44,xgb,S3_HYBRID,s1_plus_ig,2.0,0.25,positive_only,featurewise_quantile_pos,s1_plus_ig/mode=positive_only/ratio=2.0/keep=0.25,0.0324706577278337,0.0098187311178247,0.0858195557331356,0.074074074074074,0.0734973636660324,0.0039154267815191,0.0449654564501718,0.0196078431372549,0.8184615384615384,0.0357239558684068,True,S1,S1/random_under_10to1,0.0655695806701286,0.0,0.1905878567447201,0.074074074074074,0.0414709459196932,0.0,0.0,0.0,-0.03309892294229489,0.0098187311178247,0.0,0.03202641774633921,0.0039154267815191,False,-0.5,0,True,False,0.023407202216066483,0.0338796869345915,random_under_10to1,0.035527346393720384,0.0016476594591288835,-0.021517225107260292,regen
regen_gridB,4,45,xgb,S3_HYBRID,s1_plus_ig,0.75,0.5,positive_only,featurewise_quantile_pos,s1_plus_ig/mode=positive_only/ratio=0.75/keep=0.5,0.0330226920816871,0.0090634441087613,0.0898422309268984,0.074074074074074,0.0498503880166829,0.0117462803445575,-0.021360081523495,0.0,0.9807766243752404,0.0285470379187568,True,S1,S1/smote,0.0447887141590389,0.0007552870090634,0.1320666399981499,0.037037037037037,0.042122044874509,0.0023492560689115,-0.0095091637834244,0.0,-0.0117660220773518,0.008308157099697901,0.037037037037037,0.007728343142173903,0.009397024275646,False,0.5,0,True,False,0.023407202216066483,0.0338796869345915,random_under_10to1,0.035527346393720384,0.0016476594591288835,-0.021517225107260292,regen
regen_gridB,4,46,xgb,S3_HYBRID,s1_plus_ig,2.0,0.25,positive_only,featurewise_quantile_pos,s1_plus_ig/mode=positive_only/ratio=2.0/keep=0.25,0.0349402375953167,0.763595166163142,0.0784172091037273,0.037037037037037,0.111793080818632,0.658574784651527,0.067155978557831,0.0196078431372549,0.8092307692307692,0.0277705409887603,True,S1,S1/random_over,0.0419654275524825,0.0090634441087613,0.0898422309268984,0.074074074074074,0.0402272727611963,0.0078308535630383,-0.0174073208509264,0.0,-0.007025189957165799,0.7545317220543808,-0.037037037037037,0.0715658080574357,0.6507439310884887,False,-2.0,1,False,False,0.023407202216066483,0.0338796869345915,random_under_10to1,0.035527346393720384,0.0016476594591288835,-0.021517225107260292,regen
regen_gridB,5,42,xgb,S3_HYBRID,s1_plus_ig,1.5,0.75,positive_only,featurewise_quantile_pos,s1_plus_ig/mode=positive_only/ratio=1.5/keep=0.75,0.1448723578490734,0.0008421052631578,0.26188311430076,0.1269841269841269,0.0651646688330639,0.0044692737430167,0.0170043805618258,0.0109890109890109,0.9945997789870936,0.0742524669844458,True,S1,S1/smote,0.091091513604085,0.0004210526315789,0.1850271029363683,0.0952380952380952,0.0585922892536818,0.0022346368715083,-0.0085680953679139,0.0329670329670329,0.0537808442449884,0.0004210526315789,0.03174603174603169,0.006572379579382108,0.0022346368715084005,False,7.5,0,True,False,0.031729473638457864,0.04884137006227376,smote,0.07012341857435693,0.021282048512083172,-0.002067012140821306,regen
regen_gridB,5,43,xgb,S3_HYBRID,s1_plus_ig,1.5,1.0,positive_only,featurewise_quantile_pos,s1_plus_ig/mode=positive_only/ratio=1.5/keep=1.0,0.1825686288981727,0.0012631578947368,0.2976312792321485,0.1428571428571428,0.0554321770402236,0.0070763500931098,0.0082377848793507,0.0109890109890109,0.9945580784387316,0.112770055968989,True,S1,S1/smote,0.1339853146491224,0.0008421052631578,0.26188311430076,0.1111111111111111,0.0646197771586235,0.0089385474860335,0.024104598908758,0.0659340659340659,0.048583314249050324,0.00042105263157900003,0.03174603174603169,-0.009187600118399905,-0.0018621973929237,True,7.5,0,True,False,0.031729473638457864,0.04884137006227376,smote,0.07012341857435693,0.021282048512083172,-0.002067012140821306,regen
regen_gridB,5,44,xgb,S3_HYBRID,s1_plus_ig,1.5,1.0,positive_only,featurewise_quantile_pos,s1_plus_ig/mode=positive_only/ratio=1.5/keep=1.0,0.1593391980388152,0.0,0.2783399083856074,0.1269841269841269,0.0573362024885847,0.0014897579143389,-0.0069932963727837,0.0329670329670329,0.9989574862909448,0.0797094136657713,True,S1,S1/smote,0.0891654669270251,0.0016842105263157,0.1714737355602824,0.0952380952380952,0.0632911608565391,0.0048417132216014,-0.0126278607687633,0.0439560439560439,0.0701737311117901,-0.0016842105263157,0.03174603174603169,-0.005954958367954399,-0.0033519553072624995,True,8.5,0,True,True,0.031729473638457864,0.04884137006227376,smote,0.07012341857435693,0.021282048512083172,-0.002067012140821306,regen
regen_gridB,5,45,xgb,S3_HYBRID,s1_plus_ig,1.0,0.75,positive_only,featurewise_quantile_pos,s1_plus_ig/mode=positive_only/ratio=1.0/keep=0.75,0.1366560846413874,0.0004210526315789,0.2527923610014928,0.0952380952380952,0.0588791033495444,0.0085661080074487,-0.0168271034016949,0.0,0.9964346031150308,0.101316975509447,False,S1,S1/smote,0.1108038388790667,0.0,0.2155126051904876,0.0952380952380952,0.0730034076572202,0.0011173184357541,-0.0060552801912547,0.0439560439560439,0.025852245762320702,0.0004210526315789,0.0,-0.014124304307675799,0.0074487895716946004,True,6.5,0,True,False,0.031729473638457864,0.04884137006227376,smote,0.07012341857435693,0.021282048512083172,-0.002067012140821306,regen
regen_gridB,5,46,xgb,S3_HYBRID,s1_plus_ig,1.5,1.0,positive_only,featurewise_quantile_pos,s1_plus_ig/mode=positive_only/ratio=1.5/keep=1.0,0.1608053398006738,0.0008421052631578,0.2884832012570247,0.1428571428571428,0.0770507901971657,0.0070763500931098,0.0306236807618341,0.0439560439560439,0.9939325702132984,0.0773175297063674,True,S1,S1/smote,0.0708437572782593,0.0,0.1243751929964915,0.0634920634920634,0.0692784681131701,0.0,0.0,0.0549450549450549,0.0899615825224145,0.0008421052631578,0.07936507936507939,0.0077723220839956,0.0070763500931098,False,7.5,0,True,False,0.031729473638457864,0.04884137006227376,smote,0.07012341857435693,0.021282048512083172,-0.002067012140821306,regen
regen_gridB,6,42,xgb,S3_HYBRID,s1_plus_ig,1.0,0.25,positive_only,featurewise_quantile_pos,s1_plus_ig/mode=positive_only/ratio=1.0/keep=0.25,0.1604155056184671,0.0253600500939261,0.2585938074152737,0.116822429906542,0.0990362017346792,0.0627422033585532,0.1160000701953907,0.0854271356783919,0.9748340280994288,0.0935816318770521,True,S1,S1/random_over,0.2034510007203047,0.0010958046336881,0.2305363776012932,0.1355140186915887,0.1036226769107796,0.0007381435689241,0.0751246241265939,0.0452261306532663,-0.0430354951018376,0.024264245460238,-0.01869158878504669,-0.004586475176100405,0.0620040597896291,True,0.0,1,False,False,0.038690679997260835,0.17474988064026742,random_over,0.16963586397510405,-0.005114016665163368,-0.03510099754493104,regen
regen_gridB,6,43,xgb,S3_HYBRID,s1_plus_ig,1.0,0.75,positive_only,featurewise_quantile_pos,s1_plus_ig/mode=positive_only/ratio=1.0/keep=0.75,0.176773765224608,0.0234815278647463,0.2509736714776267,0.1448598130841121,0.110041248636779,0.0308174940025835,0.1061546397218705,0.0603015075376884,0.9881270980616618,0.0811905600769047,False,S1,S1/random_over,0.1750007232605763,0.0491546649968691,0.2298487737702791,0.1261682242990654,0.1074991435054093,0.0577597342683151,0.1382841712355036,0.0552763819095477,0.0017730419640316908,-0.0256731371321228,0.018691588785046703,0.0025421051313696957,-0.0269422402657316,False,6.5,0,True,False,0.038690679997260835,0.17474988064026742,random_over,0.16963586397510405,-0.005114016665163368,-0.03510099754493104,regen
regen_gridB,6,44,xgb,S3_HYBRID,s1_plus_ig,1.5,0.75,positive_only,featurewise_quantile_pos,s1_plus_ig/mode=positive_only/ratio=1.5/keep=0.75,0.1472980083480916,0.0438321853475266,0.2306623338600962,0.1074766355140186,0.1282184137510492,0.0767669311681122,0.1964287332410522,0.100502512562814,0.9994198907847716,0.1024664536467662,True,S1,S1/smote,0.1879140460510901,0.0688791484032561,0.2235050342545827,0.1214953271028037,0.105857221420833,0.095035984498985,0.169933148912531,0.0351758793969849,-0.040616037702998514,-0.025046963055729496,-0.01401869158878509,0.022361192330216204,-0.018269053330872795,False,2.0,0,True,False,0.038690679997260835,0.17474988064026742,random_over,0.16963586397510405,-0.005114016665163368,-0.03510099754493104,regen
regen_gridB,6,45,xgb,S3_HYBRID,s1_plus_ig,0.25,0.25,positive_only,featurewise_quantile_pos,s1_plus_ig/mode=positive_only/ratio=0.25/keep=0.25,0.1762449830185104,0.0571383844708829,0.2175515575529306,0.1214953271028037,0.1028069425231263,0.0917143384388263,0.1566099415306659,0.0452261306532663,0.9853327157634708,0.0895809241728593,False,S1,S1/smote,0.1815416811459739,0.0629304946775203,0.2264740939169474,0.116822429906542,0.1280516809905603,0.081011256689426,0.1712663305426207,0.0402010050251256,-0.0052966981274635005,-0.005792110206637391,0.004672897196261697,-0.025244738467433997,0.010703081749400295,True,4.5,0,True,False,0.038690679997260835,0.17474988064026742,random_over,0.16963586397510405,-0.005114016665163368,-0.03510099754493104,regen
regen_gridB,6,46,xgb,S3_HYBRID,s1_plus_ig,0.25,0.25,positive_only,featurewise_quantile_pos,s1_plus_ig/mode=positive_only/ratio=0.25/keep=0.25,0.1591989675297674,0.0793675641828428,0.2215663288246386,0.0887850467289719,0.1078106658999364,0.1443070677246724,0.1497142603235599,0.0452261306532663,0.9894858730893932,0.0967868792379014,False,S1,S1/random_under_10to1,0.185249318241946,0.0256731371321227,0.2328779447437029,0.1308411214953271,0.1259409828946884,0.0199298763609522,0.1397093707819111,0.0351758793969849,-0.026050350712178594,0.0536944270507201,-0.042056074766355186,-0.01813031699475201,0.12437719136372019,True,0.0,1,False,False,0.038690679997260835,0.17474988064026742,random_over,0.16963586397510405,-0.005114016665163368,-0.03510099754493104,regen
regen_gridB,7,42,xgb,S3_HYBRID,s1_plus_ig,1.0,0.75,positive_only,featurewise_quantile_pos,s1_plus_ig/mode=positive_only/ratio=1.0/keep=0.75,0.1420311602704008,0.0124817272011694,0.245070900187963,0.1764705882352941,0.13846947039542,0.028262339418526,0.1972756623645802,0.2043478260869565,0.9994782924284352,0.0528306512758748,False,S1,S1/smote,0.1516558954463379,0.0040481277409198,0.2324664307871871,0.1764705882352941,0.1268895835178008,0.0093306288032454,0.1359623644194148,0.1739130434782608,-0.009624735175937094,0.0084335994602496,0.0,0.011579886877619211,0.0189317106152806,False,0.5,0,True,False,0.0249402390438247,0.13662914892854625,random_under_10to1,0.15227331455946674,0.015644165630920498,-0.04223867121753128,regen
regen_gridB,7,43,xgb,S3_HYBRID,s1_plus_ig,1.0,0.25,positive_only,featurewise_quantile_pos,s1_plus_ig/mode=positive_only/ratio=1.0/keep=0.25,0.1291615875780408,0.0115821432587428,0.1848981331814196,0.1402714932126696,0.1250741318502437,0.0255578093306288,0.1998950498490327,0.2043478260869565,0.9923585332729744,0.0432366012926758,True,S1,S1/random_under_10to1,0.1787176605910356,0.0078713594962329,0.2385727073748471,0.1855203619909502,0.1510613119251732,0.0159567275185936,0.2477553951655826,0.2565217391304348,-0.049556073012994806,0.0037107837625098995,-0.045248868778280604,-0.025987180074929478,0.0096010818120352,True,2.0,0,True,False,0.0249402390438247,0.13662914892854625,random_under_10to1,0.15227331455946674,0.015644165630920498,-0.04223867121753128,regen
regen_gridB,7,44,xgb,S3_HYBRID,s1_plus_ig,1.0,0.75,positive_only,featurewise_quantile_pos,s1_plus_ig/mode=positive_only/ratio=1.0/keep=0.75,0.1357559491403251,0.0233891825030923,0.210951678082922,0.1402714932126696,0.1351330647865306,0.0490872210953346,0.2591228872432253,0.2,0.9993467313886496,0.0598412963658333,False,S1,S1/random_over,0.1809290631671266,0.0049477116833464,0.2662828784041264,0.1855203619909502,0.1312777045126918,0.013657876943881,0.1986276251910125,0.2391304347826087,-0.04517311402680149,0.018441470819745898,-0.045248868778280604,0.003855360273838787,0.0354293441514536,False,-1.0,0,True,False,0.0249402390438247,0.13662914892854625,random_under_10to1,0.15227331455946674,0.015644165630920498,-0.04223867121753128,regen
regen_gridB,7,45,xgb,S3_HYBRID,s1_plus_ig,0.25,0.25,positive_only,featurewise_quantile_pos,s1_plus_ig/mode=positive_only/ratio=0.25/keep=0.25,0.1317442605206377,0.0085460474530529,0.2314133483445345,0.1809954751131221,0.1159572498676148,0.0201487491548343,0.1734925711204993,0.1782608695652174,0.9804436396559528,0.0407574477468645,False,S1,S1/random_over,0.1534751792418149,0.0022489598560665,0.2433105580136337,0.1809954751131221,0.1130858098279794,0.0032454361054766,0.0400002344616315,0.1521739130434782,-0.02173091872117719,0.0062970875969864,0.0,0.002871440039635395,0.016903313049357698,False,1.5,0,True,False,0.0249402390438247,0.13662914892854625,random_under_10to1,0.15227331455946674,0.015644165630920498,-0.04223867121753128,regen
regen_gridB,7,46,xgb,S3_HYBRID,s1_plus_ig,0.5,0.25,positive_only,featurewise_quantile_pos,s1_plus_ig/mode=positive_only/ratio=0.5/keep=0.25,0.1310539868096089,0.0100078713594962,0.2522927854662466,0.1990950226244343,0.1169529775413793,0.018526031102096,0.198475072383265,0.1826086956521739,0.9801901312811228,0.0470926841667042,True,S1,S1/random_over,0.1618292134110095,0.007534015517823,0.2530050106845735,0.1945701357466063,0.1428289190737723,0.0127112914131169,0.2338898985095142,0.2260869565217391,-0.030775226601400613,0.0024738558416732004,0.004524886877827983,-0.02587594153239299,0.0058147396889791005,True,3.5,0,True,False,0.0249402390438247,0.13662914892854625,random_under_10to1,0.15227331455946674,0.015644165630920498,-0.04223867121753128,regen
regen_gridB,8,42,xgb,S3_HYBRID,s1_plus_ig,2.0,0.25,positive_only,featurewise_quantile_pos,s1_plus_ig/mode=positive_only/ratio=2.0/keep=0.25,0.4561074165509972,0.0021873860736419,0.5383957198423418,0.380281690140845,0.031464181645593,0.0,0.0,0.0,0.970701963117192,0.2335970281923027,True,S1,S1/random_under_10to1,0.3739532049701536,0.0091141086401749,0.4564884235513047,0.4084507042253521,0.0354432218137652,0.002660753880266,-0.0056182117707078,0.0,0.08215421158084357,-0.006926722566533001,-0.028169014084507116,-0.003979040168172195,-0.002660753880266,True,6.0,0,True,False,0.028960908078289927,0.2953072025987346,random_under_10to1,0.31835251428048855,0.023045311681753944,-0.013785239180399882,regen
regen_gridB,8,43,xgb,S3_HYBRID,s1_plus_ig,0.75,0.25,positive_only,featurewise_quantile_pos,s1_plus_ig/mode=positive_only/ratio=0.75/keep=0.25,0.3775967177235623,0.0149471381698869,0.4299031126422408,0.380281690140845,0.0298498538605467,0.001330376940133,-0.0039700600309351,0.0,0.9660916121356335,0.2655770296181651,True,S1,S1/smote,0.3283157196710154,0.0113014947138169,0.442856241290937,0.3943661971830985,0.0334932329883687,0.001330376940133,-0.0039700600309351,0.0,0.049280998052546876,0.00364564345607,-0.014084507042253502,-0.003643379127821998,0.0,True,5.0,0,True,False,0.028960908078289927,0.2953072025987346,random_under_10to1,0.31835251428048855,0.023045311681753944,-0.013785239180399882,regen
regen_gridB,8,44,xgb,S3_HYBRID,s1_plus_ig,1.0,0.25,positive_only,featurewise_quantile_pos,s1_plus_ig/mode=positive_only/ratio=1.0/keep=0.25,0.380460018931392,0.0080204156033539,0.4463179259852655,0.380281690140845,0.029497688715929,0.0008869179600886,-0.0032408294992417,0.0,0.9257882212968472,0.3930393454911744,True,S1,S1/random_over,0.3891910992258038,0.0051039008384979,0.452361882513443,0.4084507042253521,0.0333809057960297,0.0004434589800443,-0.0022911101342299,0.0,-0.00873108029441183,0.002916514764855999,-0.028169014084507116,-0.0038832170801007017,0.0004434589800443,True,2.0,0,True,False,0.028960908078289927,0.2953072025987346,random_under_10to1,0.31835251428048855,0.023045311681753944,-0.013785239180399882,regen
regen_gridB,8,45,xgb,S3_HYBRID,s1_plus_ig,1.0,0.25,positive_only,featurewise_quantile_pos,s1_plus_ig/mode=positive_only/ratio=1.0/keep=0.25,0.3872012162431197,0.0503098796937659,0.4570834508232083,0.380281690140845,0.0379987239766646,0.0199556541019955,0.1479600221974845,0.0,0.9568709101725164,0.3615710486591837,True,S1,S1/random_over,0.3665116049331232,0.0054684651841049,0.4847699894090051,0.4084507042253521,0.0355375329262651,0.0,0.0,0.0,0.020689611309996525,0.044841414509661004,-0.028169014084507116,0.0024611910503994985,0.0199556541019955,False,3.0,1,False,False,0.028960908078289927,0.2953072025987346,random_under_10to1,0.31835251428048855,0.023045311681753944,-0.013785239180399882,regen
regen_gridB,8,46,xgb,S3_HYBRID,s1_plus_ig,1.5,0.25,positive_only,featurewise_quantile_pos,s1_plus_ig/mode=positive_only/ratio=1.5/keep=0.25,0.448890719866386,0.0477579292745169,0.4665460108636166,0.3661971830985915,0.033235202528118,0.0190687361419068,0.1251715387296577,0.0,0.9894408090422367,0.3263987233764274,True,S1,S1/random_over,0.3479435929582807,0.0036456434560699,0.4529110075681021,0.3943661971830985,0.0261256726635585,0.0,0.0,0.0,0.10094712690810531,0.044112285818447,-0.028169014084507005,0.0071095298645595,0.0190687361419068,False,3.0,1,False,False,0.028960908078289927,0.2953072025987346,random_under_10to1,0.31835251428048855,0.023045311681753944,-0.013785239180399882,regen
regen_gridB,9,42,xgb,S3_HYBRID,s1_plus_ig,1.5,0.5,positive_only,featurewise_quantile_pos,s1_plus_ig/mode=positive_only/ratio=1.5/keep=0.5,0.0268888312520704,0.1031509121061359,0.0927313875225266,0.0,0.0370427849376753,0.0696621386276558,0.0759535811922124,0.0,0.9637336504161712,0.0193193921350967,True,S1,S1/random_over,0.0229377191441319,0.1014925373134328,0.0742652986791658,0.0285714285714285,0.0210308163835448,0.0588645071403692,0.0055782283323293,0.0,0.003951112107938502,0.0016583747927031017,-0.0285714285714285,0.0160119685541305,0.010797631487286602,False,2.0,0,True,False,0.00962068447161397,0.01989635098881394,random_under_20to1,0.02212829523876542,0.0022319442499514792,-0.003742884503864206,regen
regen_gridB,9,43,xgb,S3_HYBRID,s1_plus_ig,0.25,0.25,positive_only,featurewise_quantile_pos,s1_plus_ig/mode=positive_only/ratio=0.25/keep=0.25,0.0258429708614154,0.1864013266998341,0.0812882073680013,0.0,0.0316268584809552,0.1717171717171717,0.0268105924522126,0.0,0.7407847800237812,0.0270133985257503,False,S1,S1/random_under_10to1,0.0237296899268134,0.132669983416252,0.0831289954121062,0.0,0.0276768608968703,0.0672239637756879,0.0235037719435343,0.0,0.002113280934602002,0.05373134328358212,0.0,0.003949997584084899,0.10449320794148381,False,1.5,1,False,False,0.00962068447161397,0.01989635098881394,random_under_20to1,0.02212829523876542,0.0022319442499514792,-0.003742884503864206,regen
regen_gridB,9,44,xgb,S3_HYBRID,s1_plus_ig,2.0,1.0,positive_only,featurewise_quantile_pos,s1_plus_ig/mode=positive_only/ratio=2.0/keep=1.0,0.0284980884923777,0.0646766169154228,0.1059350519739959,0.0285714285714285,0.0348492027755032,0.0491118077324973,0.0243491107058023,0.0465116279069767,0.9976218787158144,0.0158034319641184,True,S1,S1/random_under_20to1,0.0307094371834947,0.0043117744610281,0.0804344717726165,0.0857142857142857,0.0265071064294245,0.0,0.0,0.0,-0.0022113486911170023,0.0603648424543947,-0.057142857142857204,0.0083420963460787,0.0491118077324973,False,-2.0,2,False,False,0.00962068447161397,0.01989635098881394,random_under_20to1,0.02212829523876542,0.0022319442499514792,-0.003742884503864206,regen
regen_gridB,9,45,xgb,S3_HYBRID,s1_plus_ig,1.5,0.5,positive_only,featurewise_quantile_pos,s1_plus_ig/mode=positive_only/ratio=1.5/keep=0.5,0.0251561813341914,0.0258706467661691,0.0765800409965939,0.0285714285714285,0.0310417841394355,0.0132358063392546,0.0344830945792626,0.0232558139534883,0.9780023781212842,0.0176966719299713,True,S1,S1/smote,0.0232079744766764,0.0746268656716417,0.0843076340165645,0.0,0.0235430365825783,0.0456287008011145,0.0271874275161469,0.0,0.001948206857515001,-0.048756218905472604,0.0285714285714285,0.007498747556857199,-0.0323928944618599,False,5.5,0,True,False,0.00962068447161397,0.01989635098881394,random_under_20to1,0.02212829523876542,0.0022319442499514792,-0.003742884503864206,regen
regen_gridB,9,46,xgb,S3_HYBRID,s1_plus_ig,1.0,0.75,positive_only,featurewise_quantile_pos,s1_plus_ig/mode=positive_only/ratio=1.0/keep=0.75,0.0275918199085359,0.0391376451077943,0.0864199798724186,0.0285714285714285,0.0274544244209677,0.0390107976314872,0.0190475623426123,0.0,0.9753269916765754,0.0223932878828997,False,S1,S1/random_over,0.0243763175237749,0.1087893864013267,0.0792127642439337,0.0285714285714285,0.023642515137331,0.0672239637756879,0.0235037719435343,0.0,0.0032155023847609994,-0.0696517412935324,0.0,0.0038119092836366997,-0.028213166144200698,False,4.5,0,True,False,0.00962068447161397,0.01989635098881394,random_under_20to1,0.02212829523876542,0.0022319442499514792,-0.003742884503864206,regen
regen_gridB,10,42,xgb,S3_HYBRID,s1_plus_ig,2.0,0.5,positive_only,featurewise_quantile_pos,s1_plus_ig/mode=positive_only/ratio=2.0/keep=0.5,0.1662288193334937,0.0139954853273137,0.2875211820393434,0.3287128712871287,0.1552195006187072,0.0140397476639946,0.2651719521218549,0.3026584867075664,0.9999361484760768,0.0617124566063435,True,S0,S0/none,0.125974433308165,0.0182433819002667,0.2809851994922857,0.293069306930693,0.134270588571309,0.0196603898875871,0.2361692701123195,0.2474437627811861,0.040254386025328714,-0.004247896572953,0.03564356435643573,0.02094891204739821,-0.005620642223592501,False,7.5,0,True,True,0.01050970964955114,0.11450155998494298,random_under_20to1,0.12669537810706272,0.01219381812211974,-0.010988505528111642,regen
regen_gridB,10,43,xgb,S3_HYBRID,s1_plus_ig,1.5,0.25,positive_only,featurewise_quantile_pos,s1_plus_ig/mode=positive_only/ratio=1.5/keep=0.25,0.1418684623677664,0.0120664888159244,0.2785726091310115,0.3148514851485148,0.1150159674502388,0.0166247687710477,0.2208742744462236,0.2535787321063394,0.99468820861678,0.0999891311109845,True,S1,S1/random_over,0.1299972506502855,0.0168684588549148,0.2730362297240692,0.295049504950495,0.1186080249226847,0.01712280036048,0.2319642451033538,0.2188139059304703,0.0118712117174809,-0.004801970038990402,0.01980198019801982,-0.0035920574724458976,-0.000498031589432301,True,7.5,0,True,True,0.01050970964955114,0.11450155998494298,random_under_20to1,0.12669537810706272,0.01219381812211974,-0.010988505528111642,regen
regen_gridB,10,44,xgb,S3_HYBRID,s1_plus_ig,1.5,1.0,positive_only,featurewise_quantile_pos,s1_plus_ig/mode=positive_only/ratio=1.5/keep=1.0,0.1373225345349485,0.0183049456187153,0.2559554865160902,0.2277227722772277,0.1740928667413934,0.0201584214770194,0.2620070081980039,0.2678936605316973,0.999909188943754,0.0980747948455839,True,S1,S1/random_under_20to1,0.131008336280407,0.013338805663862,0.2837259278647766,0.3069306930693069,0.1492652098829934,0.0135891476545083,0.2387189433370489,0.2392638036809816,0.006314198254541492,0.0049661399548533,-0.07920792079207922,0.024827656858399993,0.0065692738225111,False,4.0,1,False,False,0.01050970964955114,0.11450155998494298,random_under_20to1,0.12669537810706272,0.01219381812211974,-0.010988505528111642,regen
regen_gridB,10,45,xgb,S3_HYBRID,s1_plus_ig,1.5,0.5,positive_only,featurewise_quantile_pos,s1_plus_ig/mode=positive_only/ratio=1.5/keep=0.5,0.1352894390947819,0.019105273958547,0.2705209663443491,0.2693069306930693,0.1461431488930875,0.0200161267371816,0.2654153112146402,0.3006134969325153,0.9999432430898462,0.0465831021095749,True,S1,S1/random_under_20to1,0.133166144128667,0.0210342704699363,0.271909483171701,0.2376237623762376,0.1246502535799126,0.0192097898781008,0.2466714198610501,0.1860940695296523,0.0021232949661148803,-0.0019289965113892978,0.03168316831683171,0.021492895313174887,0.0008063368590808008,False,6.5,0,True,False,0.01050970964955114,0.11450155998494298,random_under_20to1,0.12669537810706272,0.01219381812211974,-0.010988505528111642,regen
regen_gridB,10,46,xgb,S3_HYBRID,s1_plus_ig,2.0,0.75,positive_only,featurewise_quantile_pos,s1_plus_ig/mode=positive_only/ratio=2.0/keep=0.75,0.1400223915898964,0.0104453108967781,0.2772820639690352,0.3168316831683168,0.1382936253623788,0.0122136318360764,0.245220532806444,0.294478527607362,0.9999602701628924,0.0651136939154582,True,S1,S1/random_under_10to1,0.1299114239418065,0.0208495793145906,0.2683170578329787,0.2455445544554455,0.1182412910613989,0.0226011478442346,0.2312407088190552,0.1963190184049079,0.010110967648089914,-0.0104042684178125,0.07128712871287127,0.0200523343009799,-0.010387516008158201,False,7.5,0,True,True,0.01050970964955114,0.11450155998494298,random_under_20to1,0.12669537810706272,0.01219381812211974,-0.010988505528111642,regen
