set,task_id,n,share_positive_delta,mean_delta,max_delta,min_delta
gridA_family_winners,0,15,0.6,0.004966254966272764,0.037206850445115014,-0.018559852053929585
gridA_family_winners,1,15,0.4,-0.009481849170080455,0.019125111482901608,-0.03360561864869388
gridA_family_winners,2,15,0.26666666666666666,-0.0033663980537128606,0.0065318395612977975,-0.013178639355157899
gridA_family_winners,3,15,0.4666666666666667,-0.00010921305195518705,0.036913569278175504,-0.045957788128167296
gridA_family_winners,5,15,0.26666666666666666,-0.003676500064704925,0.0058266642516750095,-0.016319422394695797
gridA_family_winners,6,15,0.4,-0.0022648819402292094,0.021625329392054193,-0.029505568746588315
gridA_family_winners,7,15,0.2,-0.01581701351343794,0.015542806762116404,-0.05971603827937559
gridA_family_winners,9,15,0.5333333333333333,0.0009904782512127398,0.011109406698729604,-0.008567613874677
gridA_family_winners,10,15,0.3333333333333333,-0.006349187377302816,0.021789516495137495,-0.032079192933596415
gridB_all_candidates,0,120,0.55,0.0018510944554009274,0.036052663822591424,-0.022122938025150987
gridB_all_candidates,1,120,0.18333333333333332,-0.01289867599095344,0.033302485885791516,-0.05660079167445359
gridB_all_candidates,2,120,0.325,-0.002107779550954705,0.018177710930629497,-0.011183059865746196
gridB_all_candidates,3,120,0.6666666666666666,0.015380198070397725,0.09636225531002529,-0.049479519326558294
gridB_all_candidates,5,120,0.2,-0.005920860486818416,0.014090041823231703,-0.018774096741212998
gridB_all_candidates,6,120,0.43333333333333335,-0.0027041647692064795,0.044945339363577405,-0.03885178336580311
gridB_all_candidates,7,120,0.39166666666666666,-0.00575100584352886,0.0594191861877353,-0.0473026660173891
gridB_all_candidates,9,120,0.9583333333333334,0.006784986769680475,0.0223813756212526,-0.007115751481630701
gridB_all_candidates,10,120,0.575,0.0026679056876604155,0.05407671837730489,-0.027934882278845705
