grid,scenario,method,ratio,classifier,n_train_aug,n_pos_aug,val_ROC_AUC,val_PR_AUC,val_F1,val_Recall,val_Precision,val_MCC,val_FPR,val_Threshold,val_TN,val_FP,val_FN,val_TP,val_Recall_at_FPR010,val_Recall_at_FPR020,val_Recall_at_FPR050,test_ROC_AUC,test_PR_AUC,test_F1,test_Recall,test_Precision,test_MCC,test_FPR,test_Threshold,test_TN,test_FP,test_FN,test_TP,test_Recall_at_FPR010,test_Recall_at_FPR020,test_Recall_at_FPR050,threshold,fit_seconds,keep_rate,ddpm_train_mode,s3_postprocess,n_added,hybrid_base_added,hybrid_smote_added,pool_view_size,with_replacement,real_vs_synth_auc,tstr_pr_auc
ref,S0,none,0.0,lgbm,62068,1766,0.6440519202462197,0.030041515184684148,0.050261780104712044,0.6382978723404256,0.026160889470241987,0.06617395849220849,0.3796532381438042,0.04659345967500498,7299.0,4467.0,68.0,120.0,0.03723404255319149,0.0797872340425532,0.14361702127659576,0.6003529079616036,0.025530333113475384,0.04066811909949165,0.48695652173913045,0.021220159151193633,0.027869760856683985,0.381198347107438,0.04659345967500498,4193.0,2583.0,59.0,56.0,0.043478260869565216,0.06086956521739131,0.09565217391304348,0.04659345967500498,7.8,,,,,,,,,,
ref,S0,none,0.0,xgb,62068,1766,0.6308519227778562,0.02584922630307867,0.05737704918032787,0.3723404255319149,0.03108348134991119,0.0594656950717222,0.18544960054394016,0.22273646295070648,9584.0,2182.0,118.0,70.0,0.031914893617021274,0.047872340425531915,0.10106382978723404,0.6205764591140086,0.024177005577386543,0.049786628733997154,0.30434782608695654,0.027110766847405113,0.039064356034977196,0.18536009445100354,0.22273646295070648,5520.0,1256.0,80.0,35.0,0.02608695652173913,0.02608695652173913,0.034782608695652174,0.22273646295070648,2.66,,,,,,,,,,
ref,S1,random_over,0.25,lgbm,62510,2208,0.653122863931776,0.03635219668255932,0.10384615384615385,0.14361702127659576,0.08132530120481928,0.08911307147031838,0.025922148563657998,0.40371532626434375,11461.0,305.0,161.0,27.0,0.031914893617021274,0.11170212765957446,0.18617021276595744,0.6152597402597403,0.02790806271316247,0.06557377049180328,0.06956521739130435,0.06201550387596899,0.04887216142690344,0.017857142857142856,0.40371532626434375,6655.0,121.0,107.0,8.0,0.02608695652173913,0.06086956521739131,0.09565217391304348,0.40371532626434375,5.17,,,,,,,,,,
ref,S1,random_over,0.25,xgb,62510,2208,0.6414800488967491,0.026583351846033096,0.06291079812206572,0.35638297872340424,0.0345005149330587,0.06645547544543264,0.1593574706782254,0.21452336013317108,9891.0,1875.0,121.0,67.0,0.02127659574468085,0.047872340425531915,0.0797872340425532,0.6066154201529697,0.02277659245008785,0.04215851602023609,0.21739130434782608,0.02334267040149393,0.022283227157990783,0.15436835891381345,0.21452336013317108,5730.0,1046.0,90.0,25.0,0.0,0.034782608695652174,0.06086956521739131,0.21452336013317108,2.74,,,,,,,,,,
ref,S1,random_over,0.5,lgbm,62951,2649,0.6449294035102947,0.0287507254938776,0.06627101879327399,0.35638297872340424,0.03653217011995638,0.07118714242156143,0.1501784803671596,0.09893561014146615,9999.0,1767.0,121.0,67.0,0.02127659574468085,0.03723404255319149,0.09574468085106383,0.6126392382321236,0.02566170015095396,0.05812897366030881,0.2782608695652174,0.032454361054766734,0.050291506493416537,0.14079102715466352,0.09893561014146615,5822.0,954.0,83.0,32.0,0.008695652173913044,0.017391304347826087,0.06956521739130435,0.09893561014146615,6.53,,,,,,,,,,
ref,S1,random_over,0.5,xgb,62951,2649,0.6221806159833057,0.02442199410080404,0.05924170616113744,0.39893617021276595,0.03199658703071672,0.06458249070713942,0.19284378718340983,0.18611983954906464,9497.0,2269.0,113.0,75.0,0.015957446808510637,0.0425531914893617,0.09042553191489362,0.5929136081309994,0.02253147599078421,0.04263565891472868,0.28695652173913044,0.023028611304954642,0.025360297904845727,0.2066115702479339,0.18611983954906464,5376.0,1400.0,82.0,33.0,0.017391304347826087,0.02608695652173913,0.05217391304347826,0.18611983954906464,2.7,,,,,,,,,,
ref,S1,random_over,0.75,lgbm,63392,3090,0.6576133540204194,0.032557334721595714,0.09053497942386832,0.23404255319148937,0.05612244897959184,0.08601699986357178,0.06289308176100629,0.18169318649213306,11026.0,740.0,144.0,44.0,0.026595744680851064,0.06382978723404255,0.18617021276595744,0.6419357322519377,0.027294903617207263,0.0502283105022831,0.09565217391304348,0.034055727554179564,0.030065155925313076,0.04604486422668241,0.18169318649213306,6464.0,312.0,104.0,11.0,0.017391304347826087,0.02608695652173913,0.05217391304347826,0.18169318649213306,3.93,,,,,,,,,,
ref,S1,random_over,0.75,xgb,63392,3090,0.6372445307611908,0.025577211500503325,0.041430777148739065,0.8563829787234043,0.0212289029535865,0.05825657643506124,0.6308856025837158,0.03473727032542229,4343.0,7423.0,27.0,161.0,0.031914893617021274,0.05319148936170213,0.0851063829787234,0.5875263076844104,0.021137797078957403,0.03753108749717386,0.7217391304347827,0.019266480965645313,0.025990406269612375,0.6235242030696576,0.03473727032542229,2551.0,4225.0,32.0,83.0,0.008695652173913044,0.008695652173913044,0.034782608695652174,0.03473727032542229,2.69,,,,,,,,,,
ref,S1,random_over,1.0,lgbm,63834,3532,0.6271245402367441,0.02826993522190354,0.07564575645756458,0.21808510638297873,0.04575892857142857,0.06870993128918086,0.07266700662927078,0.26284315309174766,10911.0,855.0,147.0,41.0,0.02127659574468085,0.06382978723404255,0.14361702127659576,0.6015758944612699,0.023322097030601126,0.049689440993788817,0.1391304347826087,0.030245746691871456,0.030517660798648486,0.07570838252656434,0.26284315309174766,6263.0,513.0,99.0,16.0,0.0,0.017391304347826087,0.06956521739130435,0.26284315309174766,6.33,,,,,,,,,,
ref,S1,random_over,1.0,xgb,63834,3532,0.6633425376400085,0.026733648174367117,0.049598832968636035,0.723404255319149,0.0256797583081571,0.07134564890768703,0.4385517593064763,0.0592864528298378,6606.0,5160.0,52.0,136.0,0.02127659574468085,0.03723404255319149,0.0851063829787234,0.6212347928751092,0.023570855113094792,0.04784366576819407,0.6173913043478261,0.02488608482299334,0.053790275082787144,0.41056670602125145,0.0592864528298378,3994.0,2782.0,44.0,71.0,0.0,0.008695652173913044,0.034782608695652174,0.0592864528298378,3.48,,,,,,,,,,
ref,S1,random_over,1.5,lgbm,64717,4415,0.6435577990676346,0.02921685804763087,0.07138221933809215,0.2925531914893617,0.04065040650406504,0.07156548193001756,0.11031786503484617,0.1257049980919518,10468.0,1298.0,133.0,55.0,0.026595744680851064,0.05319148936170213,0.13297872340425532,0.6550202761665213,0.029054726580092196,0.05013927576601671,0.1565217391304348,0.029850746268656716,0.03181861006206627,0.08633412042502951,0.1257049980919518,6191.0,585.0,97.0,18.0,0.02608695652173913,0.034782608695652174,0.034782608695652174,0.1257049980919518,4.24,,,,,,,,,,
ref,S1,random_over,1.5,xgb,64717,4415,0.6239025808224925,0.023425458624001607,0.04418828049951969,0.7340425531914894,0.022779795311984152,0.057460573478815426,0.5031446540880503,0.05698429048061371,5846.0,5920.0,50.0,138.0,0.026595744680851064,0.031914893617021274,0.07446808510638298,0.5818720804886812,0.02045063638676583,0.04352741661955907,0.6695652173913044,0.022494887525562373,0.04503202496260538,0.493801652892562,0.05698429048061371,3430.0,3346.0,38.0,77.0,0.017391304347826087,0.02608695652173913,0.06956521739130435,0.05698429048061371,2.71,,,,,,,,,,
ref,S1,random_over,2.0,lgbm,65600,5298,0.6587146158603405,0.0385084381713766,0.11255411255411256,0.13829787234042554,0.0948905109489051,0.09745386506764381,0.021077681455039944,0.5089003420478253,11518.0,248.0,162.0,26.0,0.05319148936170213,0.12234042553191489,0.2127659574468085,0.634111441917766,0.0416032402001051,0.09523809523809523,0.09565217391304348,0.09482758620689655,0.0798159468067796,0.015495867768595042,0.5089003420478253,6671.0,105.0,104.0,11.0,0.05217391304347826,0.08695652173913043,0.1391304347826087,0.5089003420478253,6.3,,,,,,,,,,
ref,S1,random_over,2.0,xgb,65600,5298,0.6153696098748287,0.024890423729312296,0.05612472160356347,0.3351063829787234,0.030627126883811376,0.05459798222736699,0.16947135815060343,0.20801667869091034,9772.0,1994.0,125.0,63.0,0.031914893617021274,0.047872340425531915,0.0797872340425532,0.5986781992710847,0.022171894245304077,0.04169769173492182,0.24347826086956523,0.02280130293159609,0.022221204911675705,0.1770956316410862,0.20801667869091034,5576.0,1200.0,87.0,28.0,0.02608695652173913,0.034782608695652174,0.06086956521739131,0.20801667869091034,2.72,,,,,,,,,,
ref,S1,smote,0.25,lgbm,62510,2208,0.6571798112845885,0.026734278306324636,0.05825242718446602,0.4308510638297872,0.031237948322406478,0.06561448107725922,0.21349651538330783,0.08119220567574081,9254.0,2512.0,107.0,81.0,0.010638297872340425,0.031914893617021274,0.09574468085106383,0.5611826908269596,0.020902087161344965,0.03953057442865967,0.2782608695652174,0.02127659574468085,0.01892499454568948,0.21723730814639905,0.08119220567574081,5304.0,1472.0,83.0,32.0,0.0,0.0,0.0782608695652174,0.08119220567574081,4.73,,,,,,,,,,
ref,S1,smote,0.25,xgb,62510,2208,0.6490736019037906,0.027666451984306353,0.056084656084656084,0.5638297872340425,0.02951002227171492,0.07260707074688948,0.2962774094849567,0.07964117079973221,8280.0,3486.0,82.0,106.0,0.031914893617021274,0.031914893617021274,0.10106382978723404,0.6305194805194805,0.027869704775182115,0.05396825396825397,0.4434782608695652,0.02873239436619718,0.05537960486508585,0.25442739079102716,0.07964117079973221,5052.0,1724.0,64.0,51.0,0.017391304347826087,0.017391304347826087,0.05217391304347826,0.07964117079973221,2.74,,,,,,,,,,
ref,S1,smote,0.5,lgbm,62951,2649,0.6249122968813855,0.021935719433071148,0.039886039886039885,0.8563829787234043,0.02041851616994293,0.05249216041098006,0.6564677885432603,0.010086059660719675,4042.0,7724.0,27.0,161.0,0.0,0.026595744680851064,0.05851063829787234,0.5542772444946358,0.018946899866324272,0.03653374916462464,0.7130434782608696,0.018747142203932327,0.021185521931831094,0.6334120425029516,0.010086059660719675,2484.0,4292.0,33.0,82.0,0.0,0.0,0.02608695652173913,0.010086059660719675,6.34,,,,,,,,,,
ref,S1,smote,0.5,xgb,62951,2649,0.6587792630044738,0.028398787212086926,0.06508264462809918,0.3351063829787234,0.036041189931350116,0.06757146635818732,0.14320924698283188,0.1589110642671585,10081.0,1685.0,125.0,63.0,0.031914893617021274,0.047872340425531915,0.09042553191489362,0.591185000769981,0.023028916238039127,0.047109207708779445,0.19130434782608696,0.026862026862026864,0.02916735489673294,0.11762101534828807,0.1589110642671585,5979.0,797.0,93.0,22.0,0.008695652173913044,0.017391304347826087,0.06086956521739131,0.1589110642671585,2.53,,,,,,,,,,
ref,S1,smote,0.75,lgbm,63392,3090,0.6349443582482522,0.02314299562197645,0.046215673141326186,0.7340425531914894,0.023858921161825725,0.06328300848956324,0.4798572157062723,0.018243038327628556,6120.0,5646.0,50.0,138.0,0.015957446808510637,0.0425531914893617,0.0851063829787234,0.5628266002771931,0.019943293660619026,0.03929384965831435,0.6,0.020312040035325288,0.027891630669248237,0.4911452184179457,0.018243038327628556,3448.0,3328.0,46.0,69.0,0.0,0.017391304347826087,0.06086956521739131,0.018243038327628556,5.41,,,,,,,,,,
ref,S1,smote,0.75,xgb,63392,3090,0.7077546735816508,0.03673489199368658,0.08059981255857544,0.4574468085106383,0.044193216855087356,0.1008900041964397,0.1580826109127996,0.14199158549308777,9906.0,1860.0,102.0,86.0,0.02127659574468085,0.05319148936170213,0.16489361702127658,0.6528360967096144,0.030694905144643007,0.06792452830188679,0.3130434782608696,0.0380952380952381,0.06661958357481214,0.1341499409681228,0.14199158549308777,5867.0,909.0,79.0,36.0,0.008695652173913044,0.017391304347826087,0.0782608695652174,0.14199158549308777,4.11,,,,,,,,,,
ref,S1,smote,1.0,lgbm,63834,3532,0.6739324631737318,0.027491284843401464,0.05688463583200425,0.5691489361702128,0.029938444320089536,0.07459587524231483,0.2946625871154173,0.035723370845725105,8299.0,3467.0,81.0,107.0,0.026595744680851064,0.031914893617021274,0.0851063829787234,0.5836674195369846,0.023914482249370816,0.04343105320304017,0.34782608695652173,0.023161551823972205,0.02922221841609498,0.24896694214876033,0.035723370845725105,5089.0,1687.0,75.0,40.0,0.0,0.0,0.06956521739130435,0.035723370845725105,6.18,,,,,,,,,,
ref,S1,smote,1.0,xgb,63834,3532,0.6843472085091915,0.03257743612950498,0.0631296171927468,0.5,0.03369175627240143,0.07967130377162356,0.22913479517253102,0.10942522436380386,9070.0,2696.0,94.0,94.0,0.026595744680851064,0.0425531914893617,0.1276595744680851,0.6127239361429085,0.030485269247787966,0.05823957643944408,0.3826086956521739,0.03151862464183381,0.058351526278246545,0.19952774498229045,0.10942522436380386,5424.0,1352.0,71.0,44.0,0.017391304347826087,0.034782608695652174,0.08695652173913043,0.10942522436380386,3.0,,,,,,,,,,
ref,S1,smote,1.5,lgbm,64717,4415,0.5839680507484601,0.02368545835215755,0.0380952380952381,0.02127659574468085,0.18181818181818182,0.05732199808491186,0.0015298317185109638,0.6283669675858733,11748.0,18.0,184.0,4.0,0.0425531914893617,0.0425531914893617,0.0797872340425532,0.5543555258970279,0.0193169100290525,0.0,0.0,0.0,-0.0027187938549418584,0.00044273907910271547,0.6283669675858733,6773.0,3.0,115.0,0.0,0.008695652173913044,0.008695652173913044,0.02608695652173913,0.6283669675858733,6.23,,,,,,,,,,
ref,S1,smote,1.5,xgb,64717,4415,0.6970745585006924,0.03903781611744115,0.100664767331434,0.28191489361702127,0.06127167630057803,0.10223976244037924,0.06901240863505015,0.17498928308486938,10954.0,812.0,135.0,53.0,0.026595744680851064,0.07446808510638298,0.2074468085106383,0.6147477028899955,0.03152386633107931,0.07916666666666666,0.16521739130434782,0.052054794520547946,0.06529198858314353,0.051062573789846515,0.17498928308486938,6430.0,346.0,96.0,19.0,0.008695652173913044,0.017391304347826087,0.11304347826086956,0.17498928308486938,4.12,,,,,,,,,,
ref,S1,smote,2.0,lgbm,65600,5298,0.6170646760771208,0.02391937192549403,0.045412928035158395,0.6595744680851063,0.023516025033187938,0.05561779370933162,0.43761686214516404,0.020045447085450956,6617.0,5149.0,64.0,124.0,0.026595744680851064,0.047872340425531915,0.09574468085106383,0.5767927724449464,0.02651879768667139,0.03712720632988436,0.5304347826086957,0.01923683380637023,0.01836710942005422,0.4589728453364817,0.020045447085450956,3666.0,3110.0,54.0,61.0,0.034782608695652174,0.06086956521739131,0.10434782608695652,0.020045447085450956,6.4,,,,,,,,,,
ref,S1,smote,2.0,xgb,65600,5298,0.6956850969797578,0.03836001249871369,0.10864197530864197,0.23404255319148937,0.0707395498392283,0.10359146090837681,0.049124596294407616,0.2561599612236023,11188.0,578.0,144.0,44.0,0.031914893617021274,0.07446808510638298,0.23404255319148937,0.6260343411529181,0.035531921979759955,0.08152173913043478,0.13043478260869565,0.05928853754940711,0.06492305093176248,0.03512396694214876,0.2561599612236023,6538.0,238.0,100.0,15.0,0.017391304347826087,0.06956521739130435,0.13043478260869565,0.2561599612236023,2.6,,,,,,,,,,
ref,S1,random_under_20to1,,lgbm,37086,1766,0.6445266020737719,0.025697853673505938,0.045607836839569614,0.7553191489361702,0.02351382679251532,0.06323946149069444,0.5011898691143974,0.02514828684638574,5869.0,5897.0,46.0,142.0,0.02127659574468085,0.03723404255319149,0.09574468085106383,0.5986448334274421,0.024504307641619594,0.040033831406822665,0.6173913043478261,0.020687645687645688,0.031097062180194403,0.4960153482880756,0.02514828684638574,3415.0,3361.0,44.0,71.0,0.02608695652173913,0.034782608695652174,0.06086956521739131,0.02514828684638574,5.2,,,,,,,,,,
ref,S1,random_under_20to1,,xgb,37086,1766,0.6514632858470675,0.029152444413544726,0.06321839080459771,0.35106382978723405,0.034736842105263156,0.06642121887521167,0.15587285398606154,0.3137844502925873,9932.0,1834.0,122.0,66.0,0.026595744680851064,0.047872340425531915,0.09042553191489362,0.60398850161696,0.022247504712184583,0.043583535108958835,0.23478260869565218,0.02402135231316726,0.025271536452925684,0.16189492325855961,0.3137844502925873,5679.0,1097.0,88.0,27.0,0.008695652173913044,0.02608695652173913,0.034782608695652174,0.3137844502925873,4.33,,,,,,,,,,
ref,S1,random_under_10to1,,lgbm,19426,1766,0.6093956260556019,0.023661800256617443,0.043640054127198916,0.6861702127659575,0.022536687631027254,0.05246333105221078,0.47552269250382456,0.05980143672261151,6171.0,5595.0,59.0,129.0,0.015957446808510637,0.026595744680851064,0.0851063829787234,0.5986640829526205,0.022772695665701254,0.04561824729891957,0.6608695652173913,0.023624494870997825,0.0506658659255619,0.4635478158205431,0.05980143672261151,3635.0,3141.0,39.0,76.0,0.0,0.017391304347826087,0.06086956521739131,0.05980143672261151,3.21,,,,,,,,,,
ref,S1,random_under_10to1,,xgb,19426,1766,0.6283205124032101,0.023043349697309895,0.04585721730067743,0.7021276595744681,0.023702639612138626,0.059868189747565546,0.4620941696413394,0.10644534230232239,6329.0,5437.0,56.0,132.0,0.031914893617021274,0.03723404255319149,0.06914893617021277,0.6092256557671578,0.021531548180415055,0.04661280298321939,0.6521739130434783,0.024170157911698357,0.052860857104576255,0.44687131050767415,0.10644534230232239,3748.0,3028.0,40.0,75.0,0.0,0.017391304347826087,0.05217391304347826,0.10644534230232239,2.29,,,,,,,,,,
A,S3_HYBRID,ig_clean,0.5,lgbm,62951,2649,0.6528055052242127,0.03054887263749819,0.010582010582010581,0.005319148936170213,1.0,0.07235974665457233,0.0,0.8683300176976952,11766.0,0.0,187.0,1.0,0.02127659574468085,0.026595744680851064,0.07446808510638298,0.6163685129100149,0.02417783661754415,0.0,0.0,0.0,-0.0035104574592831903,0.0007378984651711924,0.8683300176976952,6771.0,5.0,115.0,0.0,0.0,0.017391304347826087,0.05217391304347826,0.8683300176976952,3.67,0.25,positive_only,none,883.0,883.0,0.0,221.0,True,0.882858435097241,0.01705303508976014
A,S3_HYBRID,ig_clean,0.5,xgb,62951,2649,0.6682597892955179,0.02763369174509524,0.05693950177935943,0.6382978723404256,0.029798857710454433,0.0806137578028737,0.3320584735679075,0.08268043398857117,7859.0,3907.0,68.0,120.0,0.02127659574468085,0.03723404255319149,0.11170212765957446,0.6286920589292131,0.02486810668632291,0.052393857271906055,0.5043478260869565,0.027632205812291567,0.05654073726473991,0.30121015348288077,0.08268043398857117,4735.0,2041.0,57.0,58.0,0.0,0.008695652173913044,0.06956521739130435,0.08268043398857117,5.11,0.25,positive_only,none,883.0,883.0,0.0,221.0,True,0.882858435097241,0.01705303508976014
A,S3_HYBRID,ig_clean,1.0,lgbm,63834,3532,0.6319091070195045,0.02607693897414748,0.06505888951205833,0.30851063829787234,0.03636363636363636,0.06508504746756043,0.13063063063063063,0.10736007265111708,10229.0,1537.0,130.0,58.0,0.015957446808510637,0.031914893617021274,0.09574468085106383,0.6506057183922797,0.02889629937110149,0.072992700729927,0.34782608695652173,0.040774719673802244,0.07660501886771413,0.1388724911452184,0.10736007265111708,5835.0,941.0,75.0,40.0,0.0,0.02608695652173913,0.09565217391304348,0.10736007265111708,3.67,0.25,positive_only,none,1766.0,1766.0,0.0,221.0,True,0.882858435097241,0.01705303508976014
A,S3_HYBRID,ig_clean,1.0,xgb,63834,3532,0.6867108979714359,0.032967038378235836,0.08610271903323263,0.30319148936170215,0.05017605633802817,0.08972500686624946,0.09170491245962945,0.19158977270126343,10687.0,1079.0,131.0,57.0,0.010638297872340425,0.026595744680851064,0.16489361702127658,0.6514963297571993,0.02839249900955141,0.06504065040650407,0.1391304347826087,0.042440318302387266,0.04836179795829056,0.053276269185360096,0.19158977270126343,6415.0,361.0,99.0,16.0,0.008695652173913044,0.017391304347826087,0.043478260869565216,0.19158977270126343,5.21,0.25,positive_only,none,1766.0,1766.0,0.0,221.0,True,0.882858435097241,0.01705303508976014
A,S3_HYBRID,ig_smote,0.5,lgbm,64276,3974,0.6533235865331409,0.024834540814397926,0.048815250311776234,0.7287234042553191,0.025253456221198158,0.06979590547457953,0.4494305626381098,0.01934114736242644,6478.0,5288.0,51.0,137.0,0.015957446808510637,0.031914893617021274,0.07446808510638298,0.5826882603562445,0.023062197196006662,0.039767513000917715,0.5652173913043478,0.02060875079264426,0.02811493401213863,0.45587367178276267,0.01934114736242644,3687.0,3089.0,50.0,65.0,0.0,0.043478260869565216,0.06956521739130435,0.01934114736242644,3.87,0.25,positive_only,none,2208.0,883.0,1325.0,442.0,True,0.9076827406863023,0.015944036590698228
A,S3_HYBRID,ig_smote,0.5,xgb,64276,3974,0.6674248013569571,0.027182516456822944,0.054238735853085626,0.675531914893617,0.02825361512791991,0.07815914535302931,0.3712391636919939,0.06490465253591537,7398.0,4368.0,61.0,127.0,0.010638297872340425,0.03723404255319149,0.09042553191489362,0.6147027873312458,0.024653565763875156,0.049364791288566245,0.591304347826087,0.025757575757575757,0.05579165227280895,0.3795749704840614,0.06490465253591537,4204.0,2572.0,47.0,68.0,0.008695652173913044,0.02608695652173913,0.043478260869565216,0.06490465253591537,5.28,0.25,positive_only,none,2208.0,883.0,1325.0,442.0,True,0.9076827406863023,0.015944036590698228
A,S3_HYBRID,ig_smote,1.0,lgbm,65600,5298,0.6395069547668906,0.028699765291512146,0.07084870848708487,0.2553191489361702,0.04113110539845758,0.06715984689433253,0.09510453850076492,0.16099808164236032,10647.0,1119.0,140.0,48.0,0.026595744680851064,0.0425531914893617,0.11702127659574468,0.5716197833786767,0.02244067345692342,0.04767879548306148,0.16521739130434782,0.02785923753665689,0.02890096838850162,0.09784533648170012,0.16099808164236032,6113.0,663.0,96.0,19.0,0.017391304347826087,0.034782608695652174,0.08695652173913043,0.16099808164236032,3.87,0.25,positive_only,none,3532.0,1766.0,1766.0,442.0,True,0.9076827406863023,0.015944036590698228
A,S3_HYBRID,ig_smote,1.0,xgb,65600,5298,0.6964631230990124,0.03313618081221878,0.06541554959785523,0.648936170212766,0.034443817052512704,0.09761748845115258,0.2906680265170831,0.06919356435537338,8346.0,3420.0,66.0,122.0,0.02127659574468085,0.05319148936170213,0.1276595744680851,0.631221446537652,0.029426458061776357,0.04875621890547264,0.4260869565217391,0.025857519788918207,0.04408248318733134,0.27243211334120426,0.06919356435537338,4930.0,1846.0,66.0,49.0,0.017391304347826087,0.02608695652173913,0.09565217391304348,0.06919356435537338,5.17,0.25,positive_only,none,3532.0,1766.0,1766.0,442.0,True,0.9076827406863023,0.015944036590698228
A,S3_HYBRID,s1_plus_ig,0.5,lgbm,64275,3973,0.6460098697653897,0.024605544356097787,0.04934464148033924,0.6808510638297872,0.0256,0.06728817572806632,0.4140744518103009,0.032078946505888724,6894.0,4872.0,60.0,128.0,0.010638297872340425,0.02127659574468085,0.10106382978723404,0.5958061701144705,0.023431689705869937,0.043492586490939046,0.5739130434782609,0.022602739726027398,0.03959058052471564,0.42119244391971666,0.032078946505888724,3922.0,2854.0,49.0,66.0,0.02608695652173913,0.034782608695652174,0.06086956521739131,0.032078946505888724,3.81,0.25,positive_only,none,2207.0,1324.0,883.0,442.0,True,0.9076827406863023,0.015944036590698228
A,S3_HYBRID,s1_plus_ig,0.5,xgb,64275,3973,0.6754609386584497,0.029142755873361546,0.06386445096122516,0.5212765957446809,0.034015966678236725,0.08283356550780664,0.2365289818120007,0.11496216803789139,8983.0,2783.0,90.0,98.0,0.015957446808510637,0.031914893617021274,0.10638297872340426,0.597185719418921,0.02333092794982882,0.04054054054054054,0.2608695652173913,0.02197802197802198,0.020522456592748834,0.19701889020070837,0.11496216803789139,5441.0,1335.0,85.0,30.0,0.008695652173913044,0.017391304347826087,0.05217391304347826,0.11496216803789139,5.18,0.25,positive_only,none,2207.0,1324.0,883.0,442.0,True,0.9076827406863023,0.015944036590698228
A,S3_HYBRID,s1_plus_ig,1.0,lgbm,65600,5298,0.6548950094213042,0.029280915758205975,0.07258064516129033,0.3351063829787234,0.040697674418604654,0.07740955238731316,0.12621111677715452,0.10344484890818116,10281.0,1485.0,125.0,63.0,0.015957446808510637,0.02127659574468085,0.13297872340425532,0.6032198039115036,0.02379666144144462,0.04555808656036447,0.17391304347826086,0.02621231979030144,0.026233950323952992,0.10965171192443919,0.10344484890818116,6033.0,743.0,95.0,20.0,0.008695652173913044,0.02608695652173913,0.06956521739130435,0.10344484890818116,3.83,0.25,positive_only,none,3532.0,2649.0,883.0,442.0,True,0.9076827406863023,0.015944036590698228
A,S3_HYBRID,s1_plus_ig,1.0,xgb,65600,5298,0.7057587495162767,0.03662619653752397,0.08780487804878048,0.3829787234042553,0.049586776859504134,0.10119333206905211,0.1172870984191739,0.14795714616775513,10386.0,1380.0,116.0,72.0,0.026595744680851064,0.05851063829787234,0.13829787234042554,0.6172366664955597,0.02548912194736467,0.052840158520475564,0.17391304347826086,0.03115264797507788,0.036191260967804596,0.09179456906729634,0.14795714616775513,6154.0,622.0,95.0,20.0,0.008695652173913044,0.017391304347826087,0.06956521739130435,0.14795714616775513,5.15,0.25,positive_only,none,3532.0,2649.0,883.0,442.0,True,0.9076827406863023,0.015944036590698228
A,S3_HYBRID,ig_clean,0.5,lgbm,62951,2649,0.6560776452888055,0.028478021292513218,0.06659267480577137,0.3191489361702128,0.03717472118959108,0.06810727451528369,0.1320754716981132,0.10566349560523038,10212.0,1554.0,128.0,60.0,0.015957446808510637,0.05319148936170213,0.11170212765957446,0.6398388173091729,0.02683271023070737,0.05660377358490566,0.23478260869565218,0.03218116805721097,0.0450304422759384,0.11983471074380166,0.10566349560523038,5964.0,812.0,88.0,27.0,0.0,0.008695652173913044,0.0782608695652174,0.10566349560523038,3.72,0.75,positive_only,none,883.0,883.0,0.0,663.0,True,0.9116436453624909,0.016095803816018286
A,S3_HYBRID,ig_clean,0.5,xgb,62951,2649,0.6739638825899364,0.02972073072100267,0.05746853478983614,0.6436170212765957,0.030077056922694505,0.08214591712425405,0.3316335203127656,0.08285828679800034,7864.0,3902.0,67.0,121.0,0.02127659574468085,0.03723404255319149,0.09574468085106383,0.6072981366459628,0.02373437623952916,0.04512635379061372,0.43478260869565216,0.023798191337458353,0.036757559348094285,0.30268595041322316,0.08285828679800034,4725.0,2051.0,65.0,50.0,0.0,0.0,0.034782608695652174,0.08285828679800034,5.06,0.75,positive_only,none,883.0,883.0,0.0,663.0,True,0.9116436453624909,0.016095803816018286
A,S3_HYBRID,ig_clean,1.0,lgbm,63834,3532,0.6547358779895913,0.028545569792335634,0.06281292671825216,0.3670212765957447,0.03434544549527128,0.06725924470467157,0.16488186299507054,0.11660460842922281,9826.0,1940.0,119.0,69.0,0.015957446808510637,0.026595744680851064,0.09042553191489362,0.6068951799188953,0.026634254234556745,0.05602716468590832,0.28695652173913044,0.031044214487300093,0.04786083762196531,0.15200708382526565,0.11660460842922281,5746.0,1030.0,82.0,33.0,0.008695652173913044,0.043478260869565216,0.10434782608695652,0.11660460842922281,3.66,0.75,positive_only,none,1766.0,1766.0,0.0,663.0,True,0.9116436453624909,0.016095803816018286
A,S3_HYBRID,ig_clean,1.0,xgb,63834,3532,0.6813727617621637,0.03513249731098115,0.09180790960451977,0.34574468085106386,0.052931596091205214,0.10118061872931065,0.09884412714601394,0.21846230328083038,10603.0,1163.0,123.0,65.0,0.031914893617021274,0.047872340425531915,0.17553191489361702,0.6099763872491146,0.022353282624602087,0.039938556067588324,0.11304347826086956,0.024253731343283583,0.017151307748751315,0.07718417945690673,0.21846230328083038,6253.0,523.0,102.0,13.0,0.0,0.008695652173913044,0.06956521739130435,0.21846230328083038,5.29,0.75,positive_only,none,1766.0,1766.0,0.0,663.0,True,0.9116436453624909,0.016095803816018286
A,S3_HYBRID,ig_smote,0.5,lgbm,64276,3974,0.6303471777678923,0.02313561226971757,0.05008944543828265,0.5957446808510638,0.026143790849673203,0.06257240454724106,0.35458099609043003,0.038132484451370616,7594.0,4172.0,76.0,112.0,0.015957446808510637,0.031914893617021274,0.06914893617021277,0.5851316667522202,0.022749598411904534,0.040930979133226325,0.4434782608695652,0.02145561632309634,0.02700487611802716,0.3432703659976387,0.038132484451370616,4450.0,2326.0,64.0,51.0,0.008695652173913044,0.017391304347826087,0.0782608695652174,0.038132484451370616,3.86,0.75,positive_only,none,2208.0,883.0,1325.0,1325.0,False,0.9416731010214802,0.017847131492803744
A,S3_HYBRID,ig_smote,0.5,xgb,64276,3974,0.6886589017761238,0.03181551973855179,0.0697759823723834,0.5053191489361702,0.03747534516765286,0.0906846199854975,0.20737718850926398,0.10265203565359116,9326.0,2440.0,93.0,95.0,0.026595744680851064,0.0425531914893617,0.10638297872340426,0.6138943072737539,0.027834971972433214,0.04702627939142462,0.2956521739130435,0.025544703230653644,0.03382587692464186,0.19141086186540732,0.10265203565359116,5479.0,1297.0,81.0,34.0,0.0,0.017391304347826087,0.12173913043478261,0.10265203565359116,5.17,0.75,positive_only,none,2208.0,883.0,1325.0,1325.0,False,0.9416731010214802,0.017847131492803744
A,S3_HYBRID,ig_smote,1.0,lgbm,65600,5298,0.6505374302443753,0.027276546499370554,0.05146364494806421,0.5797872340425532,0.026926877470355732,0.06441349041752895,0.3347781744008159,0.06476465009176936,7827.0,3939.0,79.0,109.0,0.026595744680851064,0.03723404255319149,0.09574468085106383,0.5998639700220728,0.024276239152520272,0.04766107678729038,0.46956521739130436,0.02510460251046025,0.04425802992426189,0.3094746162927981,0.06476465009176936,4679.0,2097.0,61.0,54.0,0.008695652173913044,0.017391304347826087,0.0782608695652174,0.06476465009176936,3.77,0.75,positive_only,none,3532.0,1766.0,1766.0,1325.0,True,0.9416731010214802,0.017847131492803744
A,S3_HYBRID,ig_smote,1.0,xgb,65600,5298,0.6987592269105717,0.049133931161548565,0.08055898068228524,0.5212765957446809,0.04365256124721604,0.10793031963536855,0.18247492775794663,0.1436651647090912,9619.0,2147.0,90.0,98.0,0.09042553191489362,0.13297872340425532,0.22872340425531915,0.6173155895487911,0.027948736554416473,0.0440251572327044,0.24347826086956523,0.024200518582541054,0.02634176824616345,0.16661747343565525,0.1436651647090912,5647.0,1129.0,87.0,28.0,0.02608695652173913,0.06086956521739131,0.09565217391304348,0.1436651647090912,5.22,0.75,positive_only,none,3532.0,1766.0,1766.0,1325.0,True,0.9416731010214802,0.017847131492803744
A,S3_HYBRID,s1_plus_ig,0.5,lgbm,64275,3973,0.641045149927125,0.03039379147401543,0.010582010582010581,0.005319148936170213,1.0,0.07235974665457233,0.0,0.8739319542902868,11766.0,0.0,187.0,1.0,0.02127659574468085,0.02127659574468085,0.06382978723404255,0.5609555464298548,0.021188743045802302,0.0,0.0,0.0,0.0,0.0,0.8739319542902868,6776.0,0.0,115.0,0.0,0.017391304347826087,0.017391304347826087,0.05217391304347826,0.8739319542902868,4.19,0.75,positive_only,none,2207.0,1324.0,883.0,1325.0,False,0.9416731010214802,0.017847131492803744
A,S3_HYBRID,s1_plus_ig,0.5,xgb,64275,3973,0.6690247051547734,0.032084273816086806,0.059937800395815664,0.5638297872340425,0.0316512391758734,0.07984762560300578,0.2756246812850586,0.12664039433002472,8523.0,3243.0,82.0,106.0,0.02127659574468085,0.047872340425531915,0.1276595744680851,0.5899337816333864,0.02449505501052092,0.03967102080309628,0.3565217391304348,0.021004098360655737,0.021179449458704175,0.28202479338842973,0.12664039433002472,4865.0,1911.0,74.0,41.0,0.008695652173913044,0.034782608695652174,0.08695652173913043,0.12664039433002472,5.24,0.75,positive_only,none,2207.0,1324.0,883.0,1325.0,False,0.9416731010214802,0.017847131492803744
A,S3_HYBRID,s1_plus_ig,1.0,lgbm,65600,5298,0.6387060987121204,0.02744018998608659,0.05698592516306213,0.44148936170212766,0.030458715596330274,0.0643399230617203,0.22454530001699813,0.12030330432538275,9124.0,2642.0,105.0,83.0,0.02127659574468085,0.0425531914893617,0.09574468085106383,0.5875609568297315,0.02384120523668091,0.04325032765399738,0.28695652173913044,0.023387668320340185,0.02653658391386225,0.20336481700118064,0.12030330432538275,5398.0,1378.0,82.0,33.0,0.0,0.02608695652173913,0.11304347826086956,0.12030330432538275,3.85,0.75,positive_only,none,3532.0,2649.0,883.0,1325.0,True,0.9416731010214802,0.017847131492803744
A,S3_HYBRID,s1_plus_ig,1.0,xgb,65600,5298,0.6886815056726738,0.03257029064199665,0.0784313725490196,0.3617021276595745,0.04398447606727038,0.08753366119688491,0.1256161822199558,0.21815723180770874,10288.0,1478.0,120.0,68.0,0.010638297872340425,0.031914893617021274,0.16489361702127658,0.6028630460448642,0.023871863388286382,0.05548549810844893,0.19130434782608696,0.032448377581120944,0.04064110002578909,0.09681227863046045,0.21815723180770874,6120.0,656.0,93.0,22.0,0.0,0.008695652173913044,0.06086956521739131,0.21815723180770874,5.23,0.75,positive_only,none,3532.0,2649.0,883.0,1325.0,True,0.9416731010214802,0.017847131492803744
A,S3_HYBRID,ig_clean,0.5,lgbm,62951,2649,0.6534451954965805,0.02819394319581494,0.0639470782800441,0.4627659574468085,0.03434662455586261,0.07759987224524502,0.2078871324154343,0.045880000776963366,9320.0,2446.0,101.0,87.0,0.02127659574468085,0.03723404255319149,0.11170212765957446,0.6537061752476773,0.029051043583702925,0.05491698595146871,0.3739130434782609,0.029634734665747762,0.05219471973901415,0.2077922077922078,0.045880000776963366,5368.0,1408.0,72.0,43.0,0.008695652173913044,0.017391304347826087,0.12173913043478261,0.045880000776963366,5.21,0.25,conditional_mixed,none,883.0,883.0,0.0,221.0,True,0.910221619176843,0.01955771213611474
A,S3_HYBRID,ig_clean,0.5,xgb,62951,2649,0.6438254292027877,0.026167896025509767,0.04842180774748924,0.7180851063829787,0.02505567928730512,0.06792123827015853,0.44645588985211626,0.06193515285849571,6513.0,5253.0,53.0,135.0,0.010638297872340425,0.06382978723404255,0.11702127659574468,0.6275024382731893,0.02510435382484698,0.04689403166869671,0.6695652173913044,0.024297885768381194,0.054811656088324424,0.4563164108618654,0.06193515285849571,3684.0,3092.0,38.0,77.0,0.008695652173913044,0.043478260869565216,0.06086956521739131,0.06193515285849571,2.67,0.25,conditional_mixed,none,883.0,883.0,0.0,221.0,True,0.910221619176843,0.01955771213611474
A,S3_HYBRID,ig_clean,1.0,lgbm,63834,3532,0.6411993085015968,0.024631146036603973,0.053816584294343765,0.5212765957446809,0.028372900984365953,0.0647922391124187,0.2852286248512664,0.043164949830308406,8410.0,3356.0,90.0,98.0,0.010638297872340425,0.03723404255319149,0.05851063829787234,0.5920525127046866,0.022025610332380305,0.045237059591126574,0.45217391304347826,0.023809523809523808,0.03786581427315269,0.31463990554899646,0.043164949830308406,4644.0,2132.0,63.0,52.0,0.0,0.02608695652173913,0.06956521739130435,0.043164949830308406,6.5,0.25,conditional_mixed,none,1766.0,1766.0,0.0,221.0,True,0.910221619176843,0.01955771213611474
A,S3_HYBRID,ig_clean,1.0,xgb,63834,3532,0.6843123985085046,0.03409507693012036,0.08878127522195318,0.2925531914893617,0.05233111322549953,0.09134372132451533,0.08465068842427333,0.18771865963935852,10770.0,996.0,133.0,55.0,0.005319148936170213,0.0425531914893617,0.18617021276595744,0.6151480930137057,0.026721901450648546,0.06944444444444445,0.17391304347826086,0.04338394793926247,0.05579944643544674,0.06508264462809918,0.18771865963935852,6335.0,441.0,95.0,20.0,0.0,0.017391304347826087,0.11304347826086956,0.18771865963935852,5.02,0.25,conditional_mixed,none,1766.0,1766.0,0.0,221.0,True,0.910221619176843,0.01955771213611474
A,S3_HYBRID,ig_smote,0.5,lgbm,64276,3974,0.6289389550128209,0.02345698149067444,0.04413206930369402,0.7180851063829787,0.022765598650927487,0.056129846174686346,0.492520822709502,0.018245751973438647,5971.0,5795.0,53.0,135.0,0.015957446808510637,0.0425531914893617,0.0797872340425532,0.5750538986704995,0.024267886203586896,0.037366548042704624,0.5478260869565217,0.01934295363831747,0.01961773937206163,0.47136953955135774,0.018245751973438647,3582.0,3194.0,52.0,63.0,0.008695652173913044,0.008695652173913044,0.034782608695652174,0.018245751973438647,7.84,0.25,conditional_mixed,none,2208.0,883.0,1325.0,442.0,True,0.9558482672847533,0.01784761125448406
A,S3_HYBRID,ig_smote,0.5,xgb,64276,3974,0.6766815490721552,0.033328234368676386,0.07305452620434093,0.3670212765957447,0.04056437389770723,0.08131170623129473,0.1387047424783274,0.16005289554595947,10134.0,1632.0,119.0,69.0,0.026595744680851064,0.047872340425531915,0.18617021276595744,0.6135035419126329,0.03377699272098941,0.058394160583941604,0.20869565217391303,0.033946251768033946,0.04555200228043572,0.10079693034238489,0.16005289554595947,6093.0,683.0,91.0,24.0,0.008695652173913044,0.05217391304347826,0.0782608695652174,0.16005289554595947,3.09,0.25,conditional_mixed,none,2208.0,883.0,1325.0,442.0,True,0.9558482672847533,0.01784761125448406
A,S3_HYBRID,ig_smote,1.0,lgbm,65600,5298,0.6616106270863397,0.0308355269282826,0.0764872521246459,0.2872340425531915,0.04411764705882353,0.07707024819410975,0.09943906170321265,0.1186300676472744,10596.0,1170.0,134.0,54.0,0.031914893617021274,0.0425531914893617,0.10638297872340426,0.5608657153123556,0.027532593934987346,0.05675675675675676,0.1826086956521739,0.0336,0.0416941634367054,0.08913813459268005,0.1186300676472744,6172.0,604.0,94.0,21.0,0.02608695652173913,0.043478260869565216,0.10434782608695652,0.1186300676472744,6.25,0.25,conditional_mixed,none,3532.0,1766.0,1766.0,442.0,True,0.9558482672847533,0.01784761125448406
A,S3_HYBRID,ig_smote,1.0,xgb,65600,5298,0.6788668937906193,0.032264036158086255,0.05139748640030013,0.7287234042553191,0.026638148940307214,0.07620703571609905,0.4254631990481047,0.054343197494745255,6760.0,5006.0,51.0,137.0,0.026595744680851064,0.07446808510638298,0.17553191489361702,0.5857617678763923,0.03244764826300473,0.03969359331476323,0.4956521739130435,0.020674646354733407,0.025412078497020898,0.3984651711924439,0.054343197494745255,4076.0,2700.0,58.0,57.0,0.008695652173913044,0.06086956521739131,0.09565217391304348,0.054343197494745255,2.87,0.25,conditional_mixed,none,3532.0,1766.0,1766.0,442.0,True,0.9558482672847533,0.01784761125448406
A,S3_HYBRID,s1_plus_ig,0.5,lgbm,64275,3973,0.6483278993566025,0.027689655195732014,0.07731582786287382,0.28191489361702127,0.044801352493660185,0.0774452904595103,0.09603943566207718,0.12203974101176528,10636.0,1130.0,135.0,53.0,0.005319148936170213,0.031914893617021274,0.10638297872340426,0.5382885888814744,0.021538431761992303,0.05802047781569966,0.14782608695652175,0.036093418259023353,0.041030126991907966,0.06700118063754427,0.12203974101176528,6322.0,454.0,98.0,17.0,0.008695652173913044,0.008695652173913044,0.034782608695652174,0.12203974101176528,5.16,0.25,conditional_mixed,none,2207.0,1324.0,883.0,442.0,True,0.9558482672847533,0.01784761125448406
A,S3_HYBRID,s1_plus_ig,0.5,xgb,64275,3973,0.6797846119905534,0.035589084005278646,0.07696254489481785,0.39893617021276595,0.04258943781942078,0.0897417943035309,0.1432942376338603,0.15361204743385315,10080.0,1686.0,113.0,75.0,0.031914893617021274,0.0797872340425532,0.18085106382978725,0.5849122221651866,0.03136597079047001,0.050724637681159424,0.1826086956521739,0.029453015427769985,0.033851195867499254,0.10212514757969303,0.15361204743385315,6084.0,692.0,94.0,21.0,0.008695652173913044,0.043478260869565216,0.08695652173913043,0.15361204743385315,2.94,0.25,conditional_mixed,none,2207.0,1324.0,883.0,442.0,True,0.9558482672847533,0.01784761125448406
A,S3_HYBRID,s1_plus_ig,1.0,lgbm,65600,5298,0.664125536616504,0.034055694663399874,0.09695603156708005,0.22872340425531915,0.06151645207439199,0.09171737837556994,0.055753867074621793,0.18916390285070087,11110.0,656.0,145.0,43.0,0.02127659574468085,0.07446808510638298,0.20212765957446807,0.5795313382269904,0.030149941413966923,0.066815144766147,0.13043478260869565,0.04491017964071856,0.049722292383586546,0.04707792207792208,0.18916390285070087,6457.0,319.0,100.0,15.0,0.043478260869565216,0.06086956521739131,0.10434782608695652,0.18916390285070087,6.35,0.25,conditional_mixed,none,3532.0,2649.0,883.0,442.0,True,0.9558482672847533,0.01784761125448406
A,S3_HYBRID,s1_plus_ig,1.0,xgb,65600,5298,0.6726508222393408,0.033030175945963754,0.07744314689612784,0.3351063829787234,0.04378040305767894,0.08341265356854148,0.11694713581506035,0.15271224081516266,10390.0,1376.0,125.0,63.0,0.026595744680851064,0.0425531914893617,0.1595744680851064,0.5867986756326677,0.02925333668686731,0.07407407407407407,0.20869565217391303,0.0450281425891182,0.06405386661447952,0.0751180637544274,0.15271224081516266,6267.0,509.0,91.0,24.0,0.008695652173913044,0.02608695652173913,0.06956521739130435,0.15271224081516266,4.88,0.25,conditional_mixed,none,3532.0,2649.0,883.0,442.0,True,0.9558482672847533,0.01784761125448406
A,S3_HYBRID,ig_clean,0.5,lgbm,62951,2649,0.6511952036339832,0.026682664882904758,0.06546644844517185,0.3191489361702128,0.0364741641337386,0.06661228108910894,0.1347101818799932,0.12609045227406224,10181.0,1585.0,128.0,60.0,0.015957446808510637,0.026595744680851064,0.09574468085106383,0.6118063754427391,0.027426771305377625,0.07013301088270858,0.25217391304347825,0.04073033707865169,0.06370835169791723,0.10079693034238489,0.12609045227406224,6093.0,683.0,86.0,29.0,0.0,0.008695652173913044,0.0782608695652174,0.12609045227406224,3.67,0.75,conditional_mixed,none,883.0,883.0,0.0,663.0,True,0.9662129744198379,0.016067394922036092
A,S3_HYBRID,ig_clean,0.5,xgb,62951,2649,0.652913099771791,0.02608063792288639,0.0568445475638051,0.5212765957446809,0.030061349693251534,0.07055020763890223,0.26874043855175933,0.11861930042505264,8604.0,3162.0,90.0,98.0,0.015957446808510637,0.047872340425531915,0.0851063829787234,0.6260022586109544,0.02678303987893882,0.044956772334293946,0.3391304347826087,0.024074074074074074,0.03196286925939384,0.23332349468713104,0.11861930042505264,5195.0,1581.0,76.0,39.0,0.008695652173913044,0.02608695652173913,0.0782608695652174,0.11861930042505264,5.1,0.75,conditional_mixed,none,883.0,883.0,0.0,663.0,True,0.9662129744198379,0.016067394922036092
A,S3_HYBRID,ig_clean,1.0,lgbm,63834,3532,0.597545307250245,0.026738213927155804,0.010582010582010581,0.005319148936170213,1.0,0.07235974665457233,0.0,0.8259050898822942,11766.0,0.0,187.0,1.0,0.026595744680851064,0.031914893617021274,0.0797872340425532,0.5882860222781172,0.02092345209623774,0.0,0.0,0.0,0.0,0.0,0.8259050898822942,6776.0,0.0,115.0,0.0,0.0,0.017391304347826087,0.09565217391304348,0.8259050898822942,3.7,0.75,conditional_mixed,none,1766.0,1766.0,0.0,663.0,True,0.9662129744198379,0.016067394922036092
A,S3_HYBRID,ig_clean,1.0,xgb,63834,3532,0.6526047826228477,0.02728500608294876,0.0508988083215512,0.6702127659574468,0.026453915599412136,0.07016851809096498,0.39410164881862997,0.08181872963905334,7129.0,4637.0,62.0,126.0,0.010638297872340425,0.0425531914893617,0.1276595744680851,0.6265771777629484,0.031346710199404215,0.04442771084337349,0.5130434782608696,0.023219205037386857,0.038964470656289066,0.3662927981109799,0.08181872963905334,4294.0,2482.0,56.0,59.0,0.017391304347826087,0.05217391304347826,0.09565217391304348,0.08181872963905334,5.25,0.75,conditional_mixed,none,1766.0,1766.0,0.0,663.0,True,0.9662129744198379,0.016067394922036092
A,S3_HYBRID,ig_smote,0.5,lgbm,64276,3974,0.6506667245326417,0.02651424412610312,0.0606550748079256,0.39893617021276595,0.03282275711159737,0.06679773733296439,0.187829338772735,0.08282951285432048,9556.0,2210.0,113.0,75.0,0.010638297872340425,0.03723404255319149,0.09042553191489362,0.5663441301781224,0.022675103793650654,0.04732690622261174,0.23478260869565218,0.02631578947368421,0.031433540650881185,0.14743211334120426,0.08282951285432048,5777.0,999.0,88.0,27.0,0.0,0.008695652173913044,0.08695652173913043,0.08282951285432048,3.85,0.75,conditional_mixed,none,2208.0,883.0,1325.0,1325.0,False,0.9727288837132766,0.015219666434101154
A,S3_HYBRID,ig_smote,0.5,xgb,64276,3974,0.6687001132003139,0.03317314065618504,0.06082289803220036,0.4521276595744681,0.032604526275412354,0.0716414377536307,0.2143464218935917,0.1521063894033432,9244.0,2522.0,103.0,85.0,0.03723404255319149,0.09042553191489362,0.1702127659574468,0.5856834864740004,0.02975415184003405,0.05345911949685535,0.2956521739130435,0.029386343993085567,0.0445263098437771,0.16573199527744983,0.1521063894033432,5653.0,1123.0,81.0,34.0,0.043478260869565216,0.06086956521739131,0.10434782608695652,0.1521063894033432,5.16,0.75,conditional_mixed,none,2208.0,883.0,1325.0,1325.0,False,0.9727288837132766,0.015219666434101154
A,S3_HYBRID,ig_smote,1.0,lgbm,65600,5298,0.6538308179717252,0.029281697710876638,0.05869632375656472,0.5053191489361702,0.03115775664152181,0.07257218365437246,0.25106238313785484,0.09317607741433648,8812.0,2954.0,93.0,95.0,0.031914893617021274,0.06382978723404255,0.09574468085106383,0.5693791386479133,0.02604871891324662,0.0438034188034188,0.3565217391304348,0.02333523050654525,0.03035407131974348,0.2532467532467532,0.09317607741433648,5060.0,1716.0,74.0,41.0,0.008695652173913044,0.034782608695652174,0.09565217391304348,0.09317607741433648,3.86,0.75,conditional_mixed,none,3532.0,1766.0,1766.0,1325.0,True,0.9727288837132766,0.015219666434101154
A,S3_HYBRID,ig_smote,1.0,xgb,65600,5298,0.6682602413734489,0.03514629656361515,0.07717750826901874,0.3723404255319149,0.04305043050430504,0.08713808826251968,0.13224545300017,0.18167626857757568,10210.0,1556.0,118.0,70.0,0.026595744680851064,0.0797872340425532,0.1595744680851064,0.6005094707663878,0.03492390210897456,0.04484304932735426,0.17391304347826086,0.02574002574002574,0.025189489826744543,0.11171782762691854,0.18167626857757568,6019.0,757.0,95.0,20.0,0.017391304347826087,0.0782608695652174,0.11304347826086956,0.18167626857757568,5.19,0.75,conditional_mixed,none,3532.0,1766.0,1766.0,1325.0,True,0.9727288837132766,0.015219666434101154
A,S3_HYBRID,s1_plus_ig,0.5,lgbm,64275,3973,0.5573741143793332,0.02434940053327163,0.010582010582010581,0.005319148936170213,1.0,0.07235974665457233,0.0,0.9085848436031437,11766.0,0.0,187.0,1.0,0.015957446808510637,0.03723404255319149,0.07446808510638298,0.5618346080796675,0.022456360525293872,0.0,0.0,0.0,0.0,0.0,0.9085848436031437,6776.0,0.0,115.0,0.0,0.008695652173913044,0.008695652173913044,0.08695652173913043,0.9085848436031437,3.71,0.75,conditional_mixed,none,2207.0,1324.0,883.0,1325.0,False,0.9727288837132766,0.015219666434101154
A,S3_HYBRID,s1_plus_ig,0.5,xgb,64275,3973,0.641459253311923,0.02687981054154994,0.04697986577181208,0.6702127659574468,0.024343122102009274,0.06051742688060226,0.42920278769335374,0.10103555768728256,6716.0,5050.0,62.0,126.0,0.03723404255319149,0.047872340425531915,0.09042553191489362,0.5765996355423233,0.023520098095200503,0.03818301514154049,0.5043478260869565,0.019842627437564146,0.021133114436079573,0.42281582054309325,0.10103555768728256,3911.0,2865.0,57.0,58.0,0.008695652173913044,0.017391304347826087,0.06086956521739131,0.10103555768728256,5.23,0.75,conditional_mixed,none,2207.0,1324.0,883.0,1325.0,False,0.9727288837132766,0.015219666434101154
A,S3_HYBRID,s1_plus_ig,1.0,lgbm,65600,5298,0.6479316530500794,0.029252373131906907,0.06479481641468683,0.4787234042553192,0.03474903474903475,0.08040760393955504,0.2124766275709672,0.10808679780778756,9266.0,2500.0,98.0,90.0,0.03723404255319149,0.047872340425531915,0.06914893617021277,0.5714247215235357,0.023772489015813726,0.0455607476635514,0.3391304347826087,0.024420788979336257,0.033152699225636635,0.22992916174734357,0.10808679780778756,5218.0,1558.0,76.0,39.0,0.008695652173913044,0.008695652173913044,0.06086956521739131,0.10808679780778756,3.84,0.75,conditional_mixed,none,3532.0,2649.0,883.0,1325.0,True,0.9727288837132766,0.015219666434101154
A,S3_HYBRID,s1_plus_ig,1.0,xgb,65600,5298,0.6720536272924873,0.031684218717321605,0.0791311093871218,0.2712765957446808,0.04632152588555858,0.0783218708699351,0.08924018357980622,0.24280230700969696,10716.0,1050.0,137.0,51.0,0.03723404255319149,0.05319148936170213,0.13297872340425532,0.6035521790462501,0.028817815629976935,0.05698778833107191,0.1826086956521739,0.03376205787781351,0.041982509372870215,0.08869539551357733,0.24280230700969696,6175.0,601.0,94.0,21.0,0.02608695652173913,0.0782608695652174,0.11304347826086956,0.24280230700969696,5.23,0.75,conditional_mixed,none,3532.0,2649.0,883.0,1325.0,True,0.9727288837132766,0.015219666434101154
B,S3_HYBRID,s1_plus_ig,0.25,lgbm,63613,3311,0.6611336848691325,0.026176550654592953,0.05947955390334572,0.5106382978723404,0.031578947368421054,0.07440537028754686,0.25021247662757096,0.05939566765935332,8822.0,2944.0,92.0,96.0,0.005319148936170213,0.031914893617021274,0.0797872340425532,0.5892266824085006,0.023616850286170464,0.04451510333863275,0.3652173913043478,0.023702031602708805,0.032212672590166955,0.2553128689492326,0.05939566765935332,5046.0,1730.0,73.0,42.0,0.0,0.008695652173913044,0.06956521739130435,0.05939566765935332,3.81,0.25,positive_only,featurewise_quantile_pos,1545.0,662.0,883.0,883.0,False,0.955870416518334,0.0156327667832448
B,S3_HYBRID,s1_plus_ig,0.25,xgb,63613,3311,0.6894877866626161,0.036540227226101535,0.10562571756601608,0.24468085106382978,0.06734992679355783,0.10213910499629755,0.05413904470508244,0.3042853772640228,11129.0,637.0,142.0,46.0,0.02127659574468085,0.05851063829787234,0.20212765957446807,0.6391368512910015,0.032316769798237055,0.07951070336391437,0.11304347826086956,0.06132075471698113,0.06207379635678975,0.02936835891381346,0.3042853772640228,6577.0,199.0,102.0,13.0,0.02608695652173913,0.02608695652173913,0.10434782608695652,0.3042853772640228,5.16,0.25,positive_only,featurewise_quantile_pos,1545.0,662.0,883.0,883.0,False,0.955870416518334,0.0156327667832448
B,S3_HYBRID,s1_plus_ig,0.5,lgbm,64275,3973,0.650923504797451,0.02564268643019276,0.07017543859649122,0.35106382978723405,0.03898405197873597,0.07592924390877075,0.13827978922318546,0.0874806428416755,10139.0,1627.0,122.0,66.0,0.015957446808510637,0.02127659574468085,0.0797872340425532,0.5980429649401982,0.02665928598324975,0.056782334384858045,0.23478260869565218,0.03229665071770335,0.04527369881115879,0.11939197166469893,0.0874806428416755,5967.0,809.0,88.0,27.0,0.017391304347826087,0.02608695652173913,0.11304347826086956,0.0874806428416755,3.58,0.25,positive_only,featurewise_quantile_pos,2207.0,1324.0,883.0,883.0,True,0.955870416518334,0.0156327667832448
B,S3_HYBRID,s1_plus_ig,0.5,xgb,64275,3973,0.6581072491600393,0.02601760305630364,0.05151045701006971,0.7074468085106383,0.02672829581993569,0.07466899287642245,0.41160972293047765,0.06356414407491684,6923.0,4843.0,55.0,133.0,0.02127659574468085,0.0425531914893617,0.09042553191489362,0.6183460807966736,0.03079190130340879,0.04382761139517896,0.5217391304347826,0.022874571101791842,0.0378576017801184,0.3782467532467532,0.06356414407491684,4213.0,2563.0,55.0,60.0,0.017391304347826087,0.034782608695652174,0.09565217391304348,0.06356414407491684,5.19,0.25,positive_only,featurewise_quantile_pos,2207.0,1324.0,883.0,883.0,True,0.955870416518334,0.0156327667832448
B,S3_HYBRID,s1_plus_ig,0.75,lgbm,64938,4636,0.6402895016654551,0.028699952705700457,0.08176795580110498,0.19680851063829788,0.05160390516039052,0.07283998200957055,0.05779364269930308,0.16628442677373656,11086.0,680.0,151.0,37.0,0.015957446808510637,0.031914893617021274,0.14893617021276595,0.5833889430727376,0.02546025395530518,0.06910569105691057,0.14782608695652175,0.04509283819628647,0.053343205556541415,0.053128689492325853,0.16628442677373656,6416.0,360.0,98.0,17.0,0.0,0.02608695652173913,0.1391304347826087,0.16628442677373656,3.71,0.25,positive_only,featurewise_quantile_pos,2870.0,1987.0,883.0,883.0,True,0.955870416518334,0.0156327667832448
B,S3_HYBRID,s1_plus_ig,0.75,xgb,64938,4636,0.6651630554681538,0.027526073296938923,0.05550416281221091,0.6382978723404256,0.029013539651837523,0.07767401428251236,0.3413224545300017,0.0801890641450882,7750.0,4016.0,68.0,120.0,0.02127659574468085,0.047872340425531915,0.10106382978723404,0.633945896001232,0.027607662223287813,0.04925602873268343,0.41739130434782606,0.026172300981461286,0.04458464010413949,0.26357733175914994,0.0801890641450882,4990.0,1786.0,67.0,48.0,0.0,0.02608695652173913,0.0782608695652174,0.0801890641450882,5.18,0.25,positive_only,featurewise_quantile_pos,2870.0,1987.0,883.0,883.0,True,0.955870416518334,0.0156327667832448
B,S3_HYBRID,s1_plus_ig,1.0,lgbm,65600,5298,0.6328810745711587,0.023569706489167647,0.048802129547471165,0.5851063829787234,0.02546296296296296,0.05886629408547923,0.35781064082950875,0.04019388990780041,7556.0,4210.0,78.0,110.0,0.010638297872340425,0.031914893617021274,0.0797872340425532,0.6036792259124276,0.024022614908211073,0.0444947209653092,0.5130434782608696,0.023255813953488372,0.039134048848398016,0.365702479338843,0.04019388990780041,4298.0,2478.0,56.0,59.0,0.0,0.02608695652173913,0.0782608695652174,0.04019388990780041,3.73,0.25,positive_only,featurewise_quantile_pos,3532.0,2649.0,883.0,883.0,True,0.955870416518334,0.0156327667832448
B,S3_HYBRID,s1_plus_ig,1.0,xgb,65600,5298,0.6825115460703578,0.03458220493409445,0.06293077614623914,0.5585106382978723,0.033343918704350585,0.08467840244710488,0.25871154173040967,0.09336919337511063,8722.0,3044.0,83.0,105.0,0.0425531914893617,0.06382978723404255,0.1702127659574468,0.6359080642677482,0.03094999480289431,0.054616384915474644,0.3652173913043478,0.029515108924806747,0.051079767287595924,0.20380755608028336,0.09336919337511063,5395.0,1381.0,73.0,42.0,0.02608695652173913,0.05217391304347826,0.11304347826086956,0.09336919337511063,5.12,0.25,positive_only,featurewise_quantile_pos,3532.0,2649.0,883.0,883.0,True,0.955870416518334,0.0156327667832448
B,S3_HYBRID,s1_plus_ig,1.5,lgbm,66925,6623,0.6642830857754582,0.027196014826408335,0.05217775812513818,0.6276595744680851,0.027220299884659745,0.06968061439462722,0.3584055753867075,0.03490616735024328,7549.0,4217.0,70.0,118.0,0.010638297872340425,0.031914893617021274,0.09574468085106383,0.5714208716185,0.02216801264894168,0.03476245654692932,0.391304347826087,0.01818916734033953,0.008767711584834933,0.3584710743801653,0.03490616735024328,4347.0,2429.0,70.0,45.0,0.008695652173913044,0.017391304347826087,0.08695652173913043,0.03490616735024328,3.81,0.25,positive_only,featurewise_quantile_pos,4857.0,3974.0,883.0,883.0,True,0.955870416518334,0.0156327667832448
B,S3_HYBRID,s1_plus_ig,1.5,xgb,66925,6623,0.6868953457672847,0.03476082242997251,0.09172809172809172,0.2978723404255319,0.05421103581800581,0.09513054810876254,0.08303586605473398,0.16544345021247864,10789.0,977.0,132.0,56.0,0.026595744680851064,0.047872340425531915,0.14893617021276595,0.6198796263025513,0.029654258026368986,0.055445544554455446,0.12173913043478261,0.035897435897435895,0.036727692758315146,0.05548996458087367,0.16544345021247864,6400.0,376.0,101.0,14.0,0.02608695652173913,0.043478260869565216,0.08695652173913043,0.16544345021247864,5.15,0.25,positive_only,featurewise_quantile_pos,4857.0,3974.0,883.0,883.0,True,0.955870416518334,0.0156327667832448
B,S3_HYBRID,s1_plus_ig,2.0,lgbm,68249,7947,0.6877592666934296,0.035411611056963145,0.09840425531914894,0.19680851063829788,0.06560283687943262,0.08920479451365522,0.044790073091959884,0.20443440424175965,11239.0,527.0,151.0,37.0,0.015957446808510637,0.0797872340425532,0.20212765957446807,0.5439569323956676,0.023530144534175665,0.06060606060606061,0.09565217391304348,0.04435483870967742,0.04172948912629459,0.034976387249114525,0.20443440424175965,6539.0,237.0,104.0,11.0,0.017391304347826087,0.034782608695652174,0.09565217391304348,0.20443440424175965,3.8,0.25,positive_only,featurewise_quantile_pos,6181.0,5298.0,883.0,883.0,True,0.955870416518334,0.0156327667832448
B,S3_HYBRID,s1_plus_ig,2.0,xgb,68249,7947,0.6970105894734558,0.037736524305220356,0.08573106283029946,0.3882978723404255,0.048184818481848184,0.09938405766566985,0.12255651878293387,0.1271926462650299,10324.0,1442.0,115.0,73.0,0.031914893617021274,0.05319148936170213,0.19148936170212766,0.6640059545197885,0.03331613588252464,0.0743801652892562,0.23478260869565218,0.044189852700491,0.06696417295953122,0.08618654073199528,0.1271926462650299,6192.0,584.0,88.0,27.0,0.017391304347826087,0.043478260869565216,0.13043478260869565,0.1271926462650299,5.2,0.25,positive_only,featurewise_quantile_pos,6181.0,5298.0,883.0,883.0,True,0.955870416518334,0.0156327667832448
B,S3_HYBRID,s1_plus_ig,0.25,lgbm,63613,3311,0.6611336848691325,0.026176550654592953,0.05947955390334572,0.5106382978723404,0.031578947368421054,0.07440537028754686,0.25021247662757096,0.05939566765935332,8822.0,2944.0,92.0,96.0,0.005319148936170213,0.031914893617021274,0.0797872340425532,0.5892266824085006,0.023616850286170464,0.04451510333863275,0.3652173913043478,0.023702031602708805,0.032212672590166955,0.2553128689492326,0.05939566765935332,5046.0,1730.0,73.0,42.0,0.0,0.008695652173913044,0.06956521739130435,0.05939566765935332,3.81,0.5,positive_only,featurewise_quantile_pos,1545.0,662.0,883.0,1766.0,False,0.9922783908864364,0.01953442101866835
B,S3_HYBRID,s1_plus_ig,0.25,xgb,63613,3311,0.6894877866626161,0.036540227226101535,0.10562571756601608,0.24468085106382978,0.06734992679355783,0.10213910499629755,0.05413904470508244,0.3042853772640228,11129.0,637.0,142.0,46.0,0.02127659574468085,0.05851063829787234,0.20212765957446807,0.6391368512910015,0.032316769798237055,0.07951070336391437,0.11304347826086956,0.06132075471698113,0.06207379635678975,0.02936835891381346,0.3042853772640228,6577.0,199.0,102.0,13.0,0.02608695652173913,0.02608695652173913,0.10434782608695652,0.3042853772640228,5.06,0.5,positive_only,featurewise_quantile_pos,1545.0,662.0,883.0,1766.0,False,0.9922783908864364,0.01953442101866835
B,S3_HYBRID,s1_plus_ig,0.5,lgbm,64275,3973,0.6308028723223424,0.022726800641589474,0.045199719691660825,0.6861702127659575,0.023369565217391305,0.056897177310041944,0.45818459969403363,0.02616881697498156,6375.0,5391.0,59.0,129.0,0.005319148936170213,0.026595744680851064,0.07446808510638298,0.5714965864175351,0.021369471324977473,0.037247474747474744,0.5130434782608696,0.019325253848673438,0.018358533063235948,0.44185360094451004,0.02616881697498156,3782.0,2994.0,56.0,59.0,0.0,0.017391304347826087,0.0782608695652174,0.02616881697498156,3.7,0.5,positive_only,featurewise_quantile_pos,2207.0,1324.0,883.0,1766.0,False,0.9922783908864364,0.01953442101866835
B,S3_HYBRID,s1_plus_ig,0.5,xgb,64275,3973,0.680390848496027,0.032658373957653114,0.0832072617246596,0.2925531914893617,0.048500881834215165,0.08527884384117808,0.09170491245962945,0.20282496511936188,10687.0,1079.0,133.0,55.0,0.010638297872340425,0.05851063829787234,0.13297872340425532,0.6179995893434629,0.027033472362291977,0.06859205776173286,0.16521739130434782,0.04328018223234624,0.05414752357037998,0.06198347107438017,0.20282496511936188,6356.0,420.0,96.0,19.0,0.0,0.017391304347826087,0.08695652173913043,0.20282496511936188,5.19,0.5,positive_only,featurewise_quantile_pos,2207.0,1324.0,883.0,1766.0,False,0.9922783908864364,0.01953442101866835
B,S3_HYBRID,s1_plus_ig,0.75,lgbm,64938,4636,0.6271252183536405,0.02329911085926107,0.04502957450868155,0.6276595744680851,0.023352463882841876,0.05244540785862134,0.41942886282508923,0.03981905748943626,6831.0,4935.0,70.0,118.0,0.0,0.005319148936170213,0.07446808510638298,0.6034815974539296,0.023132920084766955,0.04223521767381416,0.5652173913043478,0.021937225784677692,0.03558656310781791,0.42768595041322316,0.03981905748943626,3878.0,2898.0,50.0,65.0,0.0,0.008695652173913044,0.06086956521739131,0.03981905748943626,3.75,0.5,positive_only,featurewise_quantile_pos,2870.0,1987.0,883.0,1766.0,True,0.9922783908864364,0.01953442101866835
B,S3_HYBRID,s1_plus_ig,0.75,xgb,64938,4636,0.6910913070838803,0.029405168117337708,0.05293144642528947,0.7659574468085106,0.02741290691033695,0.08316066498336194,0.43421723610402857,0.06646490842103958,6657.0,5109.0,44.0,144.0,0.015957446808510637,0.0425531914893617,0.10638297872340426,0.6490400903444382,0.031817346111027565,0.04633982538616521,0.6,0.024100593782745372,0.04878174546637842,0.41233766233766234,0.06646490842103958,3982.0,2794.0,46.0,69.0,0.017391304347826087,0.02608695652173913,0.1391304347826087,0.06646490842103958,5.17,0.5,positive_only,featurewise_quantile_pos,2870.0,1987.0,883.0,1766.0,True,0.9922783908864364,0.01953442101866835
B,S3_HYBRID,s1_plus_ig,1.0,lgbm,65600,5298,0.6446360049330745,0.026276493539947064,0.06860158311345646,0.2074468085106383,0.0410958904109589,0.05987703118879096,0.07734149243583206,0.2412246416734431,10856.0,910.0,149.0,39.0,0.005319148936170213,0.047872340425531915,0.10638297872340426,0.5931163697962116,0.02252653525205958,0.04806408544726302,0.1565217391304348,0.028391167192429023,0.029080072120861524,0.09090909090909091,0.2412246416734431,6160.0,616.0,97.0,18.0,0.0,0.02608695652173913,0.10434782608695652,0.2412246416734431,3.72,0.5,positive_only,featurewise_quantile_pos,3532.0,2649.0,883.0,1766.0,True,0.9922783908864364,0.01953442101866835
B,S3_HYBRID,s1_plus_ig,1.0,xgb,65600,5298,0.6866609433600602,0.030384975431549322,0.06584093872229466,0.5372340425531915,0.035069444444444445,0.08758488568675261,0.23618901920788712,0.11877021193504333,8987.0,2779.0,87.0,101.0,0.026595744680851064,0.05851063829787234,0.10638297872340426,0.6199463579898363,0.028248780969479963,0.04896907216494845,0.33043478260869563,0.026443980514961725,0.039090303640823644,0.20646399055489964,0.11877021193504333,5377.0,1399.0,77.0,38.0,0.008695652173913044,0.017391304347826087,0.10434782608695652,0.11877021193504333,5.16,0.5,positive_only,featurewise_quantile_pos,3532.0,2649.0,883.0,1766.0,True,0.9922783908864364,0.01953442101866835
B,S3_HYBRID,s1_plus_ig,1.5,lgbm,66925,6623,0.6138309626366631,0.02199715377174931,0.04420629604822505,0.7021276595744681,0.022821576763485476,0.05521038994848716,0.48036715961244264,0.03420549780760538,6114.0,5652.0,56.0,132.0,0.02127659574468085,0.031914893617021274,0.06914893617021277,0.5655414249781838,0.022563472548472237,0.03700588730025231,0.5739130434782609,0.019119351100811123,0.01901236098566401,0.4997048406139315,0.03420549780760538,3390.0,3386.0,49.0,66.0,0.017391304347826087,0.02608695652173913,0.08695652173913043,0.03420549780760538,3.88,0.5,positive_only,featurewise_quantile_pos,4857.0,3974.0,883.0,1766.0,True,0.9922783908864364,0.01953442101866835
B,S3_HYBRID,s1_plus_ig,1.5,xgb,66925,6623,0.6656824930108751,0.02720486917537182,0.06520960229308491,0.48404255319148937,0.03495966192854399,0.08155834644772669,0.21349651538330783,0.13257376849651337,9254.0,2512.0,97.0,91.0,0.015957446808510637,0.03723404255319149,0.0851063829787234,0.6296250192495252,0.030240171220284523,0.058221872541306056,0.3217391304347826,0.03200692041522491,0.05368768619916153,0.16514167650531286,0.13257376849651337,5657.0,1119.0,78.0,37.0,0.0,0.008695652173913044,0.13043478260869565,0.13257376849651337,5.14,0.5,positive_only,featurewise_quantile_pos,4857.0,3974.0,883.0,1766.0,True,0.9922783908864364,0.01953442101866835
B,S3_HYBRID,s1_plus_ig,2.0,lgbm,68249,7947,0.6004530725024502,0.02233208821457707,0.043433722597828316,0.5638297872340425,0.02258683145109738,0.044326492127951374,0.3898521162672106,0.043225218885107275,7179.0,4587.0,82.0,106.0,0.02127659574468085,0.03723404255319149,0.0797872340425532,0.6021135978645861,0.02420684081395784,0.03962264150943396,0.5478260869565217,0.020554649265905382,0.02701316042033482,0.4430342384887839,0.043225218885107275,3774.0,3002.0,52.0,63.0,0.017391304347826087,0.034782608695652174,0.10434782608695652,0.043225218885107275,3.93,0.5,positive_only,featurewise_quantile_pos,6181.0,5298.0,883.0,1766.0,True,0.9922783908864364,0.01953442101866835
B,S3_HYBRID,s1_plus_ig,2.0,xgb,68249,7947,0.6613809714973906,0.026246239799609793,0.06127659574468085,0.574468085106383,0.032364399160922985,0.08321595784218533,0.27443481217066124,0.08442015200853348,8537.0,3229.0,80.0,108.0,0.02127659574468085,0.03723404255319149,0.07446808510638298,0.6417239874749756,0.02857147531888321,0.0481786133960047,0.3565217391304348,0.0258349086326402,0.03905593704037253,0.2281582054309327,0.08442015200853348,5230.0,1546.0,74.0,41.0,0.017391304347826087,0.02608695652173913,0.06086956521739131,0.08442015200853348,5.28,0.5,positive_only,featurewise_quantile_pos,6181.0,5298.0,883.0,1766.0,True,0.9922783908864364,0.01953442101866835
B,S3_HYBRID,s1_plus_ig,0.25,lgbm,63613,3311,0.6611336848691325,0.026176550654592953,0.05947955390334572,0.5106382978723404,0.031578947368421054,0.07440537028754686,0.25021247662757096,0.05939566765935332,8822.0,2944.0,92.0,96.0,0.005319148936170213,0.031914893617021274,0.0797872340425532,0.5892266824085006,0.023616850286170464,0.04451510333863275,0.3652173913043478,0.023702031602708805,0.032212672590166955,0.2553128689492326,0.05939566765935332,5046.0,1730.0,73.0,42.0,0.0,0.008695652173913044,0.06956521739130435,0.05939566765935332,3.8,0.75,positive_only,featurewise_quantile_pos,1545.0,662.0,883.0,2649.0,False,0.9858988964044144,0.019350368846066307
B,S3_HYBRID,s1_plus_ig,0.25,xgb,63613,3311,0.6894877866626161,0.036540227226101535,0.10562571756601608,0.24468085106382978,0.06734992679355783,0.10213910499629755,0.05413904470508244,0.3042853772640228,11129.0,637.0,142.0,46.0,0.02127659574468085,0.05851063829787234,0.20212765957446807,0.6391368512910015,0.032316769798237055,0.07951070336391437,0.11304347826086956,0.06132075471698113,0.06207379635678975,0.02936835891381346,0.3042853772640228,6577.0,199.0,102.0,13.0,0.02608695652173913,0.02608695652173913,0.10434782608695652,0.3042853772640228,5.12,0.75,positive_only,featurewise_quantile_pos,1545.0,662.0,883.0,2649.0,False,0.9858988964044144,0.019350368846066307
B,S3_HYBRID,s1_plus_ig,0.5,lgbm,64275,3973,0.6308028723223424,0.022726800641589474,0.045199719691660825,0.6861702127659575,0.023369565217391305,0.056897177310041944,0.45818459969403363,0.02616881697498156,6375.0,5391.0,59.0,129.0,0.005319148936170213,0.026595744680851064,0.07446808510638298,0.5714965864175351,0.021369471324977473,0.037247474747474744,0.5130434782608696,0.019325253848673438,0.018358533063235948,0.44185360094451004,0.02616881697498156,3782.0,2994.0,56.0,59.0,0.0,0.017391304347826087,0.0782608695652174,0.02616881697498156,3.69,0.75,positive_only,featurewise_quantile_pos,2207.0,1324.0,883.0,2649.0,False,0.9858988964044144,0.019350368846066307
B,S3_HYBRID,s1_plus_ig,0.5,xgb,64275,3973,0.680390848496027,0.032658373957653114,0.0832072617246596,0.2925531914893617,0.048500881834215165,0.08527884384117808,0.09170491245962945,0.20282496511936188,10687.0,1079.0,133.0,55.0,0.010638297872340425,0.05851063829787234,0.13297872340425532,0.6179995893434629,0.027033472362291977,0.06859205776173286,0.16521739130434782,0.04328018223234624,0.05414752357037998,0.06198347107438017,0.20282496511936188,6356.0,420.0,96.0,19.0,0.0,0.017391304347826087,0.08695652173913043,0.20282496511936188,5.09,0.75,positive_only,featurewise_quantile_pos,2207.0,1324.0,883.0,2649.0,False,0.9858988964044144,0.019350368846066307
B,S3_HYBRID,s1_plus_ig,0.75,lgbm,64938,4636,0.6252554240310163,0.024538411058567997,0.04730139478471801,0.6223404255319149,0.02458499684807733,0.05790288036107635,0.3945266020737719,0.04385634916809714,7124.0,4642.0,71.0,117.0,0.005319148936170213,0.02127659574468085,0.0797872340425532,0.5795454545454545,0.021062228737105775,0.038539553752535496,0.4956521739130435,0.020049243756595145,0.021986632320495553,0.41115702479338845,0.04385634916809714,3990.0,2786.0,58.0,57.0,0.0,0.008695652173913044,0.08695652173913043,0.04385634916809714,3.79,0.75,positive_only,featurewise_quantile_pos,2870.0,1987.0,883.0,2649.0,False,0.9858988964044144,0.019350368846066307
B,S3_HYBRID,s1_plus_ig,0.75,xgb,64938,4636,0.6626820517828145,0.026435986109932315,0.05136986301369863,0.7180851063829787,0.026637726913970008,0.0752333226485669,0.4192588815230325,0.09035727381706238,6833.0,4933.0,53.0,135.0,0.005319148936170213,0.0425531914893617,0.11702127659574468,0.602619218725938,0.024000665285950018,0.042759961127308066,0.5739130434782609,0.02220726783310902,0.037517224755809556,0.42886658795749705,0.09035727381706238,3870.0,2906.0,49.0,66.0,0.0,0.02608695652173913,0.08695652173913043,0.09035727381706238,5.18,0.75,positive_only,featurewise_quantile_pos,2870.0,1987.0,883.0,2649.0,False,0.9858988964044144,0.019350368846066307
B,S3_HYBRID,s1_plus_ig,1.0,lgbm,65600,5298,0.6438082502414098,0.029669888856222473,0.06819338422391857,0.35638297872340424,0.037703995498030385,0.07381132018040862,0.14533401325854156,0.18634764873744036,10056.0,1710.0,121.0,67.0,0.005319148936170213,0.05319148936170213,0.1702127659574468,0.6138827575586469,0.02794419721330453,0.046992481203007516,0.21739130434782608,0.026343519494204427,0.030121009895308363,0.13636363636363635,0.18634764873744036,5852.0,924.0,90.0,25.0,0.043478260869565216,0.06086956521739131,0.13043478260869565,0.18634764873744036,3.88,0.75,positive_only,featurewise_quantile_pos,3532.0,2649.0,883.0,2649.0,False,0.9858988964044144,0.019350368846066307
B,S3_HYBRID,s1_plus_ig,1.0,xgb,65600,5298,0.6851625310577537,0.02850513293431828,0.055883689232167195,0.6542553191489362,0.02918841955386806,0.07983421444662443,0.34769675335713074,0.12437208741903305,7675.0,4091.0,65.0,123.0,0.015957446808510637,0.03723404255319149,0.09042553191489362,0.6300318258816283,0.026440752190214023,0.04424778761061947,0.4782608695652174,0.023196963306621677,0.03679815486011475,0.3417945690672963,0.12437208741903305,4460.0,2316.0,60.0,55.0,0.017391304347826087,0.02608695652173913,0.0782608695652174,0.12437208741903305,5.18,0.75,positive_only,featurewise_quantile_pos,3532.0,2649.0,883.0,2649.0,False,0.9858988964044144,0.019350368846066307
B,S3_HYBRID,s1_plus_ig,1.5,lgbm,66925,6623,0.6436310356924567,0.0243144764488182,0.05605935696619951,0.5425531914893617,0.029556650246305417,0.0708139724523505,0.28463369029406765,0.09112917828330422,8417.0,3349.0,86.0,102.0,0.005319148936170213,0.02127659574468085,0.0797872340425532,0.5830296186027412,0.02053922533942571,0.041903099083369706,0.41739130434782606,0.022058823529411766,0.028480066574505376,0.3140495867768595,0.09112917828330422,4648.0,2128.0,67.0,48.0,0.0,0.008695652173913044,0.05217391304347826,0.09112917828330422,3.83,0.75,positive_only,featurewise_quantile_pos,4857.0,3974.0,883.0,2649.0,True,0.9858988964044144,0.019350368846066307
B,S3_HYBRID,s1_plus_ig,1.5,xgb,66925,6623,0.6955289040545967,0.034683513490114545,0.08577263444520082,0.3351063829787234,0.04918032786885246,0.09315177783395648,0.10351861295257522,0.23212061822414398,10548.0,1218.0,125.0,63.0,0.010638297872340425,0.047872340425531915,0.16489361702127658,0.643604024434064,0.030590105692856872,0.06489675516224189,0.19130434782608696,0.03907637655417407,0.0521292856266223,0.07984061393152302,0.23212061822414398,6235.0,541.0,93.0,22.0,0.017391304347826087,0.02608695652173913,0.08695652173913043,0.23212061822414398,5.14,0.75,positive_only,featurewise_quantile_pos,4857.0,3974.0,883.0,2649.0,True,0.9858988964044144,0.019350368846066307
B,S3_HYBRID,s1_plus_ig,2.0,lgbm,68249,7947,0.5979318338812517,0.019906587270205552,0.04342061650646337,0.6968085106382979,0.02240848443380089,0.05253827279920788,0.485721570627231,0.04271162449054947,6051.0,5715.0,57.0,131.0,0.010638297872340425,0.02127659574468085,0.06382978723404255,0.6030914737436476,0.022294976725465473,0.04338394793926247,0.6956521739130435,0.02239014833473272,0.04618813096245027,0.515495867768595,0.04271162449054947,3283.0,3493.0,35.0,80.0,0.017391304347826087,0.034782608695652174,0.06086956521739131,0.04271162449054947,3.84,0.75,positive_only,featurewise_quantile_pos,6181.0,5298.0,883.0,2649.0,True,0.9858988964044144,0.019350368846066307
B,S3_HYBRID,s1_plus_ig,2.0,xgb,68249,7947,0.6735375731010015,0.028427649815731555,0.058333333333333334,0.6329787234042553,0.030575539568345324,0.08292204989208762,0.3206697263301037,0.1072854995727539,7993.0,3773.0,69.0,119.0,0.02127659574468085,0.031914893617021274,0.10638297872340426,0.6393537292746778,0.03084753354441379,0.04436860068259386,0.45217391304347826,0.02332884701659937,0.0358435165103902,0.3212809917355372,0.1072854995727539,4599.0,2177.0,63.0,52.0,0.017391304347826087,0.034782608695652174,0.12173913043478261,0.1072854995727539,5.22,0.75,positive_only,featurewise_quantile_pos,6181.0,5298.0,883.0,2649.0,True,0.9858988964044144,0.019350368846066307
B,S3_HYBRID,s1_plus_ig,0.25,lgbm,63613,3311,0.6611336848691325,0.026176550654592953,0.05947955390334572,0.5106382978723404,0.031578947368421054,0.07440537028754686,0.25021247662757096,0.05939566765935332,8822.0,2944.0,92.0,96.0,0.005319148936170213,0.031914893617021274,0.0797872340425532,0.5892266824085006,0.023616850286170464,0.04451510333863275,0.3652173913043478,0.023702031602708805,0.032212672590166955,0.2553128689492326,0.05939566765935332,5046.0,1730.0,73.0,42.0,0.0,0.008695652173913044,0.06956521739130435,0.05939566765935332,3.76,1.0,positive_only,featurewise_quantile_pos,1545.0,662.0,883.0,3532.0,False,0.9943681025275899,0.021615380652518338
B,S3_HYBRID,s1_plus_ig,0.25,xgb,63613,3311,0.6894877866626161,0.036540227226101535,0.10562571756601608,0.24468085106382978,0.06734992679355783,0.10213910499629755,0.05413904470508244,0.3042853772640228,11129.0,637.0,142.0,46.0,0.02127659574468085,0.05851063829787234,0.20212765957446807,0.6391368512910015,0.032316769798237055,0.07951070336391437,0.11304347826086956,0.06132075471698113,0.06207379635678975,0.02936835891381346,0.3042853772640228,6577.0,199.0,102.0,13.0,0.02608695652173913,0.02608695652173913,0.10434782608695652,0.3042853772640228,5.16,1.0,positive_only,featurewise_quantile_pos,1545.0,662.0,883.0,3532.0,False,0.9943681025275899,0.021615380652518338
B,S3_HYBRID,s1_plus_ig,0.5,lgbm,64275,3973,0.6308028723223424,0.022726800641589474,0.045199719691660825,0.6861702127659575,0.023369565217391305,0.056897177310041944,0.45818459969403363,0.02616881697498156,6375.0,5391.0,59.0,129.0,0.005319148936170213,0.026595744680851064,0.07446808510638298,0.5714965864175351,0.021369471324977473,0.037247474747474744,0.5130434782608696,0.019325253848673438,0.018358533063235948,0.44185360094451004,0.02616881697498156,3782.0,2994.0,56.0,59.0,0.0,0.017391304347826087,0.0782608695652174,0.02616881697498156,3.84,1.0,positive_only,featurewise_quantile_pos,2207.0,1324.0,883.0,3532.0,False,0.9943681025275899,0.021615380652518338
B,S3_HYBRID,s1_plus_ig,0.5,xgb,64275,3973,0.680390848496027,0.032658373957653114,0.0832072617246596,0.2925531914893617,0.048500881834215165,0.08527884384117808,0.09170491245962945,0.20282496511936188,10687.0,1079.0,133.0,55.0,0.010638297872340425,0.05851063829787234,0.13297872340425532,0.6179995893434629,0.027033472362291977,0.06859205776173286,0.16521739130434782,0.04328018223234624,0.05414752357037998,0.06198347107438017,0.20282496511936188,6356.0,420.0,96.0,19.0,0.0,0.017391304347826087,0.08695652173913043,0.20282496511936188,5.16,1.0,positive_only,featurewise_quantile_pos,2207.0,1324.0,883.0,3532.0,False,0.9943681025275899,0.021615380652518338
B,S3_HYBRID,s1_plus_ig,0.75,lgbm,64938,4636,0.6252554240310163,0.024538411058567997,0.04730139478471801,0.6223404255319149,0.02458499684807733,0.05790288036107635,0.3945266020737719,0.04385634916809714,7124.0,4642.0,71.0,117.0,0.005319148936170213,0.02127659574468085,0.0797872340425532,0.5795454545454545,0.021062228737105775,0.038539553752535496,0.4956521739130435,0.020049243756595145,0.021986632320495553,0.41115702479338845,0.04385634916809714,3990.0,2786.0,58.0,57.0,0.0,0.008695652173913044,0.08695652173913043,0.04385634916809714,3.84,1.0,positive_only,featurewise_quantile_pos,2870.0,1987.0,883.0,3532.0,False,0.9943681025275899,0.021615380652518338
B,S3_HYBRID,s1_plus_ig,0.75,xgb,64938,4636,0.6626820517828145,0.026435986109932315,0.05136986301369863,0.7180851063829787,0.026637726913970008,0.0752333226485669,0.4192588815230325,0.09035727381706238,6833.0,4933.0,53.0,135.0,0.005319148936170213,0.0425531914893617,0.11702127659574468,0.602619218725938,0.024000665285950018,0.042759961127308066,0.5739130434782609,0.02220726783310902,0.037517224755809556,0.42886658795749705,0.09035727381706238,3870.0,2906.0,49.0,66.0,0.0,0.02608695652173913,0.08695652173913043,0.09035727381706238,5.18,1.0,positive_only,featurewise_quantile_pos,2870.0,1987.0,883.0,3532.0,False,0.9943681025275899,0.021615380652518338
B,S3_HYBRID,s1_plus_ig,1.0,lgbm,65600,5298,0.6438082502414098,0.029669888856222473,0.06819338422391857,0.35638297872340424,0.037703995498030385,0.07381132018040862,0.14533401325854156,0.18634764873744036,10056.0,1710.0,121.0,67.0,0.005319148936170213,0.05319148936170213,0.1702127659574468,0.6138827575586469,0.02794419721330453,0.046992481203007516,0.21739130434782608,0.026343519494204427,0.030121009895308363,0.13636363636363635,0.18634764873744036,5852.0,924.0,90.0,25.0,0.043478260869565216,0.06086956521739131,0.13043478260869565,0.18634764873744036,3.88,1.0,positive_only,featurewise_quantile_pos,3532.0,2649.0,883.0,3532.0,False,0.9943681025275899,0.021615380652518338
B,S3_HYBRID,s1_plus_ig,1.0,xgb,65600,5298,0.6851625310577537,0.02850513293431828,0.055883689232167195,0.6542553191489362,0.02918841955386806,0.07983421444662443,0.34769675335713074,0.12437208741903305,7675.0,4091.0,65.0,123.0,0.015957446808510637,0.03723404255319149,0.09042553191489362,0.6300318258816283,0.026440752190214023,0.04424778761061947,0.4782608695652174,0.023196963306621677,0.03679815486011475,0.3417945690672963,0.12437208741903305,4460.0,2316.0,60.0,55.0,0.017391304347826087,0.02608695652173913,0.0782608695652174,0.12437208741903305,5.19,1.0,positive_only,featurewise_quantile_pos,3532.0,2649.0,883.0,3532.0,False,0.9943681025275899,0.021615380652518338
B,S3_HYBRID,s1_plus_ig,1.5,lgbm,66925,6623,0.6818546768366118,0.03758124102471568,0.07283464566929133,0.39361702127659576,0.04013015184381779,0.08376672539823707,0.15043345232024477,0.28656047907732335,9996.0,1770.0,114.0,74.0,0.015957446808510637,0.0797872340425532,0.18617021276595744,0.6187593039371696,0.025789058175680314,0.046894803548795945,0.3217391304347826,0.025290498974709502,0.034861942616937626,0.21044864226682408,0.28656047907732335,5350.0,1426.0,78.0,37.0,0.0,0.02608695652173913,0.1391304347826087,0.28656047907732335,3.87,1.0,positive_only,featurewise_quantile_pos,4857.0,3974.0,883.0,3532.0,True,0.9943681025275899,0.021615380652518338
B,S3_HYBRID,s1_plus_ig,1.5,xgb,66925,6623,0.6428480367159612,0.022769924566050474,0.04726283577014621,0.7393617021276596,0.024411661397962768,0.06657278024178444,0.4721230664626891,0.11825192719697952,6211.0,5555.0,49.0,139.0,0.005319148936170213,0.015957446808510637,0.0797872340425532,0.6234388635080333,0.024530886361509466,0.04636519748139668,0.7043478260869566,0.023971589227582125,0.055767737861946685,0.4867178276269185,0.11825192719697952,3478.0,3298.0,34.0,81.0,0.008695652173913044,0.043478260869565216,0.0782608695652174,0.11825192719697952,5.22,1.0,positive_only,featurewise_quantile_pos,4857.0,3974.0,883.0,3532.0,True,0.9943681025275899,0.021615380652518338
B,S3_HYBRID,s1_plus_ig,2.0,lgbm,68249,7947,0.6440797230389764,0.027160048869349845,0.07191568505889646,0.30851063829787234,0.04070175438596491,0.07384750242313701,0.11618221995580486,0.3429780211387694,10399.0,1367.0,130.0,58.0,0.005319148936170213,0.02127659574468085,0.10638297872340426,0.606602587136184,0.027201501425017247,0.05112474437627812,0.21739130434782608,0.028968713789107765,0.03627218034732214,0.12367178276269185,0.3429780211387694,5938.0,838.0,90.0,25.0,0.017391304347826087,0.034782608695652174,0.1391304347826087,0.3429780211387694,4.03,1.0,positive_only,featurewise_quantile_pos,6181.0,5298.0,883.0,3532.0,True,0.9943681025275899,0.021615380652518338
B,S3_HYBRID,s1_plus_ig,2.0,xgb,68249,7947,0.6868896947931472,0.03086705429093519,0.07814269535673839,0.3670212765957447,0.043726235741444866,0.08776175995651862,0.1282508924018358,0.3411334156990051,10257.0,1509.0,119.0,69.0,0.015957446808510637,0.0425531914893617,0.11170212765957446,0.6484844207176224,0.028555520730094215,0.06002143622722401,0.24347826086956523,0.034229828850855744,0.05025575040609832,0.11658795749704841,0.3411334156990051,5986.0,790.0,87.0,28.0,0.008695652173913044,0.02608695652173913,0.10434782608695652,0.3411334156990051,5.22,1.0,positive_only,featurewise_quantile_pos,6181.0,5298.0,883.0,3532.0,True,0.9943681025275899,0.021615380652518338
