family,gate,n_tasks,n_rows,task_macro_mean_delta,task_median_delta,minimum_task_mean_delta,negative_task_count,negative_row_count,hybrid_selection_count,coverage
legacy5,safe_only,9,45,0.0,0.0,0.0,0,0,0,0.0
legacy5,strict_certificate,9,45,0.005289107937654216,0.00345664706574264,-0.01010930052098248,1,4,14,0.3111111111111111
legacy5,v11_grid_or_profile_strict,9,45,0.005983994250092402,0.0,0.0,0,0,8,0.17777777777777778
legacy5,v11_rare_signal_aggressive_else_strict,9,45,0.008579306689453232,0.0,0.0,0,0,11,0.24444444444444444
legacy5,v12_signal_aggressive_else_strict,9,45,0.0122167109788835,0.0,0.0,0,0,14,0.3111111111111111
nested7_veto,reference_only,9,45,0.0,0.0,0.0,0,0,0,0.0
nested7_veto,validation_best,9,45,0.008735081036723729,0.00468541753544292,-0.03409242041061702,3,14,45,1.0
nested7_veto,gain0_fpr0,9,45,0.009019820557284215,0.0038553237090388,-0.01010930052098248,2,6,24,0.5333333333333333
nested7_veto,gain005_fpr0,9,45,0.007083375995097176,0.0038553237090388,-0.01010930052098248,2,6,21,0.4666666666666667
nested7_veto,gain01_fpr01,9,45,0.00478099577298181,0.00472575908272748,-0.010666526119912739,2,5,18,0.4
nested7_veto,positive_gain0_fpr01,9,45,0.009743112409330198,0.0038553237090388,-0.01024234948280572,2,7,28,0.6222222222222222
nested7_veto,positive_tstr_gain0,9,45,0.009743112409330198,0.0038553237090388,-0.01024234948280572,2,7,28,0.6222222222222222
