objective,heldout_task_id,chosen_gate,family,gate,task_id,seed,selected_kind,selected_test_PR_AUC,safe_baseline_test_PR_AUC,delta_vs_safe_baseline_test,negative_row
conservative,0,v12_signal_aggressive_else_strict,legacy5,v12_signal_aggressive_else_strict,0,42,hybrid,0.1620065298133857,0.1447232944846725,0.0172832353287132,False
conservative,0,v12_signal_aggressive_else_strict,legacy5,v12_signal_aggressive_else_strict,0,43,safe_baseline,0.1328137867398411,0.1328137867398411,0.0,False
conservative,0,v12_signal_aggressive_else_strict,legacy5,v12_signal_aggressive_else_strict,0,44,safe_baseline,0.1538411466657064,0.1538411466657064,0.0,False
conservative,0,v12_signal_aggressive_else_strict,legacy5,v12_signal_aggressive_else_strict,0,45,safe_baseline,0.1524227261667437,0.1524227261667437,0.0,False
conservative,0,v12_signal_aggressive_else_strict,legacy5,v12_signal_aggressive_else_strict,0,46,safe_baseline,0.1614091881808295,0.1614091881808295,0.0,False
conservative,1,v12_signal_aggressive_else_strict,legacy5,v12_signal_aggressive_else_strict,1,42,safe_baseline,0.1555279665491621,0.1555279665491621,0.0,False
conservative,1,v12_signal_aggressive_else_strict,legacy5,v12_signal_aggressive_else_strict,1,43,safe_baseline,0.1728080537762789,0.1728080537762789,0.0,False
conservative,1,v12_signal_aggressive_else_strict,legacy5,v12_signal_aggressive_else_strict,1,44,safe_baseline,0.1561838693611792,0.1561838693611792,0.0,False
conservative,1,v12_signal_aggressive_else_strict,legacy5,v12_signal_aggressive_else_strict,1,45,safe_baseline,0.1911070239620761,0.1911070239620761,0.0,False
conservative,1,v12_signal_aggressive_else_strict,legacy5,v12_signal_aggressive_else_strict,1,46,safe_baseline,0.1597401874580173,0.1597401874580173,0.0,False
conservative,2,v12_signal_aggressive_else_strict,legacy5,v12_signal_aggressive_else_strict,2,42,hybrid,0.0437136158823033,0.0217993478683299,0.0219142680139733,False
conservative,2,v12_signal_aggressive_else_strict,legacy5,v12_signal_aggressive_else_strict,2,43,safe_baseline,0.04173157902927,0.04173157902927,0.0,False
conservative,2,v12_signal_aggressive_else_strict,legacy5,v12_signal_aggressive_else_strict,2,44,hybrid,0.056953461394036,0.0268041268616712,0.0301493345323648,False
conservative,2,v12_signal_aggressive_else_strict,legacy5,v12_signal_aggressive_else_strict,2,45,safe_baseline,0.0361025238937118,0.0361025238937118,0.0,False
conservative,2,v12_signal_aggressive_else_strict,legacy5,v12_signal_aggressive_else_strict,2,46,hybrid,0.0435329165246239,0.0322630141487408,0.0112699023758831,False
conservative,3,v11_rare_signal_aggressive_else_strict,legacy5,v11_rare_signal_aggressive_else_strict,3,42,safe_baseline,0.1523856084419653,0.1523856084419653,0.0,False
conservative,3,v11_rare_signal_aggressive_else_strict,legacy5,v11_rare_signal_aggressive_else_strict,3,43,hybrid,0.2178627348907152,0.1245392034768421,0.0933235314138731,False
conservative,3,v11_rare_signal_aggressive_else_strict,legacy5,v11_rare_signal_aggressive_else_strict,3,44,safe_baseline,0.1224908943469304,0.1224908943469304,0.0,False
conservative,3,v11_rare_signal_aggressive_else_strict,legacy5,v11_rare_signal_aggressive_else_strict,3,45,hybrid,0.1696484246946529,0.136064929233329,0.0335834954613239,False
conservative,3,v11_rare_signal_aggressive_else_strict,legacy5,v11_rare_signal_aggressive_else_strict,3,46,safe_baseline,0.1884792049283298,0.1884792049283298,0.0,False
conservative,5,v12_signal_aggressive_else_strict,legacy5,v12_signal_aggressive_else_strict,5,42,safe_baseline,0.061598250855509,0.061598250855509,0.0,False
conservative,5,v12_signal_aggressive_else_strict,legacy5,v12_signal_aggressive_else_strict,5,43,safe_baseline,0.0585156438523369,0.0585156438523369,0.0,False
conservative,5,v12_signal_aggressive_else_strict,legacy5,v12_signal_aggressive_else_strict,5,44,safe_baseline,0.0802724959251831,0.0802724959251831,0.0,False
conservative,5,v12_signal_aggressive_else_strict,legacy5,v12_signal_aggressive_else_strict,5,45,safe_baseline,0.1002325131114273,0.1002325131114273,0.0,False
conservative,5,v12_signal_aggressive_else_strict,legacy5,v12_signal_aggressive_else_strict,5,46,safe_baseline,0.0771984320748041,0.0771984320748041,0.0,False
conservative,6,v12_signal_aggressive_else_strict,legacy5,v12_signal_aggressive_else_strict,6,42,safe_baseline,0.1061858975296977,0.1061858975296977,0.0,False
conservative,6,v12_signal_aggressive_else_strict,legacy5,v12_signal_aggressive_else_strict,6,43,safe_baseline,0.101489333410799,0.101489333410799,0.0,False
conservative,6,v12_signal_aggressive_else_strict,legacy5,v12_signal_aggressive_else_strict,6,44,safe_baseline,0.1062986216605975,0.1062986216605975,0.0,False
conservative,6,v12_signal_aggressive_else_strict,legacy5,v12_signal_aggressive_else_strict,6,45,safe_baseline,0.1093880424280702,0.1093880424280702,0.0,False
conservative,6,v12_signal_aggressive_else_strict,legacy5,v12_signal_aggressive_else_strict,6,46,safe_baseline,0.1124524003828929,0.1124524003828929,0.0,False
conservative,7,v12_signal_aggressive_else_strict,legacy5,v12_signal_aggressive_else_strict,7,42,safe_baseline,0.1326005896228759,0.1326005896228759,0.0,False
conservative,7,v12_signal_aggressive_else_strict,legacy5,v12_signal_aggressive_else_strict,7,43,safe_baseline,0.1675219258174309,0.1675219258174309,0.0,False
conservative,7,v12_signal_aggressive_else_strict,legacy5,v12_signal_aggressive_else_strict,7,44,safe_baseline,0.1479565441901858,0.1479565441901858,0.0,False
conservative,7,v12_signal_aggressive_else_strict,legacy5,v12_signal_aggressive_else_strict,7,45,safe_baseline,0.1355269301874456,0.1355269301874456,0.0,False
conservative,7,v12_signal_aggressive_else_strict,legacy5,v12_signal_aggressive_else_strict,7,46,safe_baseline,0.1877112767085328,0.1877112767085328,0.0,False
conservative,9,v12_signal_aggressive_else_strict,legacy5,v12_signal_aggressive_else_strict,9,42,safe_baseline,0.0245288621573817,0.0245288621573817,0.0,False
conservative,9,v12_signal_aggressive_else_strict,legacy5,v12_signal_aggressive_else_strict,9,43,safe_baseline,0.0336501306835639,0.0336501306835639,0.0,False
conservative,9,v12_signal_aggressive_else_strict,legacy5,v12_signal_aggressive_else_strict,9,44,safe_baseline,0.023745895173429,0.023745895173429,0.0,False
conservative,9,v12_signal_aggressive_else_strict,legacy5,v12_signal_aggressive_else_strict,9,45,safe_baseline,0.023294261411692,0.023294261411692,0.0,False
conservative,9,v12_signal_aggressive_else_strict,legacy5,v12_signal_aggressive_else_strict,9,46,safe_baseline,0.0276860835232567,0.0276860835232567,0.0,False
conservative,10,v12_signal_aggressive_else_strict,legacy5,v12_signal_aggressive_else_strict,10,42,hybrid,0.1598162821911179,0.1466993831978607,0.0131168989932572,False
conservative,10,v12_signal_aggressive_else_strict,legacy5,v12_signal_aggressive_else_strict,10,43,hybrid,0.1858919184619663,0.1693755022227845,0.0165164162391817,False
conservative,10,v12_signal_aggressive_else_strict,legacy5,v12_signal_aggressive_else_strict,10,44,hybrid,0.1755026425532804,0.1208158947678786,0.0546867477854018,False
conservative,10,v12_signal_aggressive_else_strict,legacy5,v12_signal_aggressive_else_strict,10,45,hybrid,0.201123469260575,0.1555375735139211,0.0455858957466538,False
conservative,10,v12_signal_aggressive_else_strict,legacy5,v12_signal_aggressive_else_strict,10,46,hybrid,0.1827271144096072,0.1340880392748377,0.0486390751347695,False
mean_only,0,v12_signal_aggressive_else_strict,legacy5,v12_signal_aggressive_else_strict,0,42,hybrid,0.1620065298133857,0.1447232944846725,0.0172832353287132,False
mean_only,0,v12_signal_aggressive_else_strict,legacy5,v12_signal_aggressive_else_strict,0,43,safe_baseline,0.1328137867398411,0.1328137867398411,0.0,False
mean_only,0,v12_signal_aggressive_else_strict,legacy5,v12_signal_aggressive_else_strict,0,44,safe_baseline,0.1538411466657064,0.1538411466657064,0.0,False
mean_only,0,v12_signal_aggressive_else_strict,legacy5,v12_signal_aggressive_else_strict,0,45,safe_baseline,0.1524227261667437,0.1524227261667437,0.0,False
mean_only,0,v12_signal_aggressive_else_strict,legacy5,v12_signal_aggressive_else_strict,0,46,safe_baseline,0.1614091881808295,0.1614091881808295,0.0,False
mean_only,1,v12_signal_aggressive_else_strict,legacy5,v12_signal_aggressive_else_strict,1,42,safe_baseline,0.1555279665491621,0.1555279665491621,0.0,False
mean_only,1,v12_signal_aggressive_else_strict,legacy5,v12_signal_aggressive_else_strict,1,43,safe_baseline,0.1728080537762789,0.1728080537762789,0.0,False
mean_only,1,v12_signal_aggressive_else_strict,legacy5,v12_signal_aggressive_else_strict,1,44,safe_baseline,0.1561838693611792,0.1561838693611792,0.0,False
mean_only,1,v12_signal_aggressive_else_strict,legacy5,v12_signal_aggressive_else_strict,1,45,safe_baseline,0.1911070239620761,0.1911070239620761,0.0,False
mean_only,1,v12_signal_aggressive_else_strict,legacy5,v12_signal_aggressive_else_strict,1,46,safe_baseline,0.1597401874580173,0.1597401874580173,0.0,False
mean_only,2,v12_signal_aggressive_else_strict,legacy5,v12_signal_aggressive_else_strict,2,42,hybrid,0.0437136158823033,0.0217993478683299,0.0219142680139733,False
mean_only,2,v12_signal_aggressive_else_strict,legacy5,v12_signal_aggressive_else_strict,2,43,safe_baseline,0.04173157902927,0.04173157902927,0.0,False
mean_only,2,v12_signal_aggressive_else_strict,legacy5,v12_signal_aggressive_else_strict,2,44,hybrid,0.056953461394036,0.0268041268616712,0.0301493345323648,False
mean_only,2,v12_signal_aggressive_else_strict,legacy5,v12_signal_aggressive_else_strict,2,45,safe_baseline,0.0361025238937118,0.0361025238937118,0.0,False
mean_only,2,v12_signal_aggressive_else_strict,legacy5,v12_signal_aggressive_else_strict,2,46,hybrid,0.0435329165246239,0.0322630141487408,0.0112699023758831,False
mean_only,3,v11_rare_signal_aggressive_else_strict,legacy5,v11_rare_signal_aggressive_else_strict,3,42,safe_baseline,0.1523856084419653,0.1523856084419653,0.0,False
mean_only,3,v11_rare_signal_aggressive_else_strict,legacy5,v11_rare_signal_aggressive_else_strict,3,43,hybrid,0.2178627348907152,0.1245392034768421,0.0933235314138731,False
mean_only,3,v11_rare_signal_aggressive_else_strict,legacy5,v11_rare_signal_aggressive_else_strict,3,44,safe_baseline,0.1224908943469304,0.1224908943469304,0.0,False
mean_only,3,v11_rare_signal_aggressive_else_strict,legacy5,v11_rare_signal_aggressive_else_strict,3,45,hybrid,0.1696484246946529,0.136064929233329,0.0335834954613239,False
mean_only,3,v11_rare_signal_aggressive_else_strict,legacy5,v11_rare_signal_aggressive_else_strict,3,46,safe_baseline,0.1884792049283298,0.1884792049283298,0.0,False
mean_only,5,v12_signal_aggressive_else_strict,legacy5,v12_signal_aggressive_else_strict,5,42,safe_baseline,0.061598250855509,0.061598250855509,0.0,False
mean_only,5,v12_signal_aggressive_else_strict,legacy5,v12_signal_aggressive_else_strict,5,43,safe_baseline,0.0585156438523369,0.0585156438523369,0.0,False
mean_only,5,v12_signal_aggressive_else_strict,legacy5,v12_signal_aggressive_else_strict,5,44,safe_baseline,0.0802724959251831,0.0802724959251831,0.0,False
mean_only,5,v12_signal_aggressive_else_strict,legacy5,v12_signal_aggressive_else_strict,5,45,safe_baseline,0.1002325131114273,0.1002325131114273,0.0,False
mean_only,5,v12_signal_aggressive_else_strict,legacy5,v12_signal_aggressive_else_strict,5,46,safe_baseline,0.0771984320748041,0.0771984320748041,0.0,False
mean_only,6,v12_signal_aggressive_else_strict,legacy5,v12_signal_aggressive_else_strict,6,42,safe_baseline,0.1061858975296977,0.1061858975296977,0.0,False
mean_only,6,v12_signal_aggressive_else_strict,legacy5,v12_signal_aggressive_else_strict,6,43,safe_baseline,0.101489333410799,0.101489333410799,0.0,False
mean_only,6,v12_signal_aggressive_else_strict,legacy5,v12_signal_aggressive_else_strict,6,44,safe_baseline,0.1062986216605975,0.1062986216605975,0.0,False
mean_only,6,v12_signal_aggressive_else_strict,legacy5,v12_signal_aggressive_else_strict,6,45,safe_baseline,0.1093880424280702,0.1093880424280702,0.0,False
mean_only,6,v12_signal_aggressive_else_strict,legacy5,v12_signal_aggressive_else_strict,6,46,safe_baseline,0.1124524003828929,0.1124524003828929,0.0,False
mean_only,7,v12_signal_aggressive_else_strict,legacy5,v12_signal_aggressive_else_strict,7,42,safe_baseline,0.1326005896228759,0.1326005896228759,0.0,False
mean_only,7,v12_signal_aggressive_else_strict,legacy5,v12_signal_aggressive_else_strict,7,43,safe_baseline,0.1675219258174309,0.1675219258174309,0.0,False
mean_only,7,v12_signal_aggressive_else_strict,legacy5,v12_signal_aggressive_else_strict,7,44,safe_baseline,0.1479565441901858,0.1479565441901858,0.0,False
mean_only,7,v12_signal_aggressive_else_strict,legacy5,v12_signal_aggressive_else_strict,7,45,safe_baseline,0.1355269301874456,0.1355269301874456,0.0,False
mean_only,7,v12_signal_aggressive_else_strict,legacy5,v12_signal_aggressive_else_strict,7,46,safe_baseline,0.1877112767085328,0.1877112767085328,0.0,False
mean_only,9,v12_signal_aggressive_else_strict,legacy5,v12_signal_aggressive_else_strict,9,42,safe_baseline,0.0245288621573817,0.0245288621573817,0.0,False
mean_only,9,v12_signal_aggressive_else_strict,legacy5,v12_signal_aggressive_else_strict,9,43,safe_baseline,0.0336501306835639,0.0336501306835639,0.0,False
mean_only,9,v12_signal_aggressive_else_strict,legacy5,v12_signal_aggressive_else_strict,9,44,safe_baseline,0.023745895173429,0.023745895173429,0.0,False
mean_only,9,v12_signal_aggressive_else_strict,legacy5,v12_signal_aggressive_else_strict,9,45,safe_baseline,0.023294261411692,0.023294261411692,0.0,False
mean_only,9,v12_signal_aggressive_else_strict,legacy5,v12_signal_aggressive_else_strict,9,46,safe_baseline,0.0276860835232567,0.0276860835232567,0.0,False
mean_only,10,v12_signal_aggressive_else_strict,legacy5,v12_signal_aggressive_else_strict,10,42,hybrid,0.1598162821911179,0.1466993831978607,0.0131168989932572,False
mean_only,10,v12_signal_aggressive_else_strict,legacy5,v12_signal_aggressive_else_strict,10,43,hybrid,0.1858919184619663,0.1693755022227845,0.0165164162391817,False
mean_only,10,v12_signal_aggressive_else_strict,legacy5,v12_signal_aggressive_else_strict,10,44,hybrid,0.1755026425532804,0.1208158947678786,0.0546867477854018,False
mean_only,10,v12_signal_aggressive_else_strict,legacy5,v12_signal_aggressive_else_strict,10,45,hybrid,0.201123469260575,0.1555375735139211,0.0455858957466538,False
mean_only,10,v12_signal_aggressive_else_strict,legacy5,v12_signal_aggressive_else_strict,10,46,hybrid,0.1827271144096072,0.1340880392748377,0.0486390751347695,False
harm_first,0,v12_signal_aggressive_else_strict,legacy5,v12_signal_aggressive_else_strict,0,42,hybrid,0.1620065298133857,0.1447232944846725,0.0172832353287132,False
harm_first,0,v12_signal_aggressive_else_strict,legacy5,v12_signal_aggressive_else_strict,0,43,safe_baseline,0.1328137867398411,0.1328137867398411,0.0,False
harm_first,0,v12_signal_aggressive_else_strict,legacy5,v12_signal_aggressive_else_strict,0,44,safe_baseline,0.1538411466657064,0.1538411466657064,0.0,False
harm_first,0,v12_signal_aggressive_else_strict,legacy5,v12_signal_aggressive_else_strict,0,45,safe_baseline,0.1524227261667437,0.1524227261667437,0.0,False
harm_first,0,v12_signal_aggressive_else_strict,legacy5,v12_signal_aggressive_else_strict,0,46,safe_baseline,0.1614091881808295,0.1614091881808295,0.0,False
harm_first,1,v12_signal_aggressive_else_strict,legacy5,v12_signal_aggressive_else_strict,1,42,safe_baseline,0.1555279665491621,0.1555279665491621,0.0,False
harm_first,1,v12_signal_aggressive_else_strict,legacy5,v12_signal_aggressive_else_strict,1,43,safe_baseline,0.1728080537762789,0.1728080537762789,0.0,False
harm_first,1,v12_signal_aggressive_else_strict,legacy5,v12_signal_aggressive_else_strict,1,44,safe_baseline,0.1561838693611792,0.1561838693611792,0.0,False
harm_first,1,v12_signal_aggressive_else_strict,legacy5,v12_signal_aggressive_else_strict,1,45,safe_baseline,0.1911070239620761,0.1911070239620761,0.0,False
harm_first,1,v12_signal_aggressive_else_strict,legacy5,v12_signal_aggressive_else_strict,1,46,safe_baseline,0.1597401874580173,0.1597401874580173,0.0,False
harm_first,2,v12_signal_aggressive_else_strict,legacy5,v12_signal_aggressive_else_strict,2,42,hybrid,0.0437136158823033,0.0217993478683299,0.0219142680139733,False
harm_first,2,v12_signal_aggressive_else_strict,legacy5,v12_signal_aggressive_else_strict,2,43,safe_baseline,0.04173157902927,0.04173157902927,0.0,False
harm_first,2,v12_signal_aggressive_else_strict,legacy5,v12_signal_aggressive_else_strict,2,44,hybrid,0.056953461394036,0.0268041268616712,0.0301493345323648,False
harm_first,2,v12_signal_aggressive_else_strict,legacy5,v12_signal_aggressive_else_strict,2,45,safe_baseline,0.0361025238937118,0.0361025238937118,0.0,False
harm_first,2,v12_signal_aggressive_else_strict,legacy5,v12_signal_aggressive_else_strict,2,46,hybrid,0.0435329165246239,0.0322630141487408,0.0112699023758831,False
harm_first,3,v11_rare_signal_aggressive_else_strict,legacy5,v11_rare_signal_aggressive_else_strict,3,42,safe_baseline,0.1523856084419653,0.1523856084419653,0.0,False
harm_first,3,v11_rare_signal_aggressive_else_strict,legacy5,v11_rare_signal_aggressive_else_strict,3,43,hybrid,0.2178627348907152,0.1245392034768421,0.0933235314138731,False
harm_first,3,v11_rare_signal_aggressive_else_strict,legacy5,v11_rare_signal_aggressive_else_strict,3,44,safe_baseline,0.1224908943469304,0.1224908943469304,0.0,False
harm_first,3,v11_rare_signal_aggressive_else_strict,legacy5,v11_rare_signal_aggressive_else_strict,3,45,hybrid,0.1696484246946529,0.136064929233329,0.0335834954613239,False
harm_first,3,v11_rare_signal_aggressive_else_strict,legacy5,v11_rare_signal_aggressive_else_strict,3,46,safe_baseline,0.1884792049283298,0.1884792049283298,0.0,False
harm_first,5,v12_signal_aggressive_else_strict,legacy5,v12_signal_aggressive_else_strict,5,42,safe_baseline,0.061598250855509,0.061598250855509,0.0,False
harm_first,5,v12_signal_aggressive_else_strict,legacy5,v12_signal_aggressive_else_strict,5,43,safe_baseline,0.0585156438523369,0.0585156438523369,0.0,False
harm_first,5,v12_signal_aggressive_else_strict,legacy5,v12_signal_aggressive_else_strict,5,44,safe_baseline,0.0802724959251831,0.0802724959251831,0.0,False
harm_first,5,v12_signal_aggressive_else_strict,legacy5,v12_signal_aggressive_else_strict,5,45,safe_baseline,0.1002325131114273,0.1002325131114273,0.0,False
harm_first,5,v12_signal_aggressive_else_strict,legacy5,v12_signal_aggressive_else_strict,5,46,safe_baseline,0.0771984320748041,0.0771984320748041,0.0,False
harm_first,6,v12_signal_aggressive_else_strict,legacy5,v12_signal_aggressive_else_strict,6,42,safe_baseline,0.1061858975296977,0.1061858975296977,0.0,False
harm_first,6,v12_signal_aggressive_else_strict,legacy5,v12_signal_aggressive_else_strict,6,43,safe_baseline,0.101489333410799,0.101489333410799,0.0,False
harm_first,6,v12_signal_aggressive_else_strict,legacy5,v12_signal_aggressive_else_strict,6,44,safe_baseline,0.1062986216605975,0.1062986216605975,0.0,False
harm_first,6,v12_signal_aggressive_else_strict,legacy5,v12_signal_aggressive_else_strict,6,45,safe_baseline,0.1093880424280702,0.1093880424280702,0.0,False
harm_first,6,v12_signal_aggressive_else_strict,legacy5,v12_signal_aggressive_else_strict,6,46,safe_baseline,0.1124524003828929,0.1124524003828929,0.0,False
harm_first,7,v12_signal_aggressive_else_strict,legacy5,v12_signal_aggressive_else_strict,7,42,safe_baseline,0.1326005896228759,0.1326005896228759,0.0,False
harm_first,7,v12_signal_aggressive_else_strict,legacy5,v12_signal_aggressive_else_strict,7,43,safe_baseline,0.1675219258174309,0.1675219258174309,0.0,False
harm_first,7,v12_signal_aggressive_else_strict,legacy5,v12_signal_aggressive_else_strict,7,44,safe_baseline,0.1479565441901858,0.1479565441901858,0.0,False
harm_first,7,v12_signal_aggressive_else_strict,legacy5,v12_signal_aggressive_else_strict,7,45,safe_baseline,0.1355269301874456,0.1355269301874456,0.0,False
harm_first,7,v12_signal_aggressive_else_strict,legacy5,v12_signal_aggressive_else_strict,7,46,safe_baseline,0.1877112767085328,0.1877112767085328,0.0,False
harm_first,9,v12_signal_aggressive_else_strict,legacy5,v12_signal_aggressive_else_strict,9,42,safe_baseline,0.0245288621573817,0.0245288621573817,0.0,False
harm_first,9,v12_signal_aggressive_else_strict,legacy5,v12_signal_aggressive_else_strict,9,43,safe_baseline,0.0336501306835639,0.0336501306835639,0.0,False
harm_first,9,v12_signal_aggressive_else_strict,legacy5,v12_signal_aggressive_else_strict,9,44,safe_baseline,0.023745895173429,0.023745895173429,0.0,False
harm_first,9,v12_signal_aggressive_else_strict,legacy5,v12_signal_aggressive_else_strict,9,45,safe_baseline,0.023294261411692,0.023294261411692,0.0,False
harm_first,9,v12_signal_aggressive_else_strict,legacy5,v12_signal_aggressive_else_strict,9,46,safe_baseline,0.0276860835232567,0.0276860835232567,0.0,False
harm_first,10,v12_signal_aggressive_else_strict,legacy5,v12_signal_aggressive_else_strict,10,42,hybrid,0.1598162821911179,0.1466993831978607,0.0131168989932572,False
harm_first,10,v12_signal_aggressive_else_strict,legacy5,v12_signal_aggressive_else_strict,10,43,hybrid,0.1858919184619663,0.1693755022227845,0.0165164162391817,False
harm_first,10,v12_signal_aggressive_else_strict,legacy5,v12_signal_aggressive_else_strict,10,44,hybrid,0.1755026425532804,0.1208158947678786,0.0546867477854018,False
harm_first,10,v12_signal_aggressive_else_strict,legacy5,v12_signal_aggressive_else_strict,10,45,hybrid,0.201123469260575,0.1555375735139211,0.0455858957466538,False
harm_first,10,v12_signal_aggressive_else_strict,legacy5,v12_signal_aggressive_else_strict,10,46,hybrid,0.1827271144096072,0.1340880392748377,0.0486390751347695,False
conservative,0,reference_only,nested7_veto,reference_only,0,42,safe_baseline,0.1447232944846725,0.1447232944846725,0.0,False
conservative,0,reference_only,nested7_veto,reference_only,0,43,safe_baseline,0.1328137867398411,0.1328137867398411,0.0,False
conservative,0,reference_only,nested7_veto,reference_only,0,44,safe_baseline,0.1538411466657064,0.1538411466657064,0.0,False
conservative,0,reference_only,nested7_veto,reference_only,0,45,safe_baseline,0.1524227261667437,0.1524227261667437,0.0,False
conservative,0,reference_only,nested7_veto,reference_only,0,46,safe_baseline,0.1614091881808295,0.1614091881808295,0.0,False
conservative,1,reference_only,nested7_veto,reference_only,1,42,safe_baseline,0.1555279665491621,0.1555279665491621,0.0,False
conservative,1,reference_only,nested7_veto,reference_only,1,43,safe_baseline,0.1728080537762789,0.1728080537762789,0.0,False
conservative,1,reference_only,nested7_veto,reference_only,1,44,safe_baseline,0.1561838693611792,0.1561838693611792,0.0,False
conservative,1,reference_only,nested7_veto,reference_only,1,45,safe_baseline,0.1911070239620761,0.1911070239620761,0.0,False
conservative,1,reference_only,nested7_veto,reference_only,1,46,safe_baseline,0.1597401874580173,0.1597401874580173,0.0,False
conservative,2,reference_only,nested7_veto,reference_only,2,42,safe_baseline,0.0217993478683299,0.0217993478683299,0.0,False
conservative,2,reference_only,nested7_veto,reference_only,2,43,safe_baseline,0.04173157902927,0.04173157902927,0.0,False
conservative,2,reference_only,nested7_veto,reference_only,2,44,safe_baseline,0.0268041268616712,0.0268041268616712,0.0,False
conservative,2,reference_only,nested7_veto,reference_only,2,45,safe_baseline,0.0361025238937118,0.0361025238937118,0.0,False
conservative,2,reference_only,nested7_veto,reference_only,2,46,safe_baseline,0.0322630141487408,0.0322630141487408,0.0,False
conservative,3,reference_only,nested7_veto,reference_only,3,42,safe_baseline,0.1523856084419653,0.1523856084419653,0.0,False
conservative,3,reference_only,nested7_veto,reference_only,3,43,safe_baseline,0.1245392034768421,0.1245392034768421,0.0,False
conservative,3,reference_only,nested7_veto,reference_only,3,44,safe_baseline,0.1224908943469304,0.1224908943469304,0.0,False
conservative,3,reference_only,nested7_veto,reference_only,3,45,safe_baseline,0.136064929233329,0.136064929233329,0.0,False
conservative,3,reference_only,nested7_veto,reference_only,3,46,safe_baseline,0.1884792049283298,0.1884792049283298,0.0,False
conservative,5,reference_only,nested7_veto,reference_only,5,42,safe_baseline,0.061598250855509,0.061598250855509,0.0,False
conservative,5,reference_only,nested7_veto,reference_only,5,43,safe_baseline,0.0585156438523369,0.0585156438523369,0.0,False
conservative,5,reference_only,nested7_veto,reference_only,5,44,safe_baseline,0.0802724959251831,0.0802724959251831,0.0,False
conservative,5,reference_only,nested7_veto,reference_only,5,45,safe_baseline,0.1002325131114273,0.1002325131114273,0.0,False
conservative,5,reference_only,nested7_veto,reference_only,5,46,safe_baseline,0.0771984320748041,0.0771984320748041,0.0,False
conservative,6,reference_only,nested7_veto,reference_only,6,42,safe_baseline,0.1061858975296977,0.1061858975296977,0.0,False
conservative,6,reference_only,nested7_veto,reference_only,6,43,safe_baseline,0.101489333410799,0.101489333410799,0.0,False
conservative,6,reference_only,nested7_veto,reference_only,6,44,safe_baseline,0.1062986216605975,0.1062986216605975,0.0,False
conservative,6,reference_only,nested7_veto,reference_only,6,45,safe_baseline,0.1093880424280702,0.1093880424280702,0.0,False
conservative,6,reference_only,nested7_veto,reference_only,6,46,safe_baseline,0.1124524003828929,0.1124524003828929,0.0,False
conservative,7,reference_only,nested7_veto,reference_only,7,42,safe_baseline,0.1326005896228759,0.1326005896228759,0.0,False
conservative,7,reference_only,nested7_veto,reference_only,7,43,safe_baseline,0.1675219258174309,0.1675219258174309,0.0,False
conservative,7,reference_only,nested7_veto,reference_only,7,44,safe_baseline,0.1479565441901858,0.1479565441901858,0.0,False
conservative,7,reference_only,nested7_veto,reference_only,7,45,safe_baseline,0.1355269301874456,0.1355269301874456,0.0,False
conservative,7,reference_only,nested7_veto,reference_only,7,46,safe_baseline,0.1877112767085328,0.1877112767085328,0.0,False
conservative,9,reference_only,nested7_veto,reference_only,9,42,safe_baseline,0.0245288621573817,0.0245288621573817,0.0,False
conservative,9,reference_only,nested7_veto,reference_only,9,43,safe_baseline,0.0336501306835639,0.0336501306835639,0.0,False
conservative,9,reference_only,nested7_veto,reference_only,9,44,safe_baseline,0.023745895173429,0.023745895173429,0.0,False
conservative,9,reference_only,nested7_veto,reference_only,9,45,safe_baseline,0.023294261411692,0.023294261411692,0.0,False
conservative,9,reference_only,nested7_veto,reference_only,9,46,safe_baseline,0.0276860835232567,0.0276860835232567,0.0,False
conservative,10,reference_only,nested7_veto,reference_only,10,42,safe_baseline,0.1466993831978607,0.1466993831978607,0.0,False
conservative,10,reference_only,nested7_veto,reference_only,10,43,safe_baseline,0.1693755022227845,0.1693755022227845,0.0,False
conservative,10,reference_only,nested7_veto,reference_only,10,44,safe_baseline,0.1208158947678786,0.1208158947678786,0.0,False
conservative,10,reference_only,nested7_veto,reference_only,10,45,safe_baseline,0.1555375735139211,0.1555375735139211,0.0,False
conservative,10,reference_only,nested7_veto,reference_only,10,46,safe_baseline,0.1340880392748377,0.1340880392748377,0.0,False
mean_only,0,positive_gain0_fpr01,nested7_veto,positive_gain0_fpr01,0,42,hybrid,0.1620065298133857,0.1447232944846725,0.0172832353287132,False
mean_only,0,positive_gain0_fpr01,nested7_veto,positive_gain0_fpr01,0,43,hybrid,0.1617137880408858,0.1328137867398411,0.0289000013010446,False
mean_only,0,positive_gain0_fpr01,nested7_veto,positive_gain0_fpr01,0,44,safe_baseline,0.1538411466657064,0.1538411466657064,0.0,False
mean_only,0,positive_gain0_fpr01,nested7_veto,positive_gain0_fpr01,0,45,hybrid,0.1645514810301357,0.1524227261667437,0.0121287548633919,False
mean_only,0,positive_gain0_fpr01,nested7_veto,positive_gain0_fpr01,0,46,hybrid,0.1529056219651839,0.1614091881808295,-0.0085035662156456,True
mean_only,1,positive_gain0_fpr01,nested7_veto,positive_gain0_fpr01,1,42,hybrid,0.1583140945438134,0.1555279665491621,0.0027861279946513,False
mean_only,1,positive_gain0_fpr01,nested7_veto,positive_gain0_fpr01,1,43,hybrid,0.1588957064741998,0.1728080537762789,-0.0139123473020791,True
mean_only,1,positive_gain0_fpr01,nested7_veto,positive_gain0_fpr01,1,44,safe_baseline,0.1561838693611792,0.1561838693611792,0.0,False
mean_only,1,positive_gain0_fpr01,nested7_veto,positive_gain0_fpr01,1,45,hybrid,0.1632827177624949,0.1911070239620761,-0.0278243061995812,True
mean_only,1,positive_gain0_fpr01,nested7_veto,positive_gain0_fpr01,1,46,hybrid,0.1481442103601138,0.1597401874580173,-0.0115959770979034,True
mean_only,2,positive_gain0_fpr01,nested7_veto,positive_gain0_fpr01,2,42,hybrid,0.0437136158823033,0.0217993478683299,0.0219142680139733,False
mean_only,2,positive_gain0_fpr01,nested7_veto,positive_gain0_fpr01,2,43,safe_baseline,0.04173157902927,0.04173157902927,0.0,False
mean_only,2,positive_gain0_fpr01,nested7_veto,positive_gain0_fpr01,2,44,hybrid,0.056953461394036,0.0268041268616712,0.0301493345323648,False
mean_only,2,positive_gain0_fpr01,nested7_veto,positive_gain0_fpr01,2,45,hybrid,0.0507544201602982,0.0361025238937118,0.0146518962665863,False
mean_only,2,positive_gain0_fpr01,nested7_veto,positive_gain0_fpr01,2,46,hybrid,0.0435329165246239,0.0322630141487408,0.0112699023758831,False
mean_only,3,positive_gain0_fpr01,nested7_veto,positive_gain0_fpr01,3,42,safe_baseline,0.1523856084419653,0.1523856084419653,0.0,False
mean_only,3,positive_gain0_fpr01,nested7_veto,positive_gain0_fpr01,3,43,hybrid,0.2178627348907152,0.1245392034768421,0.0933235314138731,False
mean_only,3,positive_gain0_fpr01,nested7_veto,positive_gain0_fpr01,3,44,hybrid,0.2058822157195717,0.1224908943469304,0.0833913213726412,False
mean_only,3,positive_gain0_fpr01,nested7_veto,positive_gain0_fpr01,3,45,hybrid,0.1696484246946529,0.136064929233329,0.0335834954613239,False
mean_only,3,positive_gain0_fpr01,nested7_veto,positive_gain0_fpr01,3,46,safe_baseline,0.1884792049283298,0.1884792049283298,0.0,False
mean_only,5,positive_gain0_fpr01,nested7_veto,positive_gain0_fpr01,5,42,hybrid,0.0659017697714015,0.061598250855509,0.0043035189158925,False
mean_only,5,positive_gain0_fpr01,nested7_veto,positive_gain0_fpr01,5,43,hybrid,0.060062611036899,0.0585156438523369,0.001546967184562,False
mean_only,5,positive_gain0_fpr01,nested7_veto,positive_gain0_fpr01,5,44,hybrid,0.0552034399977633,0.0802724959251831,-0.0250690559274197,True
mean_only,5,positive_gain0_fpr01,nested7_veto,positive_gain0_fpr01,5,45,hybrid,0.0682393355243638,0.1002325131114273,-0.0319931775870634,True
mean_only,5,positive_gain0_fpr01,nested7_veto,positive_gain0_fpr01,5,46,safe_baseline,0.0771984320748041,0.0771984320748041,0.0,False
mean_only,6,positive_gain0_fpr01,nested7_veto,positive_gain0_fpr01,6,42,hybrid,0.1298146929433352,0.1061858975296977,0.0236287954136374,False
mean_only,6,positive_gain0_fpr01,nested7_veto,positive_gain0_fpr01,6,43,safe_baseline,0.101489333410799,0.101489333410799,0.0,False
mean_only,6,positive_gain0_fpr01,nested7_veto,positive_gain0_fpr01,6,44,safe_baseline,0.1062986216605975,0.1062986216605975,0.0,False
mean_only,6,positive_gain0_fpr01,nested7_veto,positive_gain0_fpr01,6,45,hybrid,0.1050358655596267,0.1093880424280702,-0.0043521768684434,True
mean_only,6,positive_gain0_fpr01,nested7_veto,positive_gain0_fpr01,6,46,safe_baseline,0.1124524003828929,0.1124524003828929,0.0,False
mean_only,7,validation_best,nested7_veto,validation_best,7,42,hybrid,0.1362433099584974,0.1326005896228759,0.0036427203356214,False
mean_only,7,validation_best,nested7_veto,validation_best,7,43,hybrid,0.1204481110256804,0.1675219258174309,-0.0470738147917504,True
mean_only,7,validation_best,nested7_veto,validation_best,7,44,hybrid,0.1274284032520179,0.1479565441901858,-0.0205281409381679,True
mean_only,7,validation_best,nested7_veto,validation_best,7,45,hybrid,0.1182011864203921,0.1355269301874456,-0.0173257437670535,True
mean_only,7,validation_best,nested7_veto,validation_best,7,46,hybrid,0.0985341538167981,0.1877112767085328,-0.0891771228917347,True
mean_only,9,positive_gain0_fpr01,nested7_veto,positive_gain0_fpr01,9,42,safe_baseline,0.0245288621573817,0.0245288621573817,0.0,False
mean_only,9,positive_gain0_fpr01,nested7_veto,positive_gain0_fpr01,9,43,hybrid,0.0372033868955342,0.0336501306835639,0.0035532562119703,False
mean_only,9,positive_gain0_fpr01,nested7_veto,positive_gain0_fpr01,9,44,safe_baseline,0.023745895173429,0.023745895173429,0.0,False
mean_only,9,positive_gain0_fpr01,nested7_veto,positive_gain0_fpr01,9,45,safe_baseline,0.023294261411692,0.023294261411692,0.0,False
mean_only,9,positive_gain0_fpr01,nested7_veto,positive_gain0_fpr01,9,46,hybrid,0.0284173085914784,0.0276860835232567,0.0007312250682217,False
mean_only,10,gain0_fpr0,nested7_veto,gain0_fpr0,10,42,hybrid,0.1598162821911179,0.1466993831978607,0.0131168989932572,False
mean_only,10,gain0_fpr0,nested7_veto,gain0_fpr0,10,43,hybrid,0.1858919184619663,0.1693755022227845,0.0165164162391817,False
mean_only,10,gain0_fpr0,nested7_veto,gain0_fpr0,10,44,hybrid,0.1755026425532804,0.1208158947678786,0.0546867477854018,False
mean_only,10,gain0_fpr0,nested7_veto,gain0_fpr0,10,45,safe_baseline,0.1555375735139211,0.1555375735139211,0.0,False
mean_only,10,gain0_fpr0,nested7_veto,gain0_fpr0,10,46,hybrid,0.1827271144096072,0.1340880392748377,0.0486390751347695,False
harm_first,0,reference_only,nested7_veto,reference_only,0,42,safe_baseline,0.1447232944846725,0.1447232944846725,0.0,False
harm_first,0,reference_only,nested7_veto,reference_only,0,43,safe_baseline,0.1328137867398411,0.1328137867398411,0.0,False
harm_first,0,reference_only,nested7_veto,reference_only,0,44,safe_baseline,0.1538411466657064,0.1538411466657064,0.0,False
harm_first,0,reference_only,nested7_veto,reference_only,0,45,safe_baseline,0.1524227261667437,0.1524227261667437,0.0,False
harm_first,0,reference_only,nested7_veto,reference_only,0,46,safe_baseline,0.1614091881808295,0.1614091881808295,0.0,False
harm_first,1,reference_only,nested7_veto,reference_only,1,42,safe_baseline,0.1555279665491621,0.1555279665491621,0.0,False
harm_first,1,reference_only,nested7_veto,reference_only,1,43,safe_baseline,0.1728080537762789,0.1728080537762789,0.0,False
harm_first,1,reference_only,nested7_veto,reference_only,1,44,safe_baseline,0.1561838693611792,0.1561838693611792,0.0,False
harm_first,1,reference_only,nested7_veto,reference_only,1,45,safe_baseline,0.1911070239620761,0.1911070239620761,0.0,False
harm_first,1,reference_only,nested7_veto,reference_only,1,46,safe_baseline,0.1597401874580173,0.1597401874580173,0.0,False
harm_first,2,reference_only,nested7_veto,reference_only,2,42,safe_baseline,0.0217993478683299,0.0217993478683299,0.0,False
harm_first,2,reference_only,nested7_veto,reference_only,2,43,safe_baseline,0.04173157902927,0.04173157902927,0.0,False
harm_first,2,reference_only,nested7_veto,reference_only,2,44,safe_baseline,0.0268041268616712,0.0268041268616712,0.0,False
harm_first,2,reference_only,nested7_veto,reference_only,2,45,safe_baseline,0.0361025238937118,0.0361025238937118,0.0,False
harm_first,2,reference_only,nested7_veto,reference_only,2,46,safe_baseline,0.0322630141487408,0.0322630141487408,0.0,False
harm_first,3,reference_only,nested7_veto,reference_only,3,42,safe_baseline,0.1523856084419653,0.1523856084419653,0.0,False
harm_first,3,reference_only,nested7_veto,reference_only,3,43,safe_baseline,0.1245392034768421,0.1245392034768421,0.0,False
harm_first,3,reference_only,nested7_veto,reference_only,3,44,safe_baseline,0.1224908943469304,0.1224908943469304,0.0,False
harm_first,3,reference_only,nested7_veto,reference_only,3,45,safe_baseline,0.136064929233329,0.136064929233329,0.0,False
harm_first,3,reference_only,nested7_veto,reference_only,3,46,safe_baseline,0.1884792049283298,0.1884792049283298,0.0,False
harm_first,5,reference_only,nested7_veto,reference_only,5,42,safe_baseline,0.061598250855509,0.061598250855509,0.0,False
harm_first,5,reference_only,nested7_veto,reference_only,5,43,safe_baseline,0.0585156438523369,0.0585156438523369,0.0,False
harm_first,5,reference_only,nested7_veto,reference_only,5,44,safe_baseline,0.0802724959251831,0.0802724959251831,0.0,False
harm_first,5,reference_only,nested7_veto,reference_only,5,45,safe_baseline,0.1002325131114273,0.1002325131114273,0.0,False
harm_first,5,reference_only,nested7_veto,reference_only,5,46,safe_baseline,0.0771984320748041,0.0771984320748041,0.0,False
harm_first,6,reference_only,nested7_veto,reference_only,6,42,safe_baseline,0.1061858975296977,0.1061858975296977,0.0,False
harm_first,6,reference_only,nested7_veto,reference_only,6,43,safe_baseline,0.101489333410799,0.101489333410799,0.0,False
harm_first,6,reference_only,nested7_veto,reference_only,6,44,safe_baseline,0.1062986216605975,0.1062986216605975,0.0,False
harm_first,6,reference_only,nested7_veto,reference_only,6,45,safe_baseline,0.1093880424280702,0.1093880424280702,0.0,False
harm_first,6,reference_only,nested7_veto,reference_only,6,46,safe_baseline,0.1124524003828929,0.1124524003828929,0.0,False
harm_first,7,reference_only,nested7_veto,reference_only,7,42,safe_baseline,0.1326005896228759,0.1326005896228759,0.0,False
harm_first,7,reference_only,nested7_veto,reference_only,7,43,safe_baseline,0.1675219258174309,0.1675219258174309,0.0,False
harm_first,7,reference_only,nested7_veto,reference_only,7,44,safe_baseline,0.1479565441901858,0.1479565441901858,0.0,False
harm_first,7,reference_only,nested7_veto,reference_only,7,45,safe_baseline,0.1355269301874456,0.1355269301874456,0.0,False
harm_first,7,reference_only,nested7_veto,reference_only,7,46,safe_baseline,0.1877112767085328,0.1877112767085328,0.0,False
harm_first,9,reference_only,nested7_veto,reference_only,9,42,safe_baseline,0.0245288621573817,0.0245288621573817,0.0,False
harm_first,9,reference_only,nested7_veto,reference_only,9,43,safe_baseline,0.0336501306835639,0.0336501306835639,0.0,False
harm_first,9,reference_only,nested7_veto,reference_only,9,44,safe_baseline,0.023745895173429,0.023745895173429,0.0,False
harm_first,9,reference_only,nested7_veto,reference_only,9,45,safe_baseline,0.023294261411692,0.023294261411692,0.0,False
harm_first,9,reference_only,nested7_veto,reference_only,9,46,safe_baseline,0.0276860835232567,0.0276860835232567,0.0,False
harm_first,10,reference_only,nested7_veto,reference_only,10,42,safe_baseline,0.1466993831978607,0.1466993831978607,0.0,False
harm_first,10,reference_only,nested7_veto,reference_only,10,43,safe_baseline,0.1693755022227845,0.1693755022227845,0.0,False
harm_first,10,reference_only,nested7_veto,reference_only,10,44,safe_baseline,0.1208158947678786,0.1208158947678786,0.0,False
harm_first,10,reference_only,nested7_veto,reference_only,10,45,safe_baseline,0.1555375735139211,0.1555375735139211,0.0,False
harm_first,10,reference_only,nested7_veto,reference_only,10,46,safe_baseline,0.1340880392748377,0.1340880392748377,0.0,False
