family,objective,heldout_task_id,gate,n_tasks,n_rows,task_macro_mean_delta,task_median_delta,minimum_task_mean_delta,negative_task_count,negative_row_count,hybrid_selection_count,coverage
legacy5,conservative,0,safe_only,8,40,0.0,0.0,0.0,0,0,0,0.0
legacy5,conservative,0,strict_certificate,8,40,0.005518165546643163,0.0019276618545194,-0.01010930052098248,1,4,13,0.325
legacy5,conservative,0,v11_grid_or_profile_strict,8,40,0.006299912648136122,0.0,0.0,0,0,7,0.175
legacy5,conservative,0,v11_rare_signal_aggressive_else_strict,8,40,0.009219639142417056,0.0,0.0,0,0,10,0.25
legacy5,conservative,0,v12_signal_aggressive_else_strict,8,40,0.013311718968026107,0.0,0.0,0,0,13,0.325
legacy5,conservative,1,safe_only,8,40,0.0,0.0,0.0,0,0,0,0.0
legacy5,conservative,1,strict_certificate,8,40,0.0072139089949838035,0.00365598538739072,0.0,0,1,10,0.25
legacy5,conservative,1,v11_grid_or_profile_strict,8,40,0.0067319935313539525,0.00172832353287132,0.0,0,0,8,0.2
legacy5,conservative,1,v11_rare_signal_aggressive_else_strict,8,40,0.009651720025634886,0.00172832353287132,0.0,0,0,11,0.275
legacy5,conservative,1,v12_signal_aggressive_else_strict,8,40,0.013743799851243937,0.00172832353287132,0.0,0,0,14,0.35
legacy5,conservative,2,safe_only,8,40,0.0,0.0,0.0,0,0,0,0.0
legacy5,conservative,2,strict_certificate,8,40,0.004366908806805463,0.00172832353287132,-0.01010930052098248,1,4,11,0.275
legacy5,conservative,2,v11_grid_or_profile_strict,8,40,0.005148655908298423,0.0,0.0,0,0,5,0.125
legacy5,conservative,2,v11_rare_signal_aggressive_else_strict,8,40,0.008068382402579356,0.0,0.0,0,0,8,0.2
legacy5,conservative,2,v12_signal_aggressive_else_strict,8,40,0.012160462228188406,0.0,0.0,0,0,11,0.275
legacy5,conservative,3,safe_only,8,40,0.0,0.0,0.0,0,0,0,0.0
legacy5,conservative,3,strict_certificate,8,40,0.0027775707579810677,0.00172832353287132,-0.01010930052098248,1,4,12,0.3
legacy5,conservative,3,v11_grid_or_profile_strict,8,40,0.0035593178594740277,0.0,0.0,0,0,6,0.15
legacy5,conservative,3,v11_rare_signal_aggressive_else_strict,8,40,0.006479044353754961,0.0,0.0,0,0,9,0.225
legacy5,conservative,3,v12_signal_aggressive_else_strict,8,40,0.006479044353754961,0.0,0.0,0,0,9,0.225
legacy5,conservative,5,safe_only,8,40,0.0,0.0,0.0,0,0,0,0.0
legacy5,conservative,5,strict_certificate,8,40,0.005950246429860993,0.00365598538739072,-0.01010930052098248,1,4,14,0.35
legacy5,conservative,5,v11_grid_or_profile_strict,8,40,0.0067319935313539525,0.00172832353287132,0.0,0,0,8,0.2
legacy5,conservative,5,v11_rare_signal_aggressive_else_strict,8,40,0.009651720025634886,0.00172832353287132,0.0,0,0,11,0.275
legacy5,conservative,5,v12_signal_aggressive_else_strict,8,40,0.013743799851243937,0.00172832353287132,0.0,0,0,14,0.35
legacy5,conservative,6,safe_only,8,40,0.0,0.0,0.0,0,0,0,0.0
legacy5,conservative,6,strict_certificate,8,40,0.005468330966231142,0.00172832353287132,-0.01010930052098248,1,3,12,0.3
legacy5,conservative,6,v11_grid_or_profile_strict,8,40,0.0067319935313539525,0.00172832353287132,0.0,0,0,8,0.2
legacy5,conservative,6,v11_rare_signal_aggressive_else_strict,8,40,0.009651720025634886,0.00172832353287132,0.0,0,0,11,0.275
legacy5,conservative,6,v12_signal_aggressive_else_strict,8,40,0.013743799851243937,0.00172832353287132,0.0,0,0,14,0.35
legacy5,conservative,7,safe_only,8,40,0.0,0.0,0.0,0,0,0,0.0
legacy5,conservative,7,strict_certificate,8,40,0.005950246429860993,0.00365598538739072,-0.01010930052098248,1,4,14,0.35
legacy5,conservative,7,v11_grid_or_profile_strict,8,40,0.0067319935313539525,0.00172832353287132,0.0,0,0,8,0.2
legacy5,conservative,7,v11_rare_signal_aggressive_else_strict,8,40,0.009651720025634886,0.00172832353287132,0.0,0,0,11,0.275
legacy5,conservative,7,v12_signal_aggressive_else_strict,8,40,0.013743799851243937,0.00172832353287132,0.0,0,0,14,0.35
legacy5,conservative,9,safe_only,8,40,0.0,0.0,0.0,0,0,0,0.0
legacy5,conservative,9,strict_certificate,8,40,0.005950246429860993,0.00365598538739072,-0.01010930052098248,1,4,14,0.35
legacy5,conservative,9,v11_grid_or_profile_strict,8,40,0.0067319935313539525,0.00172832353287132,0.0,0,0,8,0.2
legacy5,conservative,9,v11_rare_signal_aggressive_else_strict,8,40,0.009651720025634886,0.00172832353287132,0.0,0,0,11,0.275
legacy5,conservative,9,v12_signal_aggressive_else_strict,8,40,0.013743799851243937,0.00172832353287132,0.0,0,0,14,0.35
legacy5,conservative,10,safe_only,8,40,0.0,0.0,0.0,0,0,0,0.0
legacy5,conservative,10,strict_certificate,8,40,0.004406347076660325,0.00172832353287132,-0.01010930052098248,1,4,12,0.3
legacy5,conservative,10,v11_grid_or_profile_strict,8,40,0.005188094178153285,0.0,0.0,0,0,6,0.15
legacy5,conservative,10,v11_rare_signal_aggressive_else_strict,8,40,0.005188094178153285,0.0,0.0,0,0,6,0.15
legacy5,conservative,10,v12_signal_aggressive_else_strict,8,40,0.009280174003762336,0.0,0.0,0,0,9,0.225
legacy5,mean_only,0,safe_only,8,40,0.0,0.0,0.0,0,0,0,0.0
legacy5,mean_only,0,strict_certificate,8,40,0.005518165546643163,0.0019276618545194,-0.01010930052098248,1,4,13,0.325
legacy5,mean_only,0,v11_grid_or_profile_strict,8,40,0.006299912648136122,0.0,0.0,0,0,7,0.175
legacy5,mean_only,0,v11_rare_signal_aggressive_else_strict,8,40,0.009219639142417056,0.0,0.0,0,0,10,0.25
legacy5,mean_only,0,v12_signal_aggressive_else_strict,8,40,0.013311718968026107,0.0,0.0,0,0,13,0.325
legacy5,mean_only,1,safe_only,8,40,0.0,0.0,0.0,0,0,0,0.0
legacy5,mean_only,1,strict_certificate,8,40,0.0072139089949838035,0.00365598538739072,0.0,0,1,10,0.25
legacy5,mean_only,1,v11_grid_or_profile_strict,8,40,0.0067319935313539525,0.00172832353287132,0.0,0,0,8,0.2
legacy5,mean_only,1,v11_rare_signal_aggressive_else_strict,8,40,0.009651720025634886,0.00172832353287132,0.0,0,0,11,0.275
legacy5,mean_only,1,v12_signal_aggressive_else_strict,8,40,0.013743799851243937,0.00172832353287132,0.0,0,0,14,0.35
legacy5,mean_only,2,safe_only,8,40,0.0,0.0,0.0,0,0,0,0.0
legacy5,mean_only,2,strict_certificate,8,40,0.004366908806805463,0.00172832353287132,-0.01010930052098248,1,4,11,0.275
legacy5,mean_only,2,v11_grid_or_profile_strict,8,40,0.005148655908298423,0.0,0.0,0,0,5,0.125
legacy5,mean_only,2,v11_rare_signal_aggressive_else_strict,8,40,0.008068382402579356,0.0,0.0,0,0,8,0.2
legacy5,mean_only,2,v12_signal_aggressive_else_strict,8,40,0.012160462228188406,0.0,0.0,0,0,11,0.275
legacy5,mean_only,3,safe_only,8,40,0.0,0.0,0.0,0,0,0,0.0
legacy5,mean_only,3,strict_certificate,8,40,0.0027775707579810677,0.00172832353287132,-0.01010930052098248,1,4,12,0.3
legacy5,mean_only,3,v11_grid_or_profile_strict,8,40,0.0035593178594740277,0.0,0.0,0,0,6,0.15
legacy5,mean_only,3,v11_rare_signal_aggressive_else_strict,8,40,0.006479044353754961,0.0,0.0,0,0,9,0.225
legacy5,mean_only,3,v12_signal_aggressive_else_strict,8,40,0.006479044353754961,0.0,0.0,0,0,9,0.225
legacy5,mean_only,5,safe_only,8,40,0.0,0.0,0.0,0,0,0,0.0
legacy5,mean_only,5,strict_certificate,8,40,0.005950246429860993,0.00365598538739072,-0.01010930052098248,1,4,14,0.35
legacy5,mean_only,5,v11_grid_or_profile_strict,8,40,0.0067319935313539525,0.00172832353287132,0.0,0,0,8,0.2
legacy5,mean_only,5,v11_rare_signal_aggressive_else_strict,8,40,0.009651720025634886,0.00172832353287132,0.0,0,0,11,0.275
legacy5,mean_only,5,v12_signal_aggressive_else_strict,8,40,0.013743799851243937,0.00172832353287132,0.0,0,0,14,0.35
legacy5,mean_only,6,safe_only,8,40,0.0,0.0,0.0,0,0,0,0.0
legacy5,mean_only,6,strict_certificate,8,40,0.005468330966231142,0.00172832353287132,-0.01010930052098248,1,3,12,0.3
legacy5,mean_only,6,v11_grid_or_profile_strict,8,40,0.0067319935313539525,0.00172832353287132,0.0,0,0,8,0.2
legacy5,mean_only,6,v11_rare_signal_aggressive_else_strict,8,40,0.009651720025634886,0.00172832353287132,0.0,0,0,11,0.275
legacy5,mean_only,6,v12_signal_aggressive_else_strict,8,40,0.013743799851243937,0.00172832353287132,0.0,0,0,14,0.35
legacy5,mean_only,7,safe_only,8,40,0.0,0.0,0.0,0,0,0,0.0
legacy5,mean_only,7,strict_certificate,8,40,0.005950246429860993,0.00365598538739072,-0.01010930052098248,1,4,14,0.35
legacy5,mean_only,7,v11_grid_or_profile_strict,8,40,0.0067319935313539525,0.00172832353287132,0.0,0,0,8,0.2
legacy5,mean_only,7,v11_rare_signal_aggressive_else_strict,8,40,0.009651720025634886,0.00172832353287132,0.0,0,0,11,0.275
legacy5,mean_only,7,v12_signal_aggressive_else_strict,8,40,0.013743799851243937,0.00172832353287132,0.0,0,0,14,0.35
legacy5,mean_only,9,safe_only,8,40,0.0,0.0,0.0,0,0,0,0.0
legacy5,mean_only,9,strict_certificate,8,40,0.005950246429860993,0.00365598538739072,-0.01010930052098248,1,4,14,0.35
legacy5,mean_only,9,v11_grid_or_profile_strict,8,40,0.0067319935313539525,0.00172832353287132,0.0,0,0,8,0.2
legacy5,mean_only,9,v11_rare_signal_aggressive_else_strict,8,40,0.009651720025634886,0.00172832353287132,0.0,0,0,11,0.275
legacy5,mean_only,9,v12_signal_aggressive_else_strict,8,40,0.013743799851243937,0.00172832353287132,0.0,0,0,14,0.35
legacy5,mean_only,10,safe_only,8,40,0.0,0.0,0.0,0,0,0,0.0
legacy5,mean_only,10,strict_certificate,8,40,0.004406347076660325,0.00172832353287132,-0.01010930052098248,1,4,12,0.3
legacy5,mean_only,10,v11_grid_or_profile_strict,8,40,0.005188094178153285,0.0,0.0,0,0,6,0.15
legacy5,mean_only,10,v11_rare_signal_aggressive_else_strict,8,40,0.005188094178153285,0.0,0.0,0,0,6,0.15
legacy5,mean_only,10,v12_signal_aggressive_else_strict,8,40,0.009280174003762336,0.0,0.0,0,0,9,0.225
legacy5,harm_first,0,safe_only,8,40,0.0,0.0,0.0,0,0,0,0.0
legacy5,harm_first,0,strict_certificate,8,40,0.005518165546643163,0.0019276618545194,-0.01010930052098248,1,4,13,0.325
legacy5,harm_first,0,v11_grid_or_profile_strict,8,40,0.006299912648136122,0.0,0.0,0,0,7,0.175
legacy5,harm_first,0,v11_rare_signal_aggressive_else_strict,8,40,0.009219639142417056,0.0,0.0,0,0,10,0.25
legacy5,harm_first,0,v12_signal_aggressive_else_strict,8,40,0.013311718968026107,0.0,0.0,0,0,13,0.325
legacy5,harm_first,1,safe_only,8,40,0.0,0.0,0.0,0,0,0,0.0
legacy5,harm_first,1,strict_certificate,8,40,0.0072139089949838035,0.00365598538739072,0.0,0,1,10,0.25
legacy5,harm_first,1,v11_grid_or_profile_strict,8,40,0.0067319935313539525,0.00172832353287132,0.0,0,0,8,0.2
legacy5,harm_first,1,v11_rare_signal_aggressive_else_strict,8,40,0.009651720025634886,0.00172832353287132,0.0,0,0,11,0.275
legacy5,harm_first,1,v12_signal_aggressive_else_strict,8,40,0.013743799851243937,0.00172832353287132,0.0,0,0,14,0.35
legacy5,harm_first,2,safe_only,8,40,0.0,0.0,0.0,0,0,0,0.0
legacy5,harm_first,2,strict_certificate,8,40,0.004366908806805463,0.00172832353287132,-0.01010930052098248,1,4,11,0.275
legacy5,harm_first,2,v11_grid_or_profile_strict,8,40,0.005148655908298423,0.0,0.0,0,0,5,0.125
legacy5,harm_first,2,v11_rare_signal_aggressive_else_strict,8,40,0.008068382402579356,0.0,0.0,0,0,8,0.2
legacy5,harm_first,2,v12_signal_aggressive_else_strict,8,40,0.012160462228188406,0.0,0.0,0,0,11,0.275
legacy5,harm_first,3,safe_only,8,40,0.0,0.0,0.0,0,0,0,0.0
legacy5,harm_first,3,strict_certificate,8,40,0.0027775707579810677,0.00172832353287132,-0.01010930052098248,1,4,12,0.3
legacy5,harm_first,3,v11_grid_or_profile_strict,8,40,0.0035593178594740277,0.0,0.0,0,0,6,0.15
legacy5,harm_first,3,v11_rare_signal_aggressive_else_strict,8,40,0.006479044353754961,0.0,0.0,0,0,9,0.225
legacy5,harm_first,3,v12_signal_aggressive_else_strict,8,40,0.006479044353754961,0.0,0.0,0,0,9,0.225
legacy5,harm_first,5,safe_only,8,40,0.0,0.0,0.0,0,0,0,0.0
legacy5,harm_first,5,strict_certificate,8,40,0.005950246429860993,0.00365598538739072,-0.01010930052098248,1,4,14,0.35
legacy5,harm_first,5,v11_grid_or_profile_strict,8,40,0.0067319935313539525,0.00172832353287132,0.0,0,0,8,0.2
legacy5,harm_first,5,v11_rare_signal_aggressive_else_strict,8,40,0.009651720025634886,0.00172832353287132,0.0,0,0,11,0.275
legacy5,harm_first,5,v12_signal_aggressive_else_strict,8,40,0.013743799851243937,0.00172832353287132,0.0,0,0,14,0.35
legacy5,harm_first,6,safe_only,8,40,0.0,0.0,0.0,0,0,0,0.0
legacy5,harm_first,6,strict_certificate,8,40,0.005468330966231142,0.00172832353287132,-0.01010930052098248,1,3,12,0.3
legacy5,harm_first,6,v11_grid_or_profile_strict,8,40,0.0067319935313539525,0.00172832353287132,0.0,0,0,8,0.2
legacy5,harm_first,6,v11_rare_signal_aggressive_else_strict,8,40,0.009651720025634886,0.00172832353287132,0.0,0,0,11,0.275
legacy5,harm_first,6,v12_signal_aggressive_else_strict,8,40,0.013743799851243937,0.00172832353287132,0.0,0,0,14,0.35
legacy5,harm_first,7,safe_only,8,40,0.0,0.0,0.0,0,0,0,0.0
legacy5,harm_first,7,strict_certificate,8,40,0.005950246429860993,0.00365598538739072,-0.01010930052098248,1,4,14,0.35
legacy5,harm_first,7,v11_grid_or_profile_strict,8,40,0.0067319935313539525,0.00172832353287132,0.0,0,0,8,0.2
legacy5,harm_first,7,v11_rare_signal_aggressive_else_strict,8,40,0.009651720025634886,0.00172832353287132,0.0,0,0,11,0.275
legacy5,harm_first,7,v12_signal_aggressive_else_strict,8,40,0.013743799851243937,0.00172832353287132,0.0,0,0,14,0.35
legacy5,harm_first,9,safe_only,8,40,0.0,0.0,0.0,0,0,0,0.0
legacy5,harm_first,9,strict_certificate,8,40,0.005950246429860993,0.00365598538739072,-0.01010930052098248,1,4,14,0.35
legacy5,harm_first,9,v11_grid_or_profile_strict,8,40,0.0067319935313539525,0.00172832353287132,0.0,0,0,8,0.2
legacy5,harm_first,9,v11_rare_signal_aggressive_else_strict,8,40,0.009651720025634886,0.00172832353287132,0.0,0,0,11,0.275
legacy5,harm_first,9,v12_signal_aggressive_else_strict,8,40,0.013743799851243937,0.00172832353287132,0.0,0,0,14,0.35
legacy5,harm_first,10,safe_only,8,40,0.0,0.0,0.0,0,0,0,0.0
legacy5,harm_first,10,strict_certificate,8,40,0.004406347076660325,0.00172832353287132,-0.01010930052098248,1,4,12,0.3
legacy5,harm_first,10,v11_grid_or_profile_strict,8,40,0.005188094178153285,0.0,0.0,0,0,6,0.15
legacy5,harm_first,10,v11_rare_signal_aggressive_else_strict,8,40,0.005188094178153285,0.0,0.0,0,0,6,0.15
legacy5,harm_first,10,v12_signal_aggressive_else_strict,8,40,0.009280174003762336,0.0,0.0,0,0,9,0.225
nested7_veto,conservative,0,reference_only,8,40,0.0,0.0,0.0,0,0,0,0.0
nested7_veto,conservative,0,validation_best,8,40,0.008530489560124952,0.00399820451908666,-0.03409242041061702,3,13,40,1.0
nested7_veto,conservative,0,gain0_fpr0,8,40,0.008902087495007139,0.0023561099825386,-0.01010930052098248,2,5,20,0.5
nested7_veto,conservative,0,gain005_fpr0,8,40,0.007446087395072836,0.0020007843613415698,-0.01010930052098248,2,5,18,0.45
nested7_veto,conservative,0,gain01_fpr01,8,40,0.0046433204898019085,0.00236287954136374,-0.010666526119912739,2,5,16,0.4
nested7_veto,conservative,0,positive_gain0_fpr01,8,40,0.00971579082855887,0.0023561099825386,-0.01024234948280572,2,6,24,0.6
nested7_veto,conservative,0,positive_tstr_gain0,8,40,0.00971579082855887,0.0023561099825386,-0.01024234948280572,2,6,24,0.6
nested7_veto,conservative,1,reference_only,8,40,0.0,0.0,0.0,0,0,0,0.0
nested7_veto,conservative,1,validation_best,8,40,0.010408189013275794,0.00752861519247843,-0.03409242041061702,2,11,40,1.0
nested7_veto,conservative,1,gain0_fpr0,8,40,0.01141096069206755,0.006908504382269811,-0.00470441774857154,1,3,20,0.5
nested7_veto,conservative,1,gain005_fpr0,8,40,0.009232460559607133,0.00401850425216535,-0.00470441774857154,1,3,17,0.425
nested7_veto,conservative,1,gain01_fpr01,8,40,0.006711936009593628,0.0053040785605742505,-0.01024234948280572,1,2,15,0.375
nested7_veto,conservative,1,positive_gain0_fpr01,8,40,0.01222466402561928,0.006908504382269811,-0.01024234948280572,1,4,24,0.6
nested7_veto,conservative,1,positive_tstr_gain0,8,40,0.01222466402561928,0.006908504382269811,-0.01024234948280572,1,4,24,0.6
nested7_veto,conservative,2,reference_only,8,40,0.0,0.0,0.0,0,0,0,0.0
nested7_veto,conservative,2,validation_best,8,40,0.008049709710512424,0.00399820451908666,-0.03409242041061702,3,13,40,1.0
nested7_veto,conservative,2,gain0_fpr0,8,40,0.00856396050388921,0.0023561099825386,-0.01010930052098248,2,6,21,0.525
nested7_veto,conservative,2,gain005_fpr0,8,40,0.006385460371428793,0.0020007843613415698,-0.01010930052098248,2,6,18,0.45
nested7_veto,conservative,2,gain01_fpr01,8,40,0.003428985214884348,0.00236287954136374,-0.010666526119912739,2,5,14,0.35
nested7_veto,conservative,2,positive_gain0_fpr01,8,40,0.009011366430776283,0.0023561099825386,-0.01024234948280572,2,7,24,0.6
nested7_veto,conservative,2,positive_tstr_gain0,8,40,0.009011366430776283,0.0023561099825386,-0.01024234948280572,2,7,24,0.6
nested7_veto,conservative,3,reference_only,8,40,0.0,0.0,0.0,0,0,0,0.0
nested7_veto,conservative,3,validation_best,8,40,0.002562210668825218,0.00399820451908666,-0.03409242041061702,3,14,40,1.0
nested7_veto,conservative,3,gain0_fpr0,8,40,0.004889839420748786,0.0023561099825386,-0.01010930052098248,2,6,21,0.525
nested7_veto,conservative,3,gain005_fpr0,8,40,0.0027113392882883672,0.0020007843613415698,-0.01010930052098248,2,6,18,0.45
nested7_veto,conservative,3,gain01_fpr01,8,40,0.0022059445727246104,0.00236287954136374,-0.010666526119912739,2,5,16,0.4
nested7_veto,conservative,3,positive_gain0_fpr01,8,40,0.005703542754300516,0.0023561099825386,-0.01024234948280572,2,7,25,0.625
nested7_veto,conservative,3,positive_tstr_gain0,8,40,0.005703542754300516,0.0023561099825386,-0.01024234948280572,2,7,25,0.625
nested7_veto,conservative,5,reference_only,8,40,0.0,0.0,0.0,0,0,0,0.0
nested7_veto,conservative,5,validation_best,8,40,0.010958890138444527,0.00752861519247843,-0.03409242041061702,2,12,40,1.0
nested7_veto,conservative,5,gain0_fpr0,8,40,0.010735350345516183,0.006908504382269811,-0.01010930052098248,1,5,22,0.55
nested7_veto,conservative,5,gain005_fpr0,8,40,0.008556850213055765,0.00401850425216535,-0.01010930052098248,1,5,19,0.475
nested7_veto,conservative,5,gain01_fpr01,8,40,0.006658913929955251,0.0053040785605742505,-0.010666526119912739,1,3,14,0.35
nested7_veto,conservative,5,positive_gain0_fpr01,8,40,0.012241295145847188,0.006908504382269811,-0.01010930052098248,1,5,24,0.6
nested7_veto,conservative,5,positive_tstr_gain0,8,40,0.012241295145847188,0.006908504382269811,-0.01010930052098248,1,5,24,0.6
nested7_veto,conservative,6,reference_only,8,40,0.0,0.0,0.0,0,0,0,0.0
nested7_veto,conservative,6,validation_best,8,40,0.00924128897438383,0.00684140217612217,-0.03409242041061702,3,11,40,1.0
nested7_veto,conservative,6,gain0_fpr0,8,40,0.009665382663314891,0.00540929065576961,-0.01010930052098248,2,5,22,0.55
nested7_veto,conservative,6,gain005_fpr0,8,40,0.007486882530854472,0.0021639649044681197,-0.01010930052098248,2,5,19,0.475
nested7_veto,conservative,6,gain01_fpr01,8,40,0.004787900359263601,0.00294119901921051,-0.010666526119912739,2,5,17,0.425
nested7_veto,conservative,6,positive_gain0_fpr01,8,40,0.010479085996866621,0.00540929065576961,-0.01024234948280572,2,6,26,0.65
nested7_veto,conservative,6,positive_tstr_gain0,8,40,0.010479085996866621,0.00540929065576961,-0.01024234948280572,2,6,26,0.65
nested7_veto,conservative,7,reference_only,8,40,0.0,0.0,0.0,0,0,0,0.0
nested7_veto,conservative,7,validation_best,8,40,0.014088518717641323,0.00752861519247843,-0.009055391777042659,2,10,40,1.0
nested7_veto,conservative,7,gain0_fpr0,8,40,0.010147298126944742,0.006908504382269811,-0.01010930052098248,2,6,24,0.6
nested7_veto,conservative,7,gain005_fpr0,8,40,0.007968797994484323,0.00401850425216535,-0.01010930052098248,2,6,21,0.525
nested7_veto,conservative,7,gain01_fpr01,8,40,0.005378620244604536,0.0053040785605742505,-0.010666526119912739,2,5,18,0.45
nested7_veto,conservative,7,positive_gain0_fpr01,8,40,0.010961001460496472,0.006908504382269811,-0.01024234948280572,2,7,28,0.7
nested7_veto,conservative,7,positive_tstr_gain0,8,40,0.010961001460496472,0.006908504382269811,-0.01024234948280572,2,7,28,0.7
nested7_veto,conservative,9,reference_only,8,40,0.0,0.0,0.0,0,0,0,0.0
nested7_veto,conservative,9,validation_best,8,40,0.009413092228472895,0.00752861519247843,-0.03409242041061702,3,14,40,1.0
nested7_veto,conservative,9,gain0_fpr0,8,40,0.010040186094939941,0.006908504382269811,-0.01010930052098248,2,6,22,0.55
nested7_veto,conservative,9,gain005_fpr0,8,40,0.00795051736777878,0.00401850425216535,-0.01010930052098248,2,6,20,0.5
nested7_veto,conservative,9,gain01_fpr01,8,40,0.005378620244604536,0.0053040785605742505,-0.010666526119912739,2,5,18,0.45
nested7_veto,conservative,9,positive_gain0_fpr01,8,40,0.010853889428491671,0.006908504382269811,-0.01024234948280572,2,7,26,0.65
nested7_veto,conservative,9,positive_tstr_gain0,8,40,0.010853889428491671,0.006908504382269811,-0.01024234948280572,2,7,26,0.65
nested7_veto,conservative,10,reference_only,8,40,0.0,0.0,0.0,0,0,0,0.0
nested7_veto,conservative,10,validation_best,8,40,0.005363340318832595,0.00399820451908666,-0.03409242041061702,3,14,40,1.0
nested7_veto,conservative,10,gain0_fpr0,8,40,0.006823319673129486,0.0023561099825386,-0.01010930052098248,2,6,20,0.5
nested7_veto,conservative,10,gain005_fpr0,8,40,0.006011988235304112,0.0020007843613415698,-0.01010930052098248,2,6,18,0.45
nested7_veto,conservative,10,gain01_fpr01,8,40,0.0038347208914038685,0.00236287954136374,-0.010666526119912739,2,5,16,0.4
nested7_veto,conservative,10,positive_gain0_fpr01,8,40,0.006497375613014871,0.0023561099825386,-0.01024234948280572,2,7,23,0.575
nested7_veto,conservative,10,positive_tstr_gain0,8,40,0.006497375613014871,0.0023561099825386,-0.01024234948280572,2,7,23,0.575
nested7_veto,mean_only,0,reference_only,8,40,0.0,0.0,0.0,0,0,0,0.0
nested7_veto,mean_only,0,validation_best,8,40,0.008530489560124952,0.00399820451908666,-0.03409242041061702,3,13,40,1.0
nested7_veto,mean_only,0,gain0_fpr0,8,40,0.008902087495007139,0.0023561099825386,-0.01010930052098248,2,5,20,0.5
nested7_veto,mean_only,0,gain005_fpr0,8,40,0.007446087395072836,0.0020007843613415698,-0.01010930052098248,2,5,18,0.45
nested7_veto,mean_only,0,gain01_fpr01,8,40,0.0046433204898019085,0.00236287954136374,-0.010666526119912739,2,5,16,0.4
nested7_veto,mean_only,0,positive_gain0_fpr01,8,40,0.00971579082855887,0.0023561099825386,-0.01024234948280572,2,6,24,0.6
nested7_veto,mean_only,0,positive_tstr_gain0,8,40,0.00971579082855887,0.0023561099825386,-0.01024234948280572,2,6,24,0.6
nested7_veto,mean_only,1,reference_only,8,40,0.0,0.0,0.0,0,0,0,0.0
nested7_veto,mean_only,1,validation_best,8,40,0.010408189013275794,0.00752861519247843,-0.03409242041061702,2,11,40,1.0
nested7_veto,mean_only,1,gain0_fpr0,8,40,0.01141096069206755,0.006908504382269811,-0.00470441774857154,1,3,20,0.5
nested7_veto,mean_only,1,gain005_fpr0,8,40,0.009232460559607133,0.00401850425216535,-0.00470441774857154,1,3,17,0.425
nested7_veto,mean_only,1,gain01_fpr01,8,40,0.006711936009593628,0.0053040785605742505,-0.01024234948280572,1,2,15,0.375
nested7_veto,mean_only,1,positive_gain0_fpr01,8,40,0.01222466402561928,0.006908504382269811,-0.01024234948280572,1,4,24,0.6
nested7_veto,mean_only,1,positive_tstr_gain0,8,40,0.01222466402561928,0.006908504382269811,-0.01024234948280572,1,4,24,0.6
nested7_veto,mean_only,2,reference_only,8,40,0.0,0.0,0.0,0,0,0,0.0
nested7_veto,mean_only,2,validation_best,8,40,0.008049709710512424,0.00399820451908666,-0.03409242041061702,3,13,40,1.0
nested7_veto,mean_only,2,gain0_fpr0,8,40,0.00856396050388921,0.0023561099825386,-0.01010930052098248,2,6,21,0.525
nested7_veto,mean_only,2,gain005_fpr0,8,40,0.006385460371428793,0.0020007843613415698,-0.01010930052098248,2,6,18,0.45
nested7_veto,mean_only,2,gain01_fpr01,8,40,0.003428985214884348,0.00236287954136374,-0.010666526119912739,2,5,14,0.35
nested7_veto,mean_only,2,positive_gain0_fpr01,8,40,0.009011366430776283,0.0023561099825386,-0.01024234948280572,2,7,24,0.6
nested7_veto,mean_only,2,positive_tstr_gain0,8,40,0.009011366430776283,0.0023561099825386,-0.01024234948280572,2,7,24,0.6
nested7_veto,mean_only,3,reference_only,8,40,0.0,0.0,0.0,0,0,0,0.0
nested7_veto,mean_only,3,validation_best,8,40,0.002562210668825218,0.00399820451908666,-0.03409242041061702,3,14,40,1.0
nested7_veto,mean_only,3,gain0_fpr0,8,40,0.004889839420748786,0.0023561099825386,-0.01010930052098248,2,6,21,0.525
nested7_veto,mean_only,3,gain005_fpr0,8,40,0.0027113392882883672,0.0020007843613415698,-0.01010930052098248,2,6,18,0.45
nested7_veto,mean_only,3,gain01_fpr01,8,40,0.0022059445727246104,0.00236287954136374,-0.010666526119912739,2,5,16,0.4
nested7_veto,mean_only,3,positive_gain0_fpr01,8,40,0.005703542754300516,0.0023561099825386,-0.01024234948280572,2,7,25,0.625
nested7_veto,mean_only,3,positive_tstr_gain0,8,40,0.005703542754300516,0.0023561099825386,-0.01024234948280572,2,7,25,0.625
nested7_veto,mean_only,5,reference_only,8,40,0.0,0.0,0.0,0,0,0,0.0
nested7_veto,mean_only,5,validation_best,8,40,0.010958890138444527,0.00752861519247843,-0.03409242041061702,2,12,40,1.0
nested7_veto,mean_only,5,gain0_fpr0,8,40,0.010735350345516183,0.006908504382269811,-0.01010930052098248,1,5,22,0.55
nested7_veto,mean_only,5,gain005_fpr0,8,40,0.008556850213055765,0.00401850425216535,-0.01010930052098248,1,5,19,0.475
nested7_veto,mean_only,5,gain01_fpr01,8,40,0.006658913929955251,0.0053040785605742505,-0.010666526119912739,1,3,14,0.35
nested7_veto,mean_only,5,positive_gain0_fpr01,8,40,0.012241295145847188,0.006908504382269811,-0.01010930052098248,1,5,24,0.6
nested7_veto,mean_only,5,positive_tstr_gain0,8,40,0.012241295145847188,0.006908504382269811,-0.01010930052098248,1,5,24,0.6
nested7_veto,mean_only,6,reference_only,8,40,0.0,0.0,0.0,0,0,0,0.0
nested7_veto,mean_only,6,validation_best,8,40,0.00924128897438383,0.00684140217612217,-0.03409242041061702,3,11,40,1.0
nested7_veto,mean_only,6,gain0_fpr0,8,40,0.009665382663314891,0.00540929065576961,-0.01010930052098248,2,5,22,0.55
nested7_veto,mean_only,6,gain005_fpr0,8,40,0.007486882530854472,0.0021639649044681197,-0.01010930052098248,2,5,19,0.475
nested7_veto,mean_only,6,gain01_fpr01,8,40,0.004787900359263601,0.00294119901921051,-0.010666526119912739,2,5,17,0.425
nested7_veto,mean_only,6,positive_gain0_fpr01,8,40,0.010479085996866621,0.00540929065576961,-0.01024234948280572,2,6,26,0.65
nested7_veto,mean_only,6,positive_tstr_gain0,8,40,0.010479085996866621,0.00540929065576961,-0.01024234948280572,2,6,26,0.65
nested7_veto,mean_only,7,reference_only,8,40,0.0,0.0,0.0,0,0,0,0.0
nested7_veto,mean_only,7,validation_best,8,40,0.014088518717641323,0.00752861519247843,-0.009055391777042659,2,10,40,1.0
nested7_veto,mean_only,7,gain0_fpr0,8,40,0.010147298126944742,0.006908504382269811,-0.01010930052098248,2,6,24,0.6
nested7_veto,mean_only,7,gain005_fpr0,8,40,0.007968797994484323,0.00401850425216535,-0.01010930052098248,2,6,21,0.525
nested7_veto,mean_only,7,gain01_fpr01,8,40,0.005378620244604536,0.0053040785605742505,-0.010666526119912739,2,5,18,0.45
nested7_veto,mean_only,7,positive_gain0_fpr01,8,40,0.010961001460496472,0.006908504382269811,-0.01024234948280572,2,7,28,0.7
nested7_veto,mean_only,7,positive_tstr_gain0,8,40,0.010961001460496472,0.006908504382269811,-0.01024234948280572,2,7,28,0.7
nested7_veto,mean_only,9,reference_only,8,40,0.0,0.0,0.0,0,0,0,0.0
nested7_veto,mean_only,9,validation_best,8,40,0.009413092228472895,0.00752861519247843,-0.03409242041061702,3,14,40,1.0
nested7_veto,mean_only,9,gain0_fpr0,8,40,0.010040186094939941,0.006908504382269811,-0.01010930052098248,2,6,22,0.55
nested7_veto,mean_only,9,gain005_fpr0,8,40,0.00795051736777878,0.00401850425216535,-0.01010930052098248,2,6,20,0.5
nested7_veto,mean_only,9,gain01_fpr01,8,40,0.005378620244604536,0.0053040785605742505,-0.010666526119912739,2,5,18,0.45
nested7_veto,mean_only,9,positive_gain0_fpr01,8,40,0.010853889428491671,0.006908504382269811,-0.01024234948280572,2,7,26,0.65
nested7_veto,mean_only,9,positive_tstr_gain0,8,40,0.010853889428491671,0.006908504382269811,-0.01024234948280572,2,7,26,0.65
nested7_veto,mean_only,10,reference_only,8,40,0.0,0.0,0.0,0,0,0,0.0
nested7_veto,mean_only,10,validation_best,8,40,0.005363340318832595,0.00399820451908666,-0.03409242041061702,3,14,40,1.0
nested7_veto,mean_only,10,gain0_fpr0,8,40,0.006823319673129486,0.0023561099825386,-0.01010930052098248,2,6,20,0.5
nested7_veto,mean_only,10,gain005_fpr0,8,40,0.006011988235304112,0.0020007843613415698,-0.01010930052098248,2,6,18,0.45
nested7_veto,mean_only,10,gain01_fpr01,8,40,0.0038347208914038685,0.00236287954136374,-0.010666526119912739,2,5,16,0.4
nested7_veto,mean_only,10,positive_gain0_fpr01,8,40,0.006497375613014871,0.0023561099825386,-0.01024234948280572,2,7,23,0.575
nested7_veto,mean_only,10,positive_tstr_gain0,8,40,0.006497375613014871,0.0023561099825386,-0.01024234948280572,2,7,23,0.575
nested7_veto,harm_first,0,reference_only,8,40,0.0,0.0,0.0,0,0,0,0.0
nested7_veto,harm_first,0,validation_best,8,40,0.008530489560124952,0.00399820451908666,-0.03409242041061702,3,13,40,1.0
nested7_veto,harm_first,0,gain0_fpr0,8,40,0.008902087495007139,0.0023561099825386,-0.01010930052098248,2,5,20,0.5
nested7_veto,harm_first,0,gain005_fpr0,8,40,0.007446087395072836,0.0020007843613415698,-0.01010930052098248,2,5,18,0.45
nested7_veto,harm_first,0,gain01_fpr01,8,40,0.0046433204898019085,0.00236287954136374,-0.010666526119912739,2,5,16,0.4
nested7_veto,harm_first,0,positive_gain0_fpr01,8,40,0.00971579082855887,0.0023561099825386,-0.01024234948280572,2,6,24,0.6
nested7_veto,harm_first,0,positive_tstr_gain0,8,40,0.00971579082855887,0.0023561099825386,-0.01024234948280572,2,6,24,0.6
nested7_veto,harm_first,1,reference_only,8,40,0.0,0.0,0.0,0,0,0,0.0
nested7_veto,harm_first,1,validation_best,8,40,0.010408189013275794,0.00752861519247843,-0.03409242041061702,2,11,40,1.0
nested7_veto,harm_first,1,gain0_fpr0,8,40,0.01141096069206755,0.006908504382269811,-0.00470441774857154,1,3,20,0.5
nested7_veto,harm_first,1,gain005_fpr0,8,40,0.009232460559607133,0.00401850425216535,-0.00470441774857154,1,3,17,0.425
nested7_veto,harm_first,1,gain01_fpr01,8,40,0.006711936009593628,0.0053040785605742505,-0.01024234948280572,1,2,15,0.375
nested7_veto,harm_first,1,positive_gain0_fpr01,8,40,0.01222466402561928,0.006908504382269811,-0.01024234948280572,1,4,24,0.6
nested7_veto,harm_first,1,positive_tstr_gain0,8,40,0.01222466402561928,0.006908504382269811,-0.01024234948280572,1,4,24,0.6
nested7_veto,harm_first,2,reference_only,8,40,0.0,0.0,0.0,0,0,0,0.0
nested7_veto,harm_first,2,validation_best,8,40,0.008049709710512424,0.00399820451908666,-0.03409242041061702,3,13,40,1.0
nested7_veto,harm_first,2,gain0_fpr0,8,40,0.00856396050388921,0.0023561099825386,-0.01010930052098248,2,6,21,0.525
nested7_veto,harm_first,2,gain005_fpr0,8,40,0.006385460371428793,0.0020007843613415698,-0.01010930052098248,2,6,18,0.45
nested7_veto,harm_first,2,gain01_fpr01,8,40,0.003428985214884348,0.00236287954136374,-0.010666526119912739,2,5,14,0.35
nested7_veto,harm_first,2,positive_gain0_fpr01,8,40,0.009011366430776283,0.0023561099825386,-0.01024234948280572,2,7,24,0.6
nested7_veto,harm_first,2,positive_tstr_gain0,8,40,0.009011366430776283,0.0023561099825386,-0.01024234948280572,2,7,24,0.6
nested7_veto,harm_first,3,reference_only,8,40,0.0,0.0,0.0,0,0,0,0.0
nested7_veto,harm_first,3,validation_best,8,40,0.002562210668825218,0.00399820451908666,-0.03409242041061702,3,14,40,1.0
nested7_veto,harm_first,3,gain0_fpr0,8,40,0.004889839420748786,0.0023561099825386,-0.01010930052098248,2,6,21,0.525
nested7_veto,harm_first,3,gain005_fpr0,8,40,0.0027113392882883672,0.0020007843613415698,-0.01010930052098248,2,6,18,0.45
nested7_veto,harm_first,3,gain01_fpr01,8,40,0.0022059445727246104,0.00236287954136374,-0.010666526119912739,2,5,16,0.4
nested7_veto,harm_first,3,positive_gain0_fpr01,8,40,0.005703542754300516,0.0023561099825386,-0.01024234948280572,2,7,25,0.625
nested7_veto,harm_first,3,positive_tstr_gain0,8,40,0.005703542754300516,0.0023561099825386,-0.01024234948280572,2,7,25,0.625
nested7_veto,harm_first,5,reference_only,8,40,0.0,0.0,0.0,0,0,0,0.0
nested7_veto,harm_first,5,validation_best,8,40,0.010958890138444527,0.00752861519247843,-0.03409242041061702,2,12,40,1.0
nested7_veto,harm_first,5,gain0_fpr0,8,40,0.010735350345516183,0.006908504382269811,-0.01010930052098248,1,5,22,0.55
nested7_veto,harm_first,5,gain005_fpr0,8,40,0.008556850213055765,0.00401850425216535,-0.01010930052098248,1,5,19,0.475
nested7_veto,harm_first,5,gain01_fpr01,8,40,0.006658913929955251,0.0053040785605742505,-0.010666526119912739,1,3,14,0.35
nested7_veto,harm_first,5,positive_gain0_fpr01,8,40,0.012241295145847188,0.006908504382269811,-0.01010930052098248,1,5,24,0.6
nested7_veto,harm_first,5,positive_tstr_gain0,8,40,0.012241295145847188,0.006908504382269811,-0.01010930052098248,1,5,24,0.6
nested7_veto,harm_first,6,reference_only,8,40,0.0,0.0,0.0,0,0,0,0.0
nested7_veto,harm_first,6,validation_best,8,40,0.00924128897438383,0.00684140217612217,-0.03409242041061702,3,11,40,1.0
nested7_veto,harm_first,6,gain0_fpr0,8,40,0.009665382663314891,0.00540929065576961,-0.01010930052098248,2,5,22,0.55
nested7_veto,harm_first,6,gain005_fpr0,8,40,0.007486882530854472,0.0021639649044681197,-0.01010930052098248,2,5,19,0.475
nested7_veto,harm_first,6,gain01_fpr01,8,40,0.004787900359263601,0.00294119901921051,-0.010666526119912739,2,5,17,0.425
nested7_veto,harm_first,6,positive_gain0_fpr01,8,40,0.010479085996866621,0.00540929065576961,-0.01024234948280572,2,6,26,0.65
nested7_veto,harm_first,6,positive_tstr_gain0,8,40,0.010479085996866621,0.00540929065576961,-0.01024234948280572,2,6,26,0.65
nested7_veto,harm_first,7,reference_only,8,40,0.0,0.0,0.0,0,0,0,0.0
nested7_veto,harm_first,7,validation_best,8,40,0.014088518717641323,0.00752861519247843,-0.009055391777042659,2,10,40,1.0
nested7_veto,harm_first,7,gain0_fpr0,8,40,0.010147298126944742,0.006908504382269811,-0.01010930052098248,2,6,24,0.6
nested7_veto,harm_first,7,gain005_fpr0,8,40,0.007968797994484323,0.00401850425216535,-0.01010930052098248,2,6,21,0.525
nested7_veto,harm_first,7,gain01_fpr01,8,40,0.005378620244604536,0.0053040785605742505,-0.010666526119912739,2,5,18,0.45
nested7_veto,harm_first,7,positive_gain0_fpr01,8,40,0.010961001460496472,0.006908504382269811,-0.01024234948280572,2,7,28,0.7
nested7_veto,harm_first,7,positive_tstr_gain0,8,40,0.010961001460496472,0.006908504382269811,-0.01024234948280572,2,7,28,0.7
nested7_veto,harm_first,9,reference_only,8,40,0.0,0.0,0.0,0,0,0,0.0
nested7_veto,harm_first,9,validation_best,8,40,0.009413092228472895,0.00752861519247843,-0.03409242041061702,3,14,40,1.0
nested7_veto,harm_first,9,gain0_fpr0,8,40,0.010040186094939941,0.006908504382269811,-0.01010930052098248,2,6,22,0.55
nested7_veto,harm_first,9,gain005_fpr0,8,40,0.00795051736777878,0.00401850425216535,-0.01010930052098248,2,6,20,0.5
nested7_veto,harm_first,9,gain01_fpr01,8,40,0.005378620244604536,0.0053040785605742505,-0.010666526119912739,2,5,18,0.45
nested7_veto,harm_first,9,positive_gain0_fpr01,8,40,0.010853889428491671,0.006908504382269811,-0.01024234948280572,2,7,26,0.65
nested7_veto,harm_first,9,positive_tstr_gain0,8,40,0.010853889428491671,0.006908504382269811,-0.01024234948280572,2,7,26,0.65
nested7_veto,harm_first,10,reference_only,8,40,0.0,0.0,0.0,0,0,0,0.0
nested7_veto,harm_first,10,validation_best,8,40,0.005363340318832595,0.00399820451908666,-0.03409242041061702,3,14,40,1.0
nested7_veto,harm_first,10,gain0_fpr0,8,40,0.006823319673129486,0.0023561099825386,-0.01010930052098248,2,6,20,0.5
nested7_veto,harm_first,10,gain005_fpr0,8,40,0.006011988235304112,0.0020007843613415698,-0.01010930052098248,2,6,18,0.45
nested7_veto,harm_first,10,gain01_fpr01,8,40,0.0038347208914038685,0.00236287954136374,-0.010666526119912739,2,5,16,0.4
nested7_veto,harm_first,10,positive_gain0_fpr01,8,40,0.006497375613014871,0.0023561099825386,-0.01024234948280572,2,7,23,0.575
nested7_veto,harm_first,10,positive_tstr_gain0,8,40,0.006497375613014871,0.0023561099825386,-0.01024234948280572,2,7,23,0.575
