family,objective,heldout_task_id,chosen_gate,heldout_n_tasks,heldout_n_rows,heldout_task_macro_mean_delta,heldout_task_median_delta,heldout_minimum_task_mean_delta,heldout_negative_task_count,heldout_negative_row_count,heldout_hybrid_selection_count,heldout_coverage
legacy5,conservative,0,v12_signal_aggressive_else_strict,1,5,0.00345664706574264,0.00345664706574264,0.00345664706574264,0,0,1,0.2
legacy5,conservative,1,v12_signal_aggressive_else_strict,1,5,0.0,0.0,0.0,0,0,0,0.0
legacy5,conservative,2,v12_signal_aggressive_else_strict,1,5,0.012666700984444241,0.012666700984444241,0.012666700984444241,0,0,3,0.6
legacy5,conservative,3,v11_rare_signal_aggressive_else_strict,1,5,0.0253814053750394,0.0253814053750394,0.0253814053750394,0,0,2,0.4
legacy5,conservative,5,v12_signal_aggressive_else_strict,1,5,0.0,0.0,0.0,0,0,0,0.0
legacy5,conservative,6,v12_signal_aggressive_else_strict,1,5,0.0,0.0,0.0,0,0,0,0.0
legacy5,conservative,7,v12_signal_aggressive_else_strict,1,5,0.0,0.0,0.0,0,0,0,0.0
legacy5,conservative,9,v12_signal_aggressive_else_strict,1,5,0.0,0.0,0.0,0,0,0,0.0
legacy5,conservative,10,v12_signal_aggressive_else_strict,1,5,0.0357090067798528,0.0357090067798528,0.0357090067798528,0,0,5,1.0
legacy5,mean_only,0,v12_signal_aggressive_else_strict,1,5,0.00345664706574264,0.00345664706574264,0.00345664706574264,0,0,1,0.2
legacy5,mean_only,1,v12_signal_aggressive_else_strict,1,5,0.0,0.0,0.0,0,0,0,0.0
legacy5,mean_only,2,v12_signal_aggressive_else_strict,1,5,0.012666700984444241,0.012666700984444241,0.012666700984444241,0,0,3,0.6
legacy5,mean_only,3,v11_rare_signal_aggressive_else_strict,1,5,0.0253814053750394,0.0253814053750394,0.0253814053750394,0,0,2,0.4
legacy5,mean_only,5,v12_signal_aggressive_else_strict,1,5,0.0,0.0,0.0,0,0,0,0.0
legacy5,mean_only,6,v12_signal_aggressive_else_strict,1,5,0.0,0.0,0.0,0,0,0,0.0
legacy5,mean_only,7,v12_signal_aggressive_else_strict,1,5,0.0,0.0,0.0,0,0,0,0.0
legacy5,mean_only,9,v12_signal_aggressive_else_strict,1,5,0.0,0.0,0.0,0,0,0,0.0
legacy5,mean_only,10,v12_signal_aggressive_else_strict,1,5,0.0357090067798528,0.0357090067798528,0.0357090067798528,0,0,5,1.0
legacy5,harm_first,0,v12_signal_aggressive_else_strict,1,5,0.00345664706574264,0.00345664706574264,0.00345664706574264,0,0,1,0.2
legacy5,harm_first,1,v12_signal_aggressive_else_strict,1,5,0.0,0.0,0.0,0,0,0,0.0
legacy5,harm_first,2,v12_signal_aggressive_else_strict,1,5,0.012666700984444241,0.012666700984444241,0.012666700984444241,0,0,3,0.6
legacy5,harm_first,3,v11_rare_signal_aggressive_else_strict,1,5,0.0253814053750394,0.0253814053750394,0.0253814053750394,0,0,2,0.4
legacy5,harm_first,5,v12_signal_aggressive_else_strict,1,5,0.0,0.0,0.0,0,0,0,0.0
legacy5,harm_first,6,v12_signal_aggressive_else_strict,1,5,0.0,0.0,0.0,0,0,0,0.0
legacy5,harm_first,7,v12_signal_aggressive_else_strict,1,5,0.0,0.0,0.0,0,0,0,0.0
legacy5,harm_first,9,v12_signal_aggressive_else_strict,1,5,0.0,0.0,0.0,0,0,0,0.0
legacy5,harm_first,10,v12_signal_aggressive_else_strict,1,5,0.0357090067798528,0.0357090067798528,0.0357090067798528,0,0,5,1.0
nested7_veto,conservative,0,reference_only,1,5,0.0,0.0,0.0,0,0,0,0.0
nested7_veto,conservative,1,reference_only,1,5,0.0,0.0,0.0,0,0,0,0.0
nested7_veto,conservative,2,reference_only,1,5,0.0,0.0,0.0,0,0,0,0.0
nested7_veto,conservative,3,reference_only,1,5,0.0,0.0,0.0,0,0,0,0.0
nested7_veto,conservative,5,reference_only,1,5,0.0,0.0,0.0,0,0,0,0.0
nested7_veto,conservative,6,reference_only,1,5,0.0,0.0,0.0,0,0,0,0.0
nested7_veto,conservative,7,reference_only,1,5,0.0,0.0,0.0,0,0,0,0.0
nested7_veto,conservative,9,reference_only,1,5,0.0,0.0,0.0,0,0,0,0.0
nested7_veto,conservative,10,reference_only,1,5,0.0,0.0,0.0,0,0,0,0.0
nested7_veto,mean_only,0,positive_gain0_fpr01,1,5,0.00996168505550082,0.00996168505550082,0.00996168505550082,0,1,4,0.8
nested7_veto,mean_only,1,positive_gain0_fpr01,1,5,-0.01010930052098248,-0.01010930052098248,-0.01010930052098248,1,3,4,0.8
nested7_veto,mean_only,2,positive_gain0_fpr01,1,5,0.0155970802377615,0.0155970802377615,0.0155970802377615,0,0,4,0.8
nested7_veto,mean_only,3,positive_gain0_fpr01,1,5,0.042059669649567644,0.042059669649567644,0.042059669649567644,0,0,3,0.6
nested7_veto,mean_only,5,positive_gain0_fpr01,1,5,-0.01024234948280572,-0.01024234948280572,-0.01024234948280572,1,2,4,0.8
nested7_veto,mean_only,6,positive_gain0_fpr01,1,5,0.0038553237090388,0.0038553237090388,0.0038553237090388,0,1,2,0.4
nested7_veto,mean_only,7,validation_best,1,5,-0.03409242041061702,-0.03409242041061702,-0.03409242041061702,1,4,5,1.0
nested7_veto,mean_only,9,positive_gain0_fpr01,1,5,0.0008568962560384001,0.0008568962560384001,0.0008568962560384001,0,0,2,0.4
nested7_veto,mean_only,10,gain0_fpr0,1,5,0.026591827630522043,0.026591827630522043,0.026591827630522043,0,0,4,0.8
nested7_veto,harm_first,0,reference_only,1,5,0.0,0.0,0.0,0,0,0,0.0
nested7_veto,harm_first,1,reference_only,1,5,0.0,0.0,0.0,0,0,0,0.0
nested7_veto,harm_first,2,reference_only,1,5,0.0,0.0,0.0,0,0,0,0.0
nested7_veto,harm_first,3,reference_only,1,5,0.0,0.0,0.0,0,0,0,0.0
nested7_veto,harm_first,5,reference_only,1,5,0.0,0.0,0.0,0,0,0,0.0
nested7_veto,harm_first,6,reference_only,1,5,0.0,0.0,0.0,0,0,0,0.0
nested7_veto,harm_first,7,reference_only,1,5,0.0,0.0,0.0,0,0,0,0.0
nested7_veto,harm_first,9,reference_only,1,5,0.0,0.0,0.0,0,0,0,0.0
nested7_veto,harm_first,10,reference_only,1,5,0.0,0.0,0.0,0,0,0,0.0
