task_id,grid,mode,n_seeds,n_pos_fit,n_pos_hold,best_step_mean,steps_run_mean,fit_seconds_mean,loss_cont_model_mean,loss_cont_zero_mean,loss_cont_gauss_mean,loss_bin_model_mean,loss_bin_marginal_mean,loss_bin_copy_mean,bin_rate_fit_mean_mean,bin_rate_syn_mean_mean,bin_rate_abs_err_mean,c2st_hold_mean,ks_hold_mean,corr_err_hold_mean,dcr_ratio_mean,mem_p05_mean,tstr_internal_syn_mean,tstr_internal_real_mean,n_const_syn_mean,best_step_min,steps_run_min,fit_seconds_min,loss_cont_model_min,loss_cont_zero_min,loss_cont_gauss_min,loss_bin_model_min,loss_bin_marginal_min,loss_bin_copy_min,bin_rate_fit_mean_min,bin_rate_syn_mean_min,bin_rate_abs_err_min,c2st_hold_min,ks_hold_min,corr_err_hold_min,dcr_ratio_min,mem_p05_min,tstr_internal_syn_min,tstr_internal_real_min,n_const_syn_min,best_step_max,steps_run_max,fit_seconds_max,loss_cont_model_max,loss_cont_zero_max,loss_cont_gauss_max,loss_bin_model_max,loss_bin_marginal_max,loss_bin_copy_max,bin_rate_fit_mean_max,bin_rate_syn_mean_max,bin_rate_abs_err_max,c2st_hold_max,ks_hold_max,corr_err_hold_max,dcr_ratio_max,mem_p05_max,tstr_internal_syn_max,tstr_internal_real_max,n_const_syn_max
0,A,conditional_mixed,5,121,30,2850.0,4850.0,122.66,0.1299819435307358,0.9875818049778948,0.2442665894874926,0.0409234463094871,0.1600192255315848,1.1402525233963758,0.081756591796875,0.0821843807321028,0.0180849362700314,0.8542666666666665,0.070060739057173,0.7519197359148942,2.095323062651101,0.0,0.4123612362143222,0.6155903225200097,14.6,2500,4500,112.0,0.1184056218465169,0.986462437421426,0.2401942782931857,0.0189253216625278,0.1357518356081431,1.0754212669961087,0.0762275159358978,0.0768211920529801,0.0120692713587408,0.8084444444444443,0.0654884595791371,0.687117071227046,1.6037335115521507,0.0,0.3397078128164131,0.5692579791097374,8,3250,5250,142.4,0.1454893406146743,0.989189690111321,0.251138190812962,0.0853458979052671,0.1973697057876147,1.2026718784781063,0.0871119052171707,0.0887775192410954,0.021966995201223,0.9313333333333332,0.0773632718105463,0.8426218290601721,2.6273515983120865,0.0,0.5267739235125738,0.6587222345726019,19
0,A,positive_only,5,121,30,2700.0,4700.0,117.46,0.1936354538946507,0.99049385827903,0.2405137095204535,0.0552427776167117,0.1906446534857632,1.063818790824086,0.1113225191831588,0.0997498332921686,0.0340578999378174,0.9315111111111112,0.0958182791906683,0.8531941236208672,3.229741385608109,0.0,0.4944850029291321,0.6553435892394927,31.2,2500,4500,106.5,0.1624537523368812,0.990239955890434,0.229634892174957,0.0303843275954325,0.1610167988244144,0.986263751127254,0.1077135056257247,0.0917218543046357,0.0287062287183648,0.8573333333333334,0.0861214519900205,0.7922934837534208,2.376589034970967,0.0,0.4266578025437733,0.5910472625057299,25,3000,5000,125.4,0.2081376945022988,0.9911050796508788,0.2453675451732817,0.0769176593932666,0.2472817167988297,1.1425576926696868,0.1152597516775131,0.1093897824030274,0.0475501875404237,0.9617777777777778,0.1170408976318298,0.9241728546042876,4.596774688336394,0.0,0.5735792616054552,0.7526939363553181,43
0,B,positive_only,5,121,30,2700.0,4700.0,117.46,0.1936354538946507,0.99049385827903,0.2405137095204535,0.0552427776167117,0.1906446534857632,1.063818790824086,0.1113225191831588,0.0995712364843119,0.0332464423496597,0.5627555555555557,0.0461191008007105,1.4845486555319656,3.9071737964502553,0.0,0.6505731746799841,0.6553435892394927,0.0,2500,4500,106.5,0.1624537523368812,0.990239955890434,0.229634892174957,0.0303843275954325,0.1610167988244144,0.986263751127254,0.1077135056257247,0.0919977924944812,0.0266296769168158,0.5171111111111111,0.0452408009718249,1.342530633442534,3.190715321950675,0.0,0.5836395502849049,0.5910472625057299,0,3000,5000,125.4,0.2081376945022988,0.9911050796508788,0.2453675451732817,0.0769176593932666,0.2472817167988297,1.1425576926696868,0.1152597516775131,0.1077932828760643,0.0481959236873415,0.6182222222222223,0.046846140783991,1.6048247907627764,4.939007718574811,0.0,0.7837480801408965,0.7526939363553181,0
1,A,conditional_mixed,5,467,117,15200.0,17200.0,447.68,0.0654511223758102,0.9993329282316128,0.220769917024422,0.0153674893137443,0.1425980233562273,1.2070821590026064,0.0670040503144264,0.067247452564784,0.0059535167929211,0.8081788297172914,0.0214834974639345,0.5104927739058123,1.1357047804758014,0.0006849315068493,0.2448474596145346,0.3777028002928525,17.2,10250,12250,323.8,0.0578597977214223,0.9988841730101496,0.2180193667010073,0.0146474467490267,0.1292849321943194,1.1498149482189242,0.0627045333385467,0.0629361592142672,0.0029757435573902,0.7849222003068157,0.0188093316558062,0.4911497121155553,0.9529188536333676,0.0,0.2159250062751457,0.3404210102702972,14,18500,20500,532.4,0.0766209150787092,1.0001254814265863,0.2238349791229006,0.0160220639329296,0.1484678115373776,1.239897957303971,0.0750724300742149,0.0749059897931775,0.0077212899591115,0.8269121192198116,0.0255112659416961,0.5312357821252481,1.4557865898360638,0.0034246575342465,0.2647186953481532,0.4437128776014475,20
1,A,positive_only,5,467,117,4400.0,6400.0,166.68,0.0846227224624453,0.999680819416741,0.2166123853654547,0.0283610242822296,0.2033666147092174,1.205206087473769,0.094464111328125,0.0932950858482907,0.0151896619453497,0.8846285338593031,0.0273142845507348,0.5979575195305038,2.5039443607480107,0.0,0.2475204685542263,0.3823388000362904,25.8,3750,5750,148.1,0.0826597019484111,0.9996110644721612,0.2148615434151163,0.0230751550931627,0.1887297234237301,1.1921045050317376,0.0924637168645858,0.0899923896499239,0.0110357080620574,0.8531375557016583,0.0244044661222926,0.5508342210097619,2.187041975665977,0.0,0.2202099420116774,0.3622341260441342,23,5000,7000,186.4,0.0861433717407997,0.9998043951820712,0.217989097320205,0.0340784409022399,0.2112953153289394,1.2323190535988695,0.0964218005537986,0.0956174310105221,0.0191990228432203,0.9188983855650524,0.0322295486770678,0.6715240296674477,2.993497341561445,0.0,0.2898165921378668,0.4182090471987091,30
1,B,positive_only,5,467,117,4400.0,6400.0,166.68,0.0846227224624453,0.999680819416741,0.2166123853654547,0.0283610242822296,0.2033666147092174,1.205206087473769,0.094464111328125,0.0930377923436988,0.014925324698083,0.7488874278617869,0.0125636561633262,1.47177566314083,3.799266640860246,0.0,0.3458588798029856,0.3823388000362904,0.0,3750,5750,148.1,0.0826597019484111,0.9996110644721612,0.2148615434151163,0.0230751550931627,0.1887297234237301,1.1921045050317376,0.0924637168645858,0.0893621575342465,0.0124350277611386,0.7212944700124188,0.0111205188116811,1.3681607099544708,3.3972278370254565,0.0,0.3182251803715218,0.3622341260441342,0,5000,7000,186.4,0.0861433717407997,0.9998043951820712,0.217989097320205,0.0340784409022399,0.2112953153289394,1.2323190535988695,0.0964218005537986,0.0952948183442525,0.0194956401006504,0.7810212579443349,0.0141695535874763,1.6175535502952496,4.696196477139119,0.0,0.3883730390055252,0.4182090471987091,0
2,A,conditional_mixed,5,1413,353,15650.0,17650.0,465.2,0.0431929315081879,1.0009661784246795,0.2156830519301004,0.0121513183167584,0.0956722980479257,1.2003508972002723,0.0496052652597427,0.0491443295120198,0.0035043123413598,0.8900432553025865,0.013604240530172,0.4751373351950546,2.4068805392960115,0.0,0.0526019378784002,0.1915854294541994,24.8,8750,10750,296.3,0.0363472874852766,1.0007823618061495,0.2151940537579674,0.0102646731864014,0.088933439854636,1.1708990004208173,0.0489825345575809,0.0483757116927038,0.002723233611989,0.8350873532409377,0.0111734555759802,0.4546421388496633,1.8164195517550683,0.0,0.0458141682089561,0.181518021206498,23,25750,27750,712.1,0.0517917955708088,1.0012123871811336,0.216084553633554,0.0135600816574251,0.102132037298456,1.2450940238244737,0.0503423921763896,0.0500414719346657,0.0038681867831487,0.9163912718984986,0.0156118291983476,0.4955650303891964,2.918667964164876,0.0,0.0710484095427349,0.2023369082351415,28
2,A,positive_only,5,1413,353,12900.0,14900.0,397.76,0.0441054669021818,1.0017107091423416,0.2131914481589067,0.0196777533980841,0.1479314908767593,1.1791959544568429,0.0808359116315841,0.0799172091301375,0.0063968095855381,0.8862329366257654,0.0153039545328783,0.4887670191961242,1.7919624903287743,0.0,0.0742131247210282,0.2055921330947366,27.4,9500,11500,287.2,0.0385597513424618,1.0014950681860737,0.2109508315042859,0.0154508333063607,0.1377337315193814,1.156172091903675,0.0760491415858268,0.0754198694007373,0.0050540482282747,0.8604819876573924,0.0131040333286505,0.4463935850498283,1.16633092655816,0.0,0.0672145190144544,0.1910037667263607,23,16750,18750,508.9,0.0572382552893988,1.0019806318768243,0.2152743220328,0.0245103164947536,0.158674237626233,1.2157601392202313,0.0885950252413749,0.0871103944064208,0.0083901742615016,0.9032557840926418,0.0179369687142647,0.5100991594626854,2.172128310573443,0.0,0.0808358727442692,0.2240338254763339,31
2,B,positive_only,5,1413,353,12900.0,14900.0,397.76,0.0441054669021818,1.0017107091423416,0.2131914481589067,0.0196777533980841,0.1479314908767593,1.1791959544568429,0.0808359116315841,0.0800457630063448,0.0057779605992432,0.7943015352021122,0.0064639292448488,1.4116017315533314,2.739748399279019,0.0,0.073497362094326,0.2055921330947366,0.0,9500,11500,287.2,0.0385597513424618,1.0014950681860737,0.2109508315042859,0.0154508333063607,0.1377337315193814,1.156172091903675,0.0760491415858268,0.0753746897665116,0.0043581501339358,0.730053206429712,0.0060885481384193,1.23114475481096,2.156057693646551,0.0,0.0643814897180779,0.1910037667263607,0,16750,18750,508.9,0.0572382552893988,1.0019806318768243,0.2152743220328,0.0245103164947536,0.158674237626233,1.2157601392202313,0.0885950252413749,0.0874519917278053,0.0074644053235391,0.8668362638332704,0.0068722673901406,1.5956658790261184,3.243749490131495,0.0,0.0945381011956159,0.2240338254763339,0
3,A,conditional_mixed,5,306,77,8500.0,10500.0,268.7,0.069043684573571,0.9958189916777632,0.2321465498857529,0.0263037324801626,0.1822882814070911,1.2321631467258969,0.0723743677139282,0.0720691924404226,0.0086915362444402,0.8400877045032888,0.0313478213428432,0.5645233070591208,1.388519966675426,0.004177545691906,0.1523160733485798,0.2816772259315822,10.4,7000,9000,221.3,0.0493150900767353,0.9949079542083212,0.2289744547552798,0.0215565471818964,0.171621568303267,1.177306448908895,0.0653950050473213,0.0656147122261323,0.0078633223573168,0.8169337156350143,0.0266698789725072,0.5068720252619098,1.0148554708831925,0.0,0.1238115656314085,0.2345799038938546,6,11250,13250,358.4,0.1187870267513965,0.9965129013091548,0.2365081740482059,0.0350771835823168,0.209241427046307,1.289561259907624,0.0807978436350822,0.0803997479067254,0.0100122814862041,0.8626749873503121,0.0376888708511876,0.6469540328042673,1.7434202188631531,0.02088772845953,0.1918274638047264,0.3287884265326184,15
3,A,positive_only,5,306,77,3500.0,5500.0,139.64,0.0813037555355247,0.9968834567912348,0.225398165113249,0.0420114620007303,0.2271579623832898,1.2324708284790085,0.0848476514220237,0.0784393042327069,0.0209364004301914,0.9303828638893574,0.0435698182403996,0.5848552221890452,2.6572849396536244,0.0010443864229765,0.1719042683183579,0.3173813812243342,22.4,3250,5250,129.4,0.0768288541915546,0.9968834567912348,0.223860368967023,0.0334072758268019,0.2241872969244131,1.223165199136045,0.0847832113504409,0.0767109182510204,0.0180714998942965,0.9186034744476302,0.0377586672554721,0.533433562122603,2.485192560366726,0.0,0.1432961527169813,0.2938268479275143,16,4250,6250,153.2,0.0847030280605572,0.9968834567912348,0.2268865548304182,0.0470650556270876,0.229532608105841,1.2458988162309874,0.0849213004112243,0.0823741404037803,0.0271538788923423,0.9393152302243212,0.0497491353624076,0.6238975516710544,2.851335471192435,0.0052219321148825,0.2362464283330693,0.3439940630507042,28
3,B,positive_only,5,306,77,3500.0,5500.0,139.64,0.0813037555355247,0.9968834567912348,0.225398165113249,0.0420114620007303,0.2271579623832898,1.2324708284790085,0.0848476514220237,0.0783253043062552,0.021809871335418,0.7271040647664024,0.0198503348710092,1.152368769016245,3.820501890336158,0.0,0.2549580564412423,0.3173813812243342,0.0,3250,5250,129.4,0.0768288541915546,0.9968834567912348,0.223860368967023,0.0334072758268019,0.2241872969244131,1.223165199136045,0.0847832113504409,0.0764534990622586,0.018805301158121,0.703727441389779,0.0176462198386185,0.9886652011144452,3.355857007990501,0.0,0.1877382216484339,0.2938268479275143,0,4250,6250,153.2,0.0847030280605572,0.9968834567912348,0.2268865548304182,0.0470650556270876,0.229532608105841,1.2458988162309874,0.0849213004112243,0.082263817894311,0.0272311534810084,0.7612750885478159,0.0229289764192386,1.2479600136960194,4.248530521715007,0.0,0.3083022207628412,0.3439940630507042,0
4,A,conditional_mixed,5,135,34,4350.0,6350.0,159.12,0.0798663932983776,0.9933744580629706,0.2186294495327219,0.0285971190962201,0.2149062530476903,1.0735065997342323,0.131001316010952,0.1297220157305486,0.0175391133817555,0.7131487889273356,0.0552523494604942,0.7716402664638988,0.9882538815628688,0.0059171597633136,0.0945801168077289,0.262592524875545,10.0,3000,5000,136.3,0.0682351771715088,0.992737800050992,0.2124762406220307,0.0215511480733586,0.1485133360998303,0.9539318866045432,0.1215836554765701,0.1206896551724137,0.0132296007586209,0.6178200692041522,0.0487234597981204,0.7447517196418776,0.5808773171969966,0.0,0.0846257783552298,0.182148210402925,6,5500,7500,183.0,0.0923139422286052,0.994182457090313,0.2241684659819012,0.0330962136527944,0.3107511022479186,1.192313658089197,0.1439153552055359,0.1432194179446926,0.0225779257068714,0.7967128027681661,0.0603680821441002,0.7971165573173765,1.5142378803016865,0.029585798816568,0.1153292658893575,0.3398694317677328,14
4,A,positive_only,5,135,34,3150.0,5150.0,129.14,0.1102438730479123,0.9960797347285304,0.2157835373263175,0.0690231776979898,0.2516711639422972,1.053047142796482,0.1742877513170242,0.1660860152980228,0.0467461578821955,0.8755363321799308,0.0716082492168465,0.8976697435186362,1.3147337312110767,0.0011834319526627,0.0715904825513171,0.2370614013832416,18.6,2750,4750,117.0,0.0896316100569332,0.9952468238811292,0.2104148303761202,0.0566495038048528,0.2292825908893171,0.9661638999686522,0.1657657474279403,0.1538461538461538,0.0382033637814199,0.8422145328719722,0.0671963104768534,0.8467929650606125,1.093582942980572,0.0,0.0394792394039845,0.125986925102828,14,3500,5500,147.4,0.1354721892572662,0.9969335422664054,0.2193877823212567,0.0950618167681729,0.301796301980229,1.140067504869925,0.1777777820825576,0.1724852071005917,0.0545978532868476,0.9122837370242212,0.0845022624434389,0.9880772926577762,1.7328333398036495,0.0059171597633136,0.1111639004405895,0.2826910871244142,24
4,B,positive_only,5,135,34,3150.0,5150.0,129.14,0.1102438730479123,0.9960797347285304,0.2157835373263175,0.0690231776979898,0.2516711639422972,1.053047142796482,0.1742877513170242,0.1662243976549792,0.0447938653305479,0.5450173010380623,0.0315074834667594,1.198387417828768,3.0451772995529702,0.0,0.1964282877343829,0.2370614013832416,0.0,2750,4750,117.0,0.0896316100569332,0.9952468238811292,0.2104148303761202,0.0566495038048528,0.2292825908893171,0.9661638999686522,0.1657657474279403,0.154965616504078,0.0394311611018972,0.5190311418685121,0.0279542290288896,1.0611923433424657,2.5951567568407783,0.0,0.1186732906919411,0.125986925102828,0,3500,5500,147.4,0.1354721892572662,0.9969335422664054,0.2193877823212567,0.0950618167681729,0.301796301980229,1.140067504869925,0.1777777820825576,0.173076923076923,0.0505867856974884,0.5916955017301039,0.0358301427079707,1.3214226040504184,3.58342706167062,0.0,0.229448222668539,0.2826910871244142,0
5,A,conditional_mixed,5,584,146,11400.0,13400.0,279.3,0.075832247793212,0.996053034062822,0.2396679326010173,0.0148124289978313,0.1155403338811865,1.184540344515187,0.0774364709854125,0.0773393098632404,0.0053207036686164,0.7511334209044849,0.0306413052962219,0.5192268622154275,1.0732514956630037,0.0021917808219178,0.1625935264129616,0.3423937659471979,12.0,9000,11000,194.3,0.0707258060843117,0.9950669419897668,0.2358901747870159,0.0106842136119205,0.1063231002673589,1.1379189172724349,0.0746237114071846,0.0744123118552342,0.0045917433466985,0.7263933195721524,0.0258092662071372,0.4489889087909379,0.9738426492063388,0.0,0.1370751584652342,0.3009097650546969,9,13750,15750,401.1,0.0812609337236238,0.996446121314832,0.2432425181987737,0.022039060283146,0.1255896121059378,1.2526528169847515,0.082778200507164,0.0825107900168887,0.0067393866937015,0.7980296490898856,0.0342116743739638,0.6071987995342668,1.2047727291013277,0.010958904109589,0.1860085204895882,0.4056177214808427,17
5,A,positive_only,5,584,146,4250.0,6250.0,139.34,0.0959960956229088,0.9981251981725588,0.2324259410384125,0.0253056927774916,0.1667971256045818,1.1553314739078222,0.1279729381203651,0.1284246493290173,0.0199380159401217,0.8440232689059861,0.0459523601779949,0.604984329723013,1.116619120867298,0.0,0.1840625160419564,0.3406057067311885,17.2,3500,5500,99.2,0.0805961210305672,0.9978065589026262,0.2283240765805466,0.0199300468566883,0.1496838765783034,1.1062789761333016,0.124235562980175,0.124706457925636,0.0147196858480595,0.8098423719271908,0.0424395776982811,0.477002466107506,0.994073637074537,0.0,0.1640115462851498,0.2820000205737122,11,5000,7000,180.3,0.1114485677624497,0.9986449986287992,0.2389999948387025,0.0334914966487811,0.1747938255741171,1.1905043455382278,0.1313969790935516,0.1317394675626776,0.0232876699731577,0.8786451491837118,0.0531803507547334,0.7271084255756405,1.232583491895053,0.0,0.2161047447128844,0.3732086635014779,22
5,B,positive_only,5,584,146,4250.0,6250.0,139.34,0.0959960956229088,0.9981251981725588,0.2324259410384125,0.0253056927774916,0.1667971256045818,1.1553314739078222,0.1279729381203651,0.1283615153429705,0.0197799502966424,0.7975361231000189,0.0198307303027659,1.2020348051948722,2.6208471881474984,0.0,0.1893735192097315,0.3406057067311885,0.0,3500,5500,99.2,0.0805961210305672,0.9978065589026262,0.2283240765805466,0.0199300468566883,0.1496838765783034,1.1062789761333016,0.124235562980175,0.1245719178082191,0.014935312429769,0.7398010883843122,0.0143006718436436,0.9959003627177604,2.099275641241409,0.0,0.1740260375167066,0.2820000205737122,0,5000,7000,180.3,0.1114485677624497,0.9986449986287992,0.2389999948387025,0.0334914966487811,0.1747938255741171,1.1905043455382278,0.1313969790935516,0.1315973119669165,0.0242246044745284,0.86497466691687,0.0258965186283919,1.377897328998084,3.0348725237878917,0.0,0.2034079107693799,0.3732086635014779,0
6,A,conditional_mixed,5,1356,339,16050.0,18050.0,462.7200000000001,0.0515512629398236,1.0013423996558246,0.2206838721090616,0.0101734454959305,0.069330874851359,1.187756809666948,0.0286566592752933,0.0279279289915241,0.0025508399377048,0.9119457714429912,0.0122019946621716,0.5142469214542963,2.8978187753634645,0.0,0.1217955878570018,0.3766495657960122,34.8,6000,8000,210.6,0.0460687487147577,1.001150764527078,0.2193440857051805,0.0080024678313305,0.0639579338042963,1.1632298032247368,0.0265454519540071,0.0260179567440841,0.0022110781489518,0.8922633809312485,0.0113091726366062,0.490122138070408,2.232751866502846,0.0,0.1059093297042281,0.3473770186012234,30,21500,23500,593.2,0.057771582724668,1.0015128746869433,0.2218357908789756,0.011810415672576,0.0776017135752514,1.2185658065973388,0.0324720591306686,0.0316446104300289,0.0029545885923815,0.9535889872173058,0.0129807557241185,0.5464300633409823,4.245231835608323,0.0,0.1393749075969992,0.4070683545859105,41
6,A,positive_only,5,1356,339,9200.0,11200.0,279.62,0.0537084776488207,1.0016062279660771,0.2140326799395113,0.0174972993071031,0.1039819810780686,1.2186089244692997,0.0429874159395694,0.0425669712692162,0.0048831405133859,0.91558548916212,0.0135887062789717,0.5028473287198084,2.06165865714716,0.0,0.1673715824091663,0.3832182026102423,41.0,6250,8250,203.3,0.04722162633741,1.0014485882848714,0.2127557322553133,0.0149425442121876,0.0997836483468662,1.2036235639627992,0.0394925884902477,0.0390338275294027,0.0042083916317709,0.8896563726385953,0.0115943250456524,0.4703198015482519,1.147960662751352,0.0,0.1499329043808303,0.3279165189942393,38,13500,15500,386.1,0.0620748511303293,1.0018447130241932,0.2152912659623286,0.0201228943114691,0.1089093344049819,1.2384160736011498,0.047639112919569,0.0475789135713282,0.0058214442300566,0.9307211040627908,0.0171470712178676,0.5211690826148139,2.862513120271337,0.0,0.2091272794649594,0.4395814432650926,45
6,B,positive_only,5,1356,339,9200.0,11200.0,279.62,0.0537084776488207,1.0016062279660771,0.2140326799395113,0.0174972993071031,0.1039819810780686,1.2186089244692997,0.0429874159395694,0.042634740545931,0.0046659122726418,0.8598202243280166,0.0058772299480264,2.1866001578980194,3.103826973863351,0.0,0.1858728033732005,0.3832182026102423,0.0,6250,8250,203.3,0.04722162633741,1.0014485882848714,0.2127557322553133,0.0149425442121876,0.0997836483468662,1.2036235639627992,0.0394925884902477,0.0391621652683599,0.0036997666634627,0.7952993795737943,0.0054319426885798,2.082316979122579,2.2295479765601938,0.0,0.1431631121047199,0.3279165189942393,0,13500,15500,386.1,0.0620748511303293,1.0018447130241932,0.2152912659623286,0.0201228943114691,0.1089093344049819,1.2384160736011498,0.047639112919569,0.047524732606907,0.0057130822744892,0.8911895998120448,0.006276162382357,2.4356061145245995,4.333880224209156,0.0,0.2206807009932474,0.4395814432650926,0
7,A,conditional_mixed,5,1252,313,11000.0,13000.0,361.86,0.0510406975228891,1.0013315347017062,0.2084899287022126,0.0115242008964578,0.0793695281776857,1.1878275568999586,0.0360760949552059,0.0353743121607226,0.0054778503354752,0.9474405168982024,0.0125570162421364,0.5409152923385685,2.828123437816981,0.0,0.1005012317320954,0.2673129734195362,51.0,7000,9000,246.9,0.0463185804697164,1.0009784663758416,0.2073319407697683,0.0108211799849356,0.0751194262656921,1.1457431548980277,0.0330670922994613,0.032509216023593,0.0044638182595093,0.9261868550255692,0.0108323585723679,0.4964046759979984,2.088402177036648,0.0,0.0853247618761651,0.2353545367548363,41,19750,21750,602.7,0.0598084600048189,1.001439760295956,0.209322372244103,0.0123042757906071,0.0834342355394713,1.2123312129429051,0.042093101888895,0.0419559213732604,0.006276357911362,0.9678102256836348,0.0143938732636161,0.5903598995078535,3.952505802828825,0.0,0.1148896115828568,0.2932958303791488,55
7,A,positive_only,5,1252,313,10550.0,12550.0,348.66,0.0479915528794207,1.001212982392064,0.2056063381194287,0.0193091519687311,0.1078878119729841,1.1714240173968684,0.0528040803968906,0.0523445050556869,0.006325976262104,0.9239726852371668,0.0107748622240844,0.504873052982052,2.32597728436303,0.0,0.1346625648050088,0.2556717176473307,57.4,8000,10000,281.5,0.0342707669321924,1.000951064764823,0.2045875018508008,0.012473565315439,0.100610635179539,1.1507029481316369,0.0471887327730655,0.0468599146475128,0.0045824488758446,0.8978881074625645,0.0093146412006727,0.4703376096093291,2.075170304615082,0.0,0.1204883595421989,0.2244598771720538,55,15250,17250,479.9,0.0542465478903013,1.00135394878985,0.2071072113455402,0.0261235183687443,0.1156989441848491,1.1931716315709036,0.056515634059906,0.0559783134863007,0.0077960111251121,0.9439353264808256,0.0122930451532557,0.5297419958423295,2.4894104357867954,0.0,0.1482232763883114,0.2863520530119116,61
7,B,positive_only,5,1252,313,10550.0,12550.0,348.66,0.0479915528794207,1.001212982392064,0.2056063381194287,0.0193091519687311,0.1078878119729841,1.1714240173968684,0.0528040803968906,0.0524011902323405,0.0060721307729595,0.8590443915932591,0.0046106484633693,2.8612799656955064,3.032459908700853,0.0,0.16035844083674,0.2556717176473307,0.0,8000,10000,281.5,0.0342707669321924,1.000951064764823,0.2045875018508008,0.012473565315439,0.100610635179539,1.1507029481316369,0.0471887327730655,0.0469182155266901,0.0048296448147821,0.8293419346936275,0.0039362884594121,2.811121838987668,2.6222696570051225,0.0,0.1424190814832351,0.2244598771720538,0,15250,17250,479.9,0.0542465478903013,1.00135394878985,0.2071072113455402,0.0261235183687443,0.1156989441848491,1.1931716315709036,0.056515634059906,0.0559347468293155,0.0073821279588272,0.909320295195419,0.0052142437309776,2.908778298267427,3.5396395433582555,0.0,0.1759158105382952,0.2863520530119116,0
8,A,conditional_mixed,5,437,109,9200.0,11200.0,301.93999999999994,0.0742157740137313,0.9957176464286256,0.2437510078365664,0.0218861502055907,0.147880554349078,1.227487818710933,0.0719141751527786,0.0715045640033606,0.0076599771255599,0.879444491204444,0.030737916517733,0.4881973385538135,1.1823182980418676,0.0032967032967032,0.2580442408208316,0.5700141208615273,13.2,6250,8250,221.9,0.0631723109896621,0.9954338472821604,0.2375944415542985,0.0163641879626247,0.1352257808641061,1.1649066496879683,0.0648437887430191,0.064476339986544,0.0063896065856145,0.8153522430771822,0.0285034537328115,0.4441172981707174,0.7987525546153893,0.0,0.1592184403360705,0.5174126372540191,11,14250,16250,439.2,0.0836071556861247,0.9959087117814072,0.2491811233193867,0.0274508488321796,0.1723781560070393,1.2721079182834625,0.0768974125385284,0.0762171855921855,0.0099539000876302,0.9929972224560222,0.0327147623019182,0.530208928019727,1.445744771882978,0.0073260073260073,0.352151515017966,0.5934301634192972,15
8,A,positive_only,5,437,109,3650.0,5650.0,153.14,0.088380990019898,0.9981744014060974,0.2269302248068604,0.0276783006863588,0.1712202090140741,1.193887301776987,0.0926584646105766,0.0912267786906465,0.0220313359670681,0.8915815167073479,0.0447597815029007,0.5563912571406799,1.275732385391653,0.0,0.3530313822045999,0.575976379051258,20.8,3250,5250,141.0,0.0711698614525487,0.9979417900062116,0.2227256804320299,0.0241608285915005,0.1620128033918191,1.1709673855172094,0.0896355435252189,0.0888948449924059,0.0132051721888133,0.8454170524366637,0.0350830362298252,0.442871898975998,0.9053881640600356,0.0,0.2800430225002433,0.5122628644613288,18,5000,7000,189.1,0.1024974659429467,0.9984679454687396,0.2304925170027395,0.0333472578703997,0.1790557939870411,1.2239246826595525,0.0968625769019126,0.0950694042799306,0.0289011890842642,0.92630249978958,0.0531401320392145,0.6166297466844467,1.6320299822612057,0.0,0.4121947737181478,0.6320572197034862,23
8,B,positive_only,5,437,109,3650.0,5650.0,153.14,0.088380990019898,0.9981744014060974,0.2269302248068604,0.0276783006863588,0.1712202090140741,1.193887301776987,0.0926584646105766,0.0913223035843863,0.0219294510681419,0.8258294756333642,0.0162651568614871,1.1791995562600186,4.443388242985064,0.0,0.4428623093568202,0.575976379051258,0.0,3250,5250,141.0,0.0711698614525487,0.9979417900062116,0.2227256804320299,0.0241608285915005,0.1620128033918191,1.1709673855172094,0.0896355435252189,0.0889953542392566,0.0135744217154426,0.7089638919282889,0.0137797981834679,0.9240195286364716,2.4386223797954547,0.0,0.353664261545038,0.5122628644613288,0,5000,7000,189.1,0.1024974659429467,0.9984679454687396,0.2304925170027395,0.0333472578703997,0.1790557939870411,1.2239246826595525,0.0968625769019126,0.0952019471756314,0.0291681224436057,0.8969278680245771,0.0180793976665536,1.2868717654724844,5.900258177181974,0.0,0.4990718602726401,0.6320572197034862,0
9,A,conditional_mixed,5,154,38,2850.0,4850.0,124.18,0.1426552420400204,0.98828317556445,0.2641129551458852,0.0272829720922254,0.2102053229971523,1.098072959289503,0.0910081326961517,0.090348228857669,0.0204068920127054,0.7577562326869807,0.0847311403508772,0.7532614498934681,1.540726538329655,0.0135416666666666,0.031949831285012,0.0558675302001942,10.8,2500,4500,119.1,0.1244042289187336,0.9862480954500288,0.250787337621053,0.0129389588058904,0.1654520135117619,1.0298856616375345,0.0848558247089386,0.0852754237288135,0.0148671950992344,0.7231301939058172,0.0765833333333333,0.7303298682826735,1.231505004110076,0.0,0.0108562059405319,0.0165447439046493,9,3250,5250,134.8,0.1596019986713902,0.9890481045371609,0.2694846314993518,0.0514698500607196,0.2538382585318583,1.1409182403897942,0.0945846810936927,0.0943396226415094,0.0264296427386689,0.8056786703601109,0.1044868421052631,0.7915058276937712,2.166226467023655,0.0625,0.0642060151781606,0.101343946452759,13
9,A,positive_only,5,154,38,2300.0,4300.0,109.32,0.2160677431240517,0.9873855845371476,0.2633590398548734,0.0649308464504217,0.2314610065254075,1.2445911042233733,0.1034504115581512,0.0863284205082742,0.0393571251785711,0.9545152354570636,0.1362254385964912,0.8487547208479164,2.869541533391981,0.0010416666666666,0.0140566695941949,0.0664781165243557,27.2,2000,4000,104.3,0.1802231905753152,0.9870498282449288,0.2561305798982319,0.0524213228664736,0.2224055923554196,1.223196285335641,0.100519485771656,0.0826041666666666,0.0343355666713934,0.9390581717451524,0.1312302631578947,0.8035901248904236,2.6605129253916826,0.0,0.0111338372908746,0.0343276309044755,22,2500,4500,113.5,0.2456337074180702,0.9876477860133288,0.2759536279038216,0.0818825343198943,0.2537690585054326,1.2774379780017515,0.1067974790930748,0.0889756944444444,0.0456123730529927,0.9790858725761772,0.1391951754385965,0.8731428764193184,3.1130392748616327,0.0052083333333333,0.0175944389209777,0.0895685296133744,34
9,B,positive_only,5,154,38,2300.0,4300.0,109.32,0.2160677431240517,0.9873855845371476,0.2633590398548734,0.0649308464504217,0.2314610065254075,1.2445911042233733,0.1034504115581512,0.0863870881353428,0.0389726422594933,0.5839058171745153,0.0497872807017543,1.4784922620963643,3.6056369442669975,0.0,0.0564018260085737,0.0664781165243557,0.0,2000,4000,104.3,0.1802231905753152,0.9870498282449288,0.2561305798982319,0.0524213228664736,0.2224055923554196,1.223196285335641,0.100519485771656,0.0822395833333333,0.0354444419846255,0.5520775623268698,0.0453574561403508,1.4389150813273672,3.166167875518864,0.0,0.0302606701545514,0.0343276309044755,0,2500,4500,113.5,0.2456337074180702,0.9876477860133288,0.2759536279038216,0.0818825343198943,0.2537690585054326,1.2774379780017515,0.1067974790930748,0.0891511524822695,0.0446358105529927,0.6127423822714682,0.0550855263157894,1.534717175187439,3.98305211862017,0.0,0.0964432284929624,0.0895685296133744,0
10,A,conditional_mixed,5,2238,560,13950.0,15950.0,405.58,0.0527401978216873,1.001320821753339,0.215725960405975,0.0119958720189731,0.0529592963108205,1.2159649577259102,0.0195498824119567,0.0177129215891723,0.002733046593097,1.0,0.0116195023073886,0.5802017409254955,4.239445693671684,0.0,0.0387909040552169,0.2321492001853688,66.4,8000,10000,269.4,0.0439595950048382,1.001219056979776,0.2144271082286254,0.0102768993148436,0.0502145397137116,1.196937627650532,0.0186784788966178,0.0165446008981665,0.0025602704880815,1.0,0.0110914467808047,0.5403561533185516,3.8437392404404287,0.0,0.0351762626414603,0.2150773789533852,59,17500,19500,473.1,0.06062905170727,1.0014807386197306,0.2169194564443503,0.014196842012372,0.0546031940881877,1.236340467353844,0.0225387122482061,0.0208835513424415,0.0029812748166169,1.0,0.0123703737782071,0.6175036604704689,4.610947498048625,0.0,0.0448519133163575,0.2607415055111642,75
10,A,positive_only,5,2238,560,12600.0,14600.0,379.26,0.0491236645796618,1.0013700614631538,0.2107490683695795,0.0154071288506683,0.0708167556045046,1.2026469227691885,0.0265210554003715,0.0247184623191835,0.0030413789930677,0.9958710459183674,0.0110592481842954,0.5550446899162298,3.7132050558052447,0.0,0.0473928719205826,0.2318360880650113,64.0,9000,11000,266.5,0.0452894091128666,1.001284964691869,0.2100849024797492,0.0132709421398516,0.0675046990577926,1.188637443951198,0.025276094675064,0.0231632235841591,0.0027700686089846,0.9793552295918369,0.0103095803270297,0.5454545192253333,3.5281806488644363,0.0,0.0365111938621673,0.2251192939178582,54,15250,17250,459.5,0.0534186953590029,1.001513781551831,0.2119280484860473,0.0183333021899064,0.0729990088522752,1.221320554216585,0.0300181731581687,0.0282374565265706,0.003277616930673,1.0,0.0115678388452008,0.5669552662891579,3.9301011527795433,0.0,0.0673898152377628,0.2400556710296928,71
10,B,positive_only,5,2238,560,12600.0,14600.0,379.26,0.0491236645796618,1.0013700614631538,0.2107490683695795,0.0154071288506683,0.0708167556045046,1.2026469227691885,0.0265210554003715,0.024606078319245,0.0030594414765731,0.927429081632653,0.0038841282825431,3.516655086666642,4.119357302579516,0.0,0.1204513639651873,0.2318360880650113,0.0,9000,11000,266.5,0.0452894091128666,1.001284964691869,0.2100849024797492,0.0132709421398516,0.0675046990577926,1.188637443951198,0.025276094675064,0.0230499739672958,0.0027516731336221,0.9039183673469388,0.0036861154234908,3.4477838126654823,3.8886096991265657,0.0,0.1039919373894755,0.2251192939178582,0,15250,17250,459.5,0.0534186953590029,1.001513781551831,0.2119280484860473,0.0183333021899064,0.0729990088522752,1.221320554216585,0.0300181731581687,0.0280482457457607,0.0032580999578223,0.9632391581632652,0.0042101469218527,3.569892175759654,4.33653034276913,0.0,0.131604298607383,0.2400556710296928,0
