classifier,method,task_id,n_seeds,mean_val_PR_AUC,mean_test_PR_AUC,sd_test_PR_AUC,mean_test_Recall_at_FPR010,mean_fit_seconds
lightgbm,adasyn,0,5,0.18908952539521226,0.152524559038968,0.0033358203205645096,0.02,0.6100977200083435
lightgbm,adasyn,1,5,0.15993137724914697,0.16409129857752916,0.004953441526957859,0.09380530973451325,1.582087739976123
lightgbm,adasyn,2,5,0.0411254740825293,0.02781806287207742,0.0009851846339705161,0.010434782608695601,3.9358651400078086
lightgbm,adasyn,3,5,0.13537387952207366,0.1191198610637684,0.016285730645945552,0.07222222222222216,2.113822459988296
lightgbm,adasyn,4,5,0.0552143825164631,0.05446201661960972,0.005717317363980388,0.00784313725490196,1.46270120004192
lightgbm,adasyn,5,5,0.15634677261004146,0.11046237217147588,0.020024120636193212,0.1516483516483516,1.7069073599763214
lightgbm,adasyn,6,5,0.18871641614385273,0.11880354375842184,0.0056209127798614806,0.058291457286432126,3.2184929000213742
lightgbm,adasyn,7,5,0.14471621430536766,0.15749835488351077,0.009067346311365626,0.29999999999999993,3.9664140600711106
lightgbm,adasyn,8,5,0.3532456755361711,0.03408114181723364,0.0032260909898917216,0.0,2.281803260045126
lightgbm,adasyn,9,5,0.0161192377249836,0.03024305907238,0.005421434254960605,0.0,1.9463231401052326
lightgbm,adasyn,10,5,0.1744083147905518,0.13334704167410025,0.016419506575296627,0.25848670756646214,14.749786379933358
lightgbm,borderline_smote,0,5,0.19056272130172025,0.15824246891070712,0.006089659915253574,0.02,0.6121344999410212
lightgbm,borderline_smote,1,5,0.16238462157440992,0.16648335303132722,0.014909067305520458,0.07256637168141587,1.743805820075795
lightgbm,borderline_smote,2,5,0.04127935100523808,0.033430426862962444,0.0025974208940858444,0.01739130434782604,3.454575280006975
lightgbm,borderline_smote,3,5,0.13240381059572748,0.13066265878552027,0.016712448692710734,0.05370370370370364,1.9877485000062733
lightgbm,borderline_smote,4,5,0.0488727046870816,0.058395466079891226,0.007546773396542306,0.0,1.5549377399962396
lightgbm,borderline_smote,5,5,0.14968953189091638,0.10066428553402773,0.007037759442540886,0.1296703296703296,1.6736614399123937
lightgbm,borderline_smote,6,5,0.18033824316750896,0.11763944954140589,0.012514681178663827,0.06130653266331654,3.0823848799802365
lightgbm,borderline_smote,7,5,0.1488432326716635,0.15830318762685142,0.015678112453077608,0.25999999999999995,3.7953746400307864
lightgbm,borderline_smote,8,5,0.35406809095885106,0.0332500858539575,0.0043982784697769,0.0,1.7893241600133478
lightgbm,borderline_smote,9,5,0.01965213326677766,0.03129913566218628,0.002751489685177901,0.00465116279069766,1.8614480000454932
lightgbm,borderline_smote,10,5,0.16958879909601596,0.135917971551688,0.016090501228446706,0.2511247443762781,14.334586280025542
lightgbm,class_weighted,0,5,0.21571204415951634,0.15038522452037087,0.003212177272212402,0.012,0.5451806200202555
lightgbm,class_weighted,1,5,0.16064362814857414,0.1604557451317162,0.01669810269512053,0.10265486725663715,1.4733887400012464
lightgbm,class_weighted,2,5,0.02369552272892064,0.02281692557229464,0.0020911085905648196,0.0069565217391304,3.010319059994072
lightgbm,class_weighted,3,5,0.13329006130183085,0.07327295808687592,0.014137907554977666,0.044444444444444356,1.9780360199976712
lightgbm,class_weighted,4,5,0.06950087712391514,0.050331468759542086,0.006941154120653734,0.00392156862745098,1.4533019799739122
lightgbm,class_weighted,5,5,0.06283970615899279,0.07332510799012545,0.013876001464945607,0.013186813186813159,1.723592499922961
lightgbm,class_weighted,6,5,0.1546970119518009,0.1282480387677744,0.010664139025526858,0.05728643216080398,2.474566559959203
lightgbm,class_weighted,7,5,0.1446271787840753,0.16525473930341897,0.010649340816334242,0.2695652173913043,2.896513979975134
lightgbm,class_weighted,8,5,0.3401484303400346,0.030278163773070743,0.0020148459751868695,0.0,1.6205562999937684
lightgbm,class_weighted,9,5,0.014978898167688121,0.0201294425870093,0.003257798357376409,0.00465116279069766,1.6209580200258642
lightgbm,class_weighted,10,5,0.11449597716484791,0.10812938663759597,0.008220735146736692,0.19999999999999996,8.097710720030591
lightgbm,random_over,0,5,0.21078991728027088,0.1560789179977693,0.0029022587559452487,0.02,0.5485046799760311
lightgbm,random_over,1,5,0.15336339121895154,0.1490201645581442,0.018828444788631177,0.1061946902654867,1.2395754399709404
lightgbm,random_over,2,5,0.034004419150295714,0.0277538106891843,0.003724055267221202,0.0052173913043478005,2.578047499945387
lightgbm,random_over,3,5,0.13755476703218136,0.11890694813699103,0.01840423011254864,0.07037037037037033,1.8250085400417446
lightgbm,random_over,4,5,0.0690359737289504,0.0681539335214815,0.009335475342120944,0.00784313725490196,1.355802860017866
lightgbm,random_over,5,5,0.1138627748159489,0.09554327306215293,0.024465178057120725,0.10989010989010986,1.6695729999803006
lightgbm,random_over,6,5,0.17238627821374342,0.11676644162110823,0.019839249768858067,0.07638190954773864,2.1863437599968165
lightgbm,random_over,7,5,0.16039867462470547,0.15989832386145506,0.006483463091574515,0.29391304347826086,2.989614239986986
lightgbm,random_over,8,5,0.3642399461136637,0.036866485480554864,0.007897836562915803,0.0,1.6254379199817777
lightgbm,random_over,9,5,0.01966568493168768,0.030509834695567662,0.005191725624421007,0.00930232558139532,2.0226363200228663
lightgbm,random_over,10,5,0.1923252998766499,0.13592346112056178,0.020515556568826962,0.25357873210633947,8.049832719983533
lightgbm,random_under_10to1,0,5,0.19659219052657131,0.14454080753600373,0.010877656544307342,0.016,0.44988291994668544
lightgbm,random_under_10to1,1,5,0.15058749496086554,0.1461999550924613,0.013385627641949236,0.10265486725663715,0.9842578599695117
lightgbm,random_under_10to1,2,5,0.030598459758732523,0.025483177920855082,0.0024107161432117235,0.0017391304347826,1.910232979943976
lightgbm,random_under_10to1,3,5,0.14468160377895156,0.13456533330552806,0.019825605880938017,0.0666666666666666,1.424317380040884
lightgbm,random_under_10to1,4,5,0.05038933398942415,0.0619202642185121,0.00903677674142967,0.00784313725490196,0.867717540031299
lightgbm,random_under_10to1,5,5,0.12151068219152779,0.08536835571222938,0.009111146838405674,0.05274725274725274,1.1809565199539065
lightgbm,random_under_10to1,6,5,0.16194267975457782,0.11315420361608448,0.006160315035041395,0.05326633165829142,1.978599979961291
lightgbm,random_under_10to1,7,5,0.16355081566178836,0.18216363445868772,0.011351297443157772,0.31217391304347825,2.019791080057621
lightgbm,random_under_10to1,8,5,0.3294153711699033,0.03969166988909442,0.0046032503754246225,0.0074074074074074,1.4582330599427222
lightgbm,random_under_10to1,9,5,0.02167950724698392,0.03563229124101056,0.0073220601601999055,0.00465116279069766,1.0353364800103009
lightgbm,random_under_10to1,10,5,0.12290225497845372,0.13766793110592,0.014368331107576916,0.22699386503067479,3.094115879945457
lightgbm,smote,0,5,0.19054869561201845,0.14963261693770774,0.008597585914148402,0.024,0.9969440599903464
lightgbm,smote,1,5,0.1524902088368544,0.16172300714990392,0.011628394079833473,0.10796460176991148,1.548919799970463
lightgbm,smote,2,5,0.0426045557774425,0.0320803330620721,0.0025425628084931816,0.01739130434782602,2.840042420011014
lightgbm,smote,3,5,0.1317510249824029,0.10185280839948163,0.018395528327132524,0.06481481481481476,1.8711887400131673
lightgbm,smote,4,5,0.040033292952614166,0.07808237866166973,0.03813536712056629,0.027450980392156866,1.4329624800477176
lightgbm,smote,5,5,0.1673635155887038,0.10842152547508592,0.018309341863117706,0.14945054945054942,1.5719654999673367
lightgbm,smote,6,5,0.18023354989419968,0.1163599138932854,0.00520151902994331,0.06633165829145724,2.565800759987906
lightgbm,smote,7,5,0.14703391014571382,0.15353794400291879,0.011892998240365745,0.3043478260869565,3.081048740027472
lightgbm,smote,8,5,0.3402986452725514,0.03529343935369332,0.005094900801509388,0.0,1.785536119993776
lightgbm,smote,9,5,0.01829273241840624,0.03070900328849562,0.007438045690721808,0.00465116279069766,1.8997629600577057
lightgbm,smote,10,5,0.14802148017553662,0.11376005283382011,0.04267099669923126,0.21431492842535782,8.58195853997022
lightgbm,unweighted,0,5,0.1990358662501523,0.1500888452165337,0.0027288514031123113,0.02,0.5474088200367987
lightgbm,unweighted,1,5,0.15964078851668573,0.15740653433961008,0.011426034801617116,0.12035398230088494,1.2646367399487644
lightgbm,unweighted,2,5,0.033727848384953005,0.026316223095044798,0.0013815730048105498,0.0052173913043478005,2.702926499955356
lightgbm,unweighted,3,5,0.13426571302204382,0.11087211113577444,0.01294499337754685,0.06481481481481476,1.6956140600144862
lightgbm,unweighted,4,5,0.04567223528674324,0.06548931159550776,0.014615998931094804,0.00392156862745098,1.3176211200188845
lightgbm,unweighted,5,5,0.11347574741579987,0.09619051471762931,0.010535551263129406,0.09450549450549446,1.6806427199859173
lightgbm,unweighted,6,5,0.17499682140241177,0.114193190126226,0.00320228163765273,0.07336683417085421,2.4314331999514254
lightgbm,unweighted,7,5,0.1571413673405578,0.17102632723492245,0.01978527065377062,0.2921739130434783,2.635853480035439
lightgbm,unweighted,8,5,0.3917929269235378,0.0355012064263241,0.0039032767170215695,0.0,1.5784813399426638
lightgbm,unweighted,9,5,0.01967098274142674,0.02925653195422878,0.0062316758937446,0.0,1.9772259800229222
lightgbm,unweighted,10,5,0.1234366454570944,0.10140208147270002,0.028933637328994892,0.19018404907975456,7.5262656799517575
xgboost,adasyn,0,5,0.1875386910075929,0.14216780456187889,0.00830502365763618,0.016,0.8109648800455034
xgboost,adasyn,1,5,0.14763440408801254,0.18027644114889968,0.008940188931922933,0.09380530973451325,2.0389978400431574
xgboost,adasyn,2,5,0.04114374991005722,0.0309011913788936,0.0007776492767036495,0.010434782608695601,5.0229618600569665
xgboost,adasyn,3,5,0.14509446205329785,0.11828031438291856,0.016184674554725772,0.07222222222222217,1.7284078400582075
xgboost,adasyn,4,5,0.038293233103413496,0.07436562949515965,0.009040745556093749,0.0196078431372549,0.9972730800043792
xgboost,adasyn,5,5,0.15723858973549865,0.08484201819460122,0.01269094843792297,0.1516483516483516,1.581926940008998
xgboost,adasyn,6,5,0.1588430247925267,0.13677851180735315,0.008806975421411557,0.06934673366834165,4.347540819970891
xgboost,adasyn,7,5,0.1421254895700234,0.14494151123124283,0.0035377990275040566,0.27304347826086955,7.014645619969815
xgboost,adasyn,8,5,0.3438451387583587,0.03671827570743732,0.003129444636648224,0.0,2.0450692399870603
xgboost,adasyn,9,5,0.01597485614967974,0.03819564700210276,0.007164286841590283,0.0,1.433551900042221
xgboost,adasyn,10,5,0.19405844286421672,0.1876764955514247,0.012044889302224549,0.2576687116564417,20.473850659932943
xgboost,borderline_smote,0,5,0.19201161179549325,0.14677570085778593,0.005573123064004777,0.028000000000000004,0.8064547999761998
xgboost,borderline_smote,1,5,0.14876052336434298,0.16634051763325985,0.0024955199454227113,0.06902654867256633,2.11255657998845
xgboost,borderline_smote,2,5,0.03959894156651484,0.038545778954301044,0.006328885272964314,0.01913043478260864,4.817172139976174
xgboost,borderline_smote,3,5,0.1416974616500828,0.13984251890657023,0.01289571251208339,0.0629629629629629,1.7946402601432054
xgboost,borderline_smote,4,5,0.03121930363108246,0.06329412829214884,0.004715439064719604,0.011764705882352941,1.0582217999733985
xgboost,borderline_smote,5,5,0.1706260521850001,0.0938261851420214,0.025407922343079516,0.189010989010989,1.5391680800821632
xgboost,borderline_smote,6,5,0.17090573403547743,0.12481314258415213,0.01368751963463722,0.08643216080402004,4.289078279910609
xgboost,borderline_smote,7,5,0.15054961965840666,0.1595595510926945,0.012761666298155727,0.3008695652173913,7.091032419912517
xgboost,borderline_smote,8,5,0.33540982331488584,0.03263969641718588,0.003328436038295623,0.0,1.4721108599565924
xgboost,borderline_smote,9,5,0.02259375767826138,0.04822123553713868,0.009674454668217078,0.0325581395348837,1.4665430000051856
xgboost,borderline_smote,10,5,0.18055591565706403,0.17176075398039886,0.01669877379943931,0.2666666666666666,20.185434019984676
xgboost,class_weighted,0,5,0.19598219222767754,0.13786484047474307,0.006803004074696638,0.004,0.8451618599239736
xgboost,class_weighted,1,5,0.15542101467564234,0.19924284621758948,0.0163277803074399,0.07433628318584065,1.8351379199884832
xgboost,class_weighted,2,5,0.024464937624917683,0.02337216996112848,0.0019149655178407959,0.01217391304347822,3.8062461199704556
xgboost,class_weighted,3,5,0.1356517023875637,0.11655875778083269,0.027307076709180603,0.0629629629629629,1.5624322000425308
xgboost,class_weighted,4,5,0.02508302079853514,0.04602646372552148,0.0026070883762659555,0.0,0.9860924200154841
xgboost,class_weighted,5,5,0.04839999054027426,0.07948433870824584,0.008345396225762499,0.00439560439560438,1.50779432002455
xgboost,class_weighted,6,5,0.1589586899260611,0.12605626753431745,0.013812737619209986,0.048241206030150724,3.5717976599466055
xgboost,class_weighted,7,5,0.1614767685030451,0.13803458771184335,0.012457820534896604,0.22869565217391305,5.4787869800347835
xgboost,class_weighted,8,5,0.27720484481465113,0.040134466381621395,0.004734682028549783,0.0,1.6776997399982065
xgboost,class_weighted,9,5,0.02159577100760296,0.0270559077430368,0.005268316572880291,0.0,1.2559769400395453
xgboost,class_weighted,10,5,0.09862565126089036,0.10702395256687558,0.007012034083804664,0.15541922290388546,14.503983000013978
xgboost,random_over,0,5,0.20074179432842634,0.1476414695282584,0.006246123608429477,0.012,0.7657511800527572
xgboost,random_over,1,5,0.16232914271375576,0.1691003234671257,0.01684373949420495,0.11681415929203538,1.818046020064503
xgboost,random_over,2,5,0.03389506027769002,0.027534039635930718,0.000965709383569171,0.008695652173913,4.009514580015093
xgboost,random_over,3,5,0.1411110913741897,0.10539302106228363,0.023888919970151155,0.0629629629629629,1.5987258599605412
xgboost,random_over,4,5,0.036773895960587645,0.08747924722737184,0.022131409433559422,0.011764705882352941,0.9279528599698097
xgboost,random_over,5,5,0.13009951479220763,0.09231593254320818,0.010960429500763981,0.13406593406593398,1.4499663999769836
xgboost,random_over,6,5,0.1587993067571703,0.12015135634007737,0.011097764102826877,0.06834170854271351,3.525300119956955
xgboost,random_over,7,5,0.164659381259669,0.16331912483003858,0.013959538422953385,0.30260869565217385,5.537941240053624
xgboost,random_over,8,5,0.3792528742352962,0.0344549085684912,0.0041027746397637,0.0,1.585153179941699
xgboost,random_over,9,5,0.02134810326345884,0.0424755603174608,0.008736018435680826,0.02325581395348834,1.2776372000575065
xgboost,random_over,10,5,0.23852094516689895,0.19778542431766788,0.018173271941819197,0.25357873210633947,13.853729319991544
xgboost,random_under_10to1,0,5,0.21044697939484944,0.13854570475777434,0.003674400885355342,0.0,0.7773344399873168
xgboost,random_under_10to1,1,5,0.15482040148954881,0.16396229685348085,0.024456082815731146,0.0884955752212389,1.1992537800222636
xgboost,random_under_10to1,2,5,0.03137928803412504,0.026233489607133082,0.0022287289741835144,0.0017391304347826,2.0806296799797566
xgboost,random_under_10to1,3,5,0.1532248257325764,0.14159176680268715,0.01749059084346563,0.07777777777777772,0.9920249999966473
xgboost,random_under_10to1,4,5,0.04117425844004694,0.0657892940851993,0.012132154720776429,0.011764705882352941,0.7687620601151138
xgboost,random_under_10to1,5,5,0.12873011344037014,0.09314936149334693,0.007224226927287969,0.1384615384615384,1.038328339997679
xgboost,random_under_10to1,6,5,0.15377222034111396,0.15119488649562562,0.017892443758685386,0.06432160804020096,2.2395554600283503
xgboost,random_under_10to1,7,5,0.15878481176630208,0.17284801781793807,0.01504971011861802,0.28695652173913044,2.4737953399308026
xgboost,random_under_10to1,8,5,0.3557897055620845,0.03618265518847174,0.004015532233844333,0.02222222222222222,1.2324317199643702
xgboost,random_under_10to1,9,5,0.02054819333394734,0.04249769021019654,0.008480401590193634,0.0,0.7368771200068295
xgboost,random_under_10to1,10,5,0.12989353674626986,0.14889155672732127,0.014798415609910784,0.2004089979550102,3.1644281399901955
xgboost,smote,0,5,0.19587709484883487,0.14249502913761666,0.012168804437163804,0.0,1.1661855799611658
xgboost,smote,1,5,0.1516665036552221,0.17802189828033488,0.01072841652132362,0.10796460176991148,2.0238846000283957
xgboost,smote,2,5,0.04177574833660586,0.03464190157351392,0.004811895552622294,0.01565217391304342,4.343383840005845
xgboost,smote,3,5,0.14187107318224668,0.10291155536919101,0.031580456576529255,0.07407407407407404,1.6234731800388544
xgboost,smote,4,5,0.028617844144360936,0.07207565362222332,0.010635338939733884,0.011764705882352941,1.012277500005439
xgboost,smote,5,5,0.16873246918312926,0.09294921406225372,0.016164045914732302,0.14725274725274723,1.5493480399250985
xgboost,smote,6,5,0.15800194428453818,0.13661552652042594,0.01773288206008252,0.08542713567839191,3.8336474199779333
xgboost,smote,7,5,0.1432760379231302,0.15669344141160352,0.012404413101173467,0.2660869565217391,5.963960799993947
xgboost,smote,8,5,0.34217121477169204,0.03628031979981994,0.002696369833602609,0.0,1.6747719999868422
xgboost,smote,9,5,0.01843768546265752,0.04070234976433836,0.004154031281446496,0.00465116279069766,1.1803886199835687
xgboost,smote,10,5,0.1783555249356236,0.17280051260462506,0.017543339958368032,0.25357873210633947,15.684158359933644
xgboost,unweighted,0,5,0.1955681737972958,0.15201569091204478,0.0062015907978609066,0.016,0.8072941799648106
xgboost,unweighted,1,5,0.1746920065815591,0.16284741654002266,0.012941176145491172,0.12035398230088493,1.912743859970942
xgboost,unweighted,2,5,0.0355857277281316,0.028527104943975555,0.0017503529544179782,0.0,3.849715980049223
xgboost,unweighted,3,5,0.14611333407912544,0.12810394274602474,0.029438911179646053,0.08148148148148142,1.5568591199815274
xgboost,unweighted,4,5,0.04432021714943066,0.06335703788907951,0.0074204588876798485,0.0,0.9524740199092776
xgboost,unweighted,5,5,0.1382782477272954,0.09626590277674654,0.012555454334080021,0.1274725274725274,1.5250354999210685
xgboost,unweighted,6,5,0.15715656274187223,0.13261044399525215,0.007048671805380738,0.08542713567839191,3.4930713600479066
xgboost,unweighted,7,5,0.170315655736494,0.1728370658804106,0.009689863596921774,0.3130434782608696,5.63368569999002
xgboost,unweighted,8,5,0.37547901706482695,0.03192339131400906,0.0038754390065161904,0.0,1.7675625399686397
xgboost,unweighted,9,5,0.0197305383838508,0.04137987904574218,0.008973472508881477,0.013953488372092978,1.5857859199400992
xgboost,unweighted,10,5,0.10351302011360333,0.13803072248313578,0.010368487467674686,0.17546012269938646,15.249633200000972
