dataset,block,seed,selected_kind,safe_candidate_key,selected_candidate_key,selected_val_PR_AUC,selected_val_FPR,safe_test_PR_AUC,selected_test_PR_AUC,selected_test_MCC,selected_test_FPR,delta_vs_safe_baseline_test,strict_harm,epsilon_harm
SECOM,322_341,322,safe_baseline,S1|random_over|ratio=1|||keep=nan,S1|random_over|ratio=1|||keep=nan,0.2148817548389342,0.1979522184300341,0.1666978326593162,0.1666978326593162,0.1067795872746076,0.2423208191126279,0.0,False,False
SECOM,322_341,323,safe_baseline,S0|none|ratio=0|||keep=nan,S0|none|ratio=0|||keep=nan,0.2108175328548041,0.1023890784982935,0.1823319631717864,0.1823319631717864,0.1077226166436458,0.1023890784982935,0.0,False,False
SECOM,322_341,324,hybrid,S1|smote|ratio=0.5|||keep=nan,S3_IG|s1_plus_ddpm_ig_weighted|ratio=1|positive_only|ig_weighted|keep=0.25,0.2197340486179701,0.0511945392491467,0.1920709856558618,0.1966619464405056,0.1118822117747689,0.0443686006825938,0.0045909607846438,False,False
SECOM,322_341,325,safe_baseline,S1|smote|ratio=0.5|||keep=nan,S1|smote|ratio=0.5|||keep=nan,0.1850934873359002,0.030716723549488,0.1492613467886963,0.1492613467886963,0.1262915457217256,0.0614334470989761,0.0,False,False
SECOM,322_341,326,safe_baseline,S1|random_over|ratio=2|||keep=nan,S1|random_over|ratio=2|||keep=nan,0.1163306751101058,0.7030716723549488,0.1240250765940927,0.1240250765940927,0.1068202326793493,0.7781569965870307,0.0,False,False
SECOM,322_341,327,safe_baseline,S1|smote|ratio=2|||keep=nan,S1|smote|ratio=2|||keep=nan,0.2150840330899733,0.1433447098976109,0.1443589813395172,0.1443589813395172,0.0506575983194542,0.1228668941979522,0.0,False,False
SECOM,322_341,328,safe_baseline,S1|smote|ratio=0.5|||keep=nan,S1|smote|ratio=0.5|||keep=nan,0.2722745306015656,0.0068259385665529,0.1371488928360831,0.1371488928360831,-0.0304105997965279,0.0136518771331058,0.0,False,False
SECOM,322_341,329,safe_baseline,S1|smote|ratio=1|||keep=nan,S1|smote|ratio=1|||keep=nan,0.1823235394190328,0.0102389078498293,0.2068076182269236,0.2068076182269236,0.2596269595908345,0.0170648464163822,0.0,False,False
SECOM,322_341,330,hybrid,S1|smote|ratio=1|||keep=nan,S3_IG|s1_plus_ddpm_ig_weighted|ratio=0.5|positive_only|ig_weighted|keep=0.25,0.2597067977343573,0.0341296928327645,0.1865740649416299,0.1583538177890421,0.1791286043541334,0.0375426621160409,-0.0282202471525878,True,True
SECOM,322_341,331,safe_baseline,S1|random_over|ratio=1|||keep=nan,S1|random_over|ratio=1|||keep=nan,0.2169609736223089,0.1808873720136518,0.1021902652101932,0.1021902652101932,0.0868273889946949,0.2320819112627986,0.0,False,False
SECOM,322_341,332,safe_baseline,S1|smote|ratio=2|||keep=nan,S1|smote|ratio=2|||keep=nan,0.1864924710907033,0.0,0.1505505654130703,0.1505505654130703,-0.0151322556012264,0.0034129692832764,0.0,False,False
SECOM,322_341,333,safe_baseline,S1|random_under|ratio=5|||keep=nan,S1|random_under|ratio=5|||keep=nan,0.1288097708235576,0.1808873720136518,0.3062564968462695,0.3062564968462695,0.2229929283267157,0.1706484641638225,0.0,False,False
SECOM,322_341,334,safe_baseline,S1|random_under|ratio=10|||keep=nan,S1|random_under|ratio=10|||keep=nan,0.1854321453907598,0.1296928327645051,0.1599488477714959,0.1599488477714959,0.1989437792718458,0.1126279863481228,0.0,False,False
SECOM,322_341,335,safe_baseline,S0|none|ratio=0|||keep=nan,S0|none|ratio=0|||keep=nan,0.194564461411142,0.0511945392491467,0.1657898625626919,0.1657898625626919,0.1911902406182227,0.0511945392491467,0.0,False,False
SECOM,322_341,336,safe_baseline,S1|random_under|ratio=5|||keep=nan,S1|random_under|ratio=5|||keep=nan,0.1951083424641705,0.098976109215017,0.1176087735609296,0.1176087735609296,0.0998594071088233,0.1092150170648464,0.0,False,False
SECOM,322_341,337,safe_baseline,S1|random_under|ratio=5|||keep=nan,S1|random_under|ratio=5|||keep=nan,0.2835122479631751,0.0273037542662116,0.1865868435949978,0.1865868435949978,0.0304155294740902,0.0273037542662116,0.0,False,False
SECOM,322_341,338,safe_baseline,S1|random_under|ratio=5|||keep=nan,S1|random_under|ratio=5|||keep=nan,0.1644527448526191,0.1604095563139931,0.1682378040291738,0.1682378040291738,0.1516408005387624,0.1535836177474402,0.0,False,False
SECOM,322_341,339,safe_baseline,S0|none|ratio=0|||keep=nan,S0|none|ratio=0|||keep=nan,0.2284406734600884,0.098976109215017,0.144779191278522,0.144779191278522,0.1037306977004216,0.1058020477815699,0.0,False,False
SECOM,322_341,340,safe_baseline,S1|smote|ratio=2|||keep=nan,S1|smote|ratio=2|||keep=nan,0.2094586529238955,0.1706484641638225,0.0900504734410286,0.0900504734410286,-0.0328390949153907,0.1945392491467577,0.0,False,False
SECOM,322_341,341,safe_baseline,S1|random_over|ratio=2|||keep=nan,S1|random_over|ratio=2|||keep=nan,0.3621204232796429,0.0,0.1497880437044594,0.1497880437044594,-0.0151322556012264,0.0034129692832764,0.0,False,False
SECOM,342_361,342,safe_baseline,S0|none|ratio=0|||keep=nan,S0|none|ratio=0|||keep=nan,0.0987223316756251,0.726962457337884,0.195586193572314,0.195586193572314,0.1297674771823819,0.6621160409556314,0.0,False,False
SECOM,342_361,343,safe_baseline,S1|smote|ratio=0.5|||keep=nan,S1|smote|ratio=0.5|||keep=nan,0.2637662083970587,0.0648464163822525,0.1366502018928545,0.1366502018928545,0.0867837440023585,0.0580204778156996,0.0,False,False
SECOM,342_361,344,safe_baseline,S1|random_under|ratio=5|||keep=nan,S1|random_under|ratio=5|||keep=nan,0.1441279780641221,0.4027303754266211,0.2651026218836523,0.2651026218836523,0.1593815922423553,0.4436860068259385,0.0,False,False
SECOM,342_361,345,safe_baseline,S1|random_under|ratio=5|||keep=nan,S1|random_under|ratio=5|||keep=nan,0.3148037775190404,0.030716723549488,0.2040177271790164,0.2040177271790164,0.0924631242052298,0.0546075085324232,0.0,False,False
SECOM,342_361,346,safe_baseline,S1|random_under|ratio=5|||keep=nan,S1|random_under|ratio=5|||keep=nan,0.1633298585224277,0.2798634812286689,0.1783433580854429,0.1783433580854429,0.2132669381363809,0.310580204778157,0.0,False,False
SECOM,342_361,347,safe_baseline,S1|random_over|ratio=0.5|||keep=nan,S1|random_over|ratio=0.5|||keep=nan,0.1781065757047264,0.0034129692832764,0.2164405545842957,0.2164405545842957,0.1994306002493817,0.0170648464163822,0.0,False,False
SECOM,342_361,348,safe_baseline,S1|smote|ratio=0.5|||keep=nan,S1|smote|ratio=0.5|||keep=nan,0.1880708096985693,0.0102389078498293,0.1483190307267076,0.1483190307267076,-0.0304105997965279,0.0136518771331058,0.0,False,False
SECOM,342_361,349,safe_baseline,S1|random_under|ratio=5|||keep=nan,S1|random_under|ratio=5|||keep=nan,0.2704437380090057,0.068259385665529,0.1540129062597857,0.1540129062597857,0.1046000695525082,0.0750853242320819,0.0,False,False
SECOM,342_361,350,safe_baseline,S1|random_over|ratio=0.5|||keep=nan,S1|random_over|ratio=0.5|||keep=nan,0.1449639014291057,0.1808873720136518,0.106371042227872,0.106371042227872,0.0940955928573951,0.2218430034129692,0.0,False,False
SECOM,342_361,351,safe_baseline,S1|random_under|ratio=10|||keep=nan,S1|random_under|ratio=10|||keep=nan,0.247965915383334,0.3481228668941979,0.2043532796204008,0.2043532796204008,0.185226136865856,0.3959044368600682,0.0,False,False
SECOM,342_361,352,safe_baseline,S1|random_under|ratio=5|||keep=nan,S1|random_under|ratio=5|||keep=nan,0.223836734817868,0.0784982935153583,0.1383858682425805,0.1383858682425805,0.1161036855229775,0.0955631399317406,0.0,False,False
SECOM,342_361,353,safe_baseline,S1|random_under|ratio=10|||keep=nan,S1|random_under|ratio=10|||keep=nan,0.2159821768634041,0.0546075085324232,0.1685465035082219,0.1685465035082219,0.0264035221534086,0.068259385665529,0.0,False,False
SECOM,342_361,354,safe_baseline,S1|random_under|ratio=5|||keep=nan,S1|random_under|ratio=5|||keep=nan,0.2342203613449969,0.0955631399317406,0.1244419206254407,0.1244419206254407,0.1273829977020528,0.1467576791808873,0.0,False,False
SECOM,342_361,355,safe_baseline,S1|smote|ratio=1|||keep=nan,S1|smote|ratio=1|||keep=nan,0.2823862847004508,0.0614334470989761,0.1936420062220911,0.1936420062220911,0.1628955151096009,0.0648464163822525,0.0,False,False
SECOM,342_361,356,safe_baseline,S1|random_under|ratio=10|||keep=nan,S1|random_under|ratio=10|||keep=nan,0.1456555358728972,0.1535836177474402,0.0811217317337529,0.0811217317337529,0.0686188831422307,0.2184300341296928,0.0,False,False
SECOM,342_361,357,safe_baseline,S1|random_under|ratio=10|||keep=nan,S1|random_under|ratio=10|||keep=nan,0.2432323367833464,0.1433447098976109,0.1200532980134849,0.1200532980134849,0.0593585675539888,0.1911262798634812,0.0,False,False
SECOM,342_361,358,safe_baseline,S1|random_over|ratio=2|||keep=nan,S1|random_over|ratio=2|||keep=nan,0.4191355885183502,0.0546075085324232,0.1391189338111472,0.1391189338111472,0.0951636240678662,0.0819112627986348,0.0,False,False
SECOM,342_361,359,safe_baseline,S1|smote|ratio=0.5|||keep=nan,S1|smote|ratio=0.5|||keep=nan,0.2288712473863529,0.0068259385665529,0.1368459868647175,0.1368459868647175,-0.0262939764749091,0.0102389078498293,0.0,False,False
SECOM,342_361,360,safe_baseline,S1|random_under|ratio=10|||keep=nan,S1|random_under|ratio=10|||keep=nan,0.2599869116219416,0.0068259385665529,0.195221231387431,0.195221231387431,0.1047585411936856,0.0068259385665529,0.0,False,False
SECOM,342_361,361,safe_baseline,S1|smote|ratio=1|||keep=nan,S1|smote|ratio=1|||keep=nan,0.2710998116202224,0.0375426621160409,0.1260602481790383,0.1260602481790383,-0.0578334669340419,0.0477815699658703,0.0,False,False
SECOM,362_381,362,safe_baseline,S1|random_under|ratio=5|||keep=nan,S1|random_under|ratio=5|||keep=nan,0.14866698733686,0.2798634812286689,0.2207347532872637,0.2207347532872637,0.165947867987791,0.3071672354948805,0.0,False,False
SECOM,362_381,363,safe_baseline,S1|random_under|ratio=5|||keep=nan,S1|random_under|ratio=5|||keep=nan,0.1533890735889668,0.0,0.188364623514585,0.188364623514585,0.0,0.0,0.0,False,False
SECOM,362_381,364,safe_baseline,S1|random_over|ratio=1|||keep=nan,S1|random_over|ratio=1|||keep=nan,0.1553687104937319,0.1911262798634812,0.1315969051192877,0.1315969051192877,0.2126566687599535,0.1808873720136518,0.0,False,False
SECOM,362_381,365,safe_baseline,S1|random_under|ratio=5|||keep=nan,S1|random_under|ratio=5|||keep=nan,0.22909440111452,0.1467576791808873,0.1877684454707567,0.1877684454707567,0.2051110152786982,0.1331058020477815,0.0,False,False
SECOM,362_381,366,safe_baseline,S1|smote|ratio=0.5|||keep=nan,S1|smote|ratio=0.5|||keep=nan,0.1845444847909473,0.0034129692832764,0.1813731164961556,0.1813731164961556,-0.0373659565218784,0.0204778156996587,0.0,False,False
SECOM,362_381,367,safe_baseline,S1|random_under|ratio=5|||keep=nan,S1|random_under|ratio=5|||keep=nan,0.2264856715363443,0.0,0.3152299326831574,0.3152299326831574,0.2990624340139353,0.0,0.0,False,False
SECOM,362_381,368,safe_baseline,S1|random_over|ratio=2|||keep=nan,S1|random_over|ratio=2|||keep=nan,0.1818974043931942,0.0068259385665529,0.1561757013758584,0.1561757013758584,0.037618692036705,0.0238907849829351,0.0,False,False
SECOM,362_381,369,safe_baseline,S0|none|ratio=0|||keep=nan,S0|none|ratio=0|||keep=nan,0.1908497999158584,0.1843003412969283,0.1308247181767726,0.1308247181767726,0.044327517749957,0.1706484641638225,0.0,False,False
SECOM,362_381,370,safe_baseline,S1|smote|ratio=2|||keep=nan,S1|smote|ratio=2|||keep=nan,0.1806367772101252,0.1399317406143344,0.2321130791291142,0.2321130791291142,0.2759634451989526,0.1262798634812286,0.0,False,False
SECOM,362_381,371,safe_baseline,S1|random_under|ratio=5|||keep=nan,S1|random_under|ratio=5|||keep=nan,0.2053485237125599,0.3276450511945392,0.1770144734149968,0.1770144734149968,0.234876608428394,0.2798634812286689,0.0,False,False
SECOM,362_381,372,safe_baseline,S1|random_under|ratio=5|||keep=nan,S1|random_under|ratio=5|||keep=nan,0.1931964715282363,0.1296928327645051,0.2278302994671996,0.2278302994671996,0.2339345469575571,0.1604095563139931,0.0,False,False
SECOM,362_381,373,safe_baseline,S1|random_under|ratio=5|||keep=nan,S1|random_under|ratio=5|||keep=nan,0.118531281338811,0.273037542662116,0.1219725851243206,0.1219725851243206,0.1661863381827407,0.2696245733788396,0.0,False,False
SECOM,362_381,374,safe_baseline,S1|random_over|ratio=0.5|||keep=nan,S1|random_over|ratio=0.5|||keep=nan,0.1524274277313478,0.0,0.1137114798380682,0.1137114798380682,-0.0151322556012264,0.0034129692832764,0.0,False,False
SECOM,362_381,375,safe_baseline,S0|none|ratio=0|||keep=nan,S0|none|ratio=0|||keep=nan,0.1225394352728123,0.0102389078498293,0.1676840758007786,0.1676840758007786,0.0677857782697722,0.0136518771331058,0.0,False,False
SECOM,362_381,376,safe_baseline,S1|random_over|ratio=1|||keep=nan,S1|random_over|ratio=1|||keep=nan,0.1887345705758374,0.0375426621160409,0.1247235914837871,0.1247235914837871,0.0796251553905705,0.0341296928327645,0.0,False,False
SECOM,362_381,377,safe_baseline,S0|none|ratio=0|||keep=nan,S0|none|ratio=0|||keep=nan,0.1911149628391976,0.0341296928327645,0.1565696119252517,0.1565696119252517,0.1461206309029087,0.030716723549488,0.0,False,False
SECOM,362_381,378,safe_baseline,S1|smote|ratio=1|||keep=nan,S1|smote|ratio=1|||keep=nan,0.1822739559892078,0.0102389078498293,0.1559244916592508,0.1559244916592508,0.0876656369080985,0.030716723549488,0.0,False,False
SECOM,362_381,379,safe_baseline,S1|random_under|ratio=10|||keep=nan,S1|random_under|ratio=10|||keep=nan,0.2277691058826644,0.0204778156996587,0.1539683330425223,0.1539683330425223,0.0924631242052298,0.0546075085324232,0.0,False,False
SECOM,362_381,380,safe_baseline,S1|random_under|ratio=5|||keep=nan,S1|random_under|ratio=5|||keep=nan,0.1879439733415802,0.2218430034129692,0.1191274956639436,0.1191274956639436,0.0504310291418985,0.2457337883959044,0.0,False,False
SECOM,362_381,381,safe_baseline,S1|smote|ratio=0.5|||keep=nan,S1|smote|ratio=0.5|||keep=nan,0.1412483650219712,0.0648464163822525,0.0920269800310485,0.0920269800310485,0.0583403204828074,0.0784982935153583,0.0,False,False
