selector,task_id,n,mean_test_PR_AUC,mean_delta_vs_v12_safe,mean_lift_vs_v12_selected,mean_lift_vs_v14_selected,harm_vs_v12_safe_count,worse_than_v12_selected_count,worse_than_v14_selected_count,mean_test_FPR,mean_test_Recall_at_FPR010,replacement_count,lift_over_v14_task_delta
v12_fixed_baseline,0,5,0.1524986755133012,0.0034566470657426,0.0,0.0,0,0,0,0.2459839357429718,0.016,5,0.0
v12_fixed_baseline,1,5,0.1670734202213427,0.0,0.0,0.0,0,0,0,0.0403900853311661,0.1132743362831858,5,0.0
v12_fixed_baseline,2,5,0.044406819344789,0.0126667009844442,0.0,-0.0123071654568989,0,0,4,0.010064935064935,0.0678260869565217,5,-0.0123071654568988
v12_fixed_baseline,3,5,0.2029100120653912,0.0581180439799118,0.0,-0.0386185958721057,0,0,5,0.0076699285903199,0.1444444444444444,5,-0.0386185958721057
v12_fixed_baseline,5,5,0.075563467163852,0.0,0.0,0.0,0,0,0,0.00268156424581,0.0725274725274724,5,0.0
v12_fixed_baseline,6,5,0.1071628590824114,0.0,0.0,0.0,0,0,0,0.1034508211847204,0.0321608040201004,5,0.0
v12_fixed_baseline,7,5,0.1542634533052942,0.0,0.0,0.0,0,0,0,0.0114672075726842,0.2330434782608695,5,0.0
v12_fixed_baseline,9,5,0.0265810465898646,0.0,0.0,0.0,0,0,0,0.0732845698362939,0.0,5,0.0
v12_fixed_baseline,10,5,0.1810122853753093,0.0357090067798528,0.0,-0.0177474521226297,0,0,5,0.0098989707347151,0.2916155419222904,5,-0.0177474521226297
v14_current_main,0,5,0.1524986755133012,0.0034566470657426,0.0,0.0,0,0,0,0.2459839357429718,0.016,0,0.0
v14_current_main,1,5,0.1670734202213427,0.0,0.0,0.0,0,0,0,0.0403900853311661,0.1132743362831858,0,0.0
v14_current_main,2,5,0.0567139848016879,0.0249738664413431,0.0123071654568988,0.0,0,0,0,0.0038961038961038,0.0643478260869565,0,0.0
v14_current_main,3,5,0.2415286079374969,0.0967366398520176,0.0386185958721057,0.0,0,0,0,0.0129595345146786,0.224074074074074,0,0.0
v14_current_main,5,5,0.075563467163852,0.0,0.0,0.0,0,0,0,0.00268156424581,0.0725274725274724,0,0.0
v14_current_main,6,5,0.1071628590824114,0.0,0.0,0.0,0,0,0,0.1034508211847204,0.0321608040201004,0,0.0
v14_current_main,7,5,0.1542634533052942,0.0,0.0,0.0,0,0,0,0.0114672075726842,0.2330434782608695,0,0.0
v14_current_main,9,5,0.0265810465898646,0.0,0.0,0.0,0,0,0,0.0732845698362939,0.0,0,0.0
v14_current_main,10,5,0.1987597374979391,0.0534564589024825,0.0177474521226297,0.0,0,0,0,0.0064506948726461,0.2871165644171779,0,0.0
v15_final_combined,0,5,0.1524986755133012,0.0034566470657426,0.0,0.0,0,0,0,0.2459839357429718,0.016,0,0.0
v15_final_combined,1,5,0.1670734202213427,0.0,0.0,0.0,0,0,0,0.0403900853311661,0.1132743362831858,0,0.0
v15_final_combined,2,5,0.0589967674267187,0.027256649066374,0.0145899480819297,0.0022827826250308,0,0,0,0.0023907910271546,0.0643478260869565,2,0.0022827826250308
v15_final_combined,3,5,0.2415286079374969,0.0967366398520176,0.0386185958721057,0.0,0,0,0,0.0129595345146786,0.224074074074074,0,0.0
v15_final_combined,5,5,0.075563467163852,0.0,0.0,0.0,0,0,0,0.00268156424581,0.0725274725274724,0,0.0
v15_final_combined,6,5,0.1071628590824114,0.0,0.0,0.0,0,0,0,0.1034508211847204,0.0321608040201004,0,0.0
v15_final_combined,7,5,0.1542634533052942,0.0,0.0,0.0,0,0,0,0.0114672075726842,0.2330434782608695,0,0.0
v15_final_combined,9,5,0.0265810465898646,0.0,0.0,0.0,0,0,0,0.0732845698362939,0.0,0,0.0
v15_final_combined,10,5,0.2216076289589245,0.076304350363468,0.0405953435836151,0.0228478914609853,0,0,0,0.0042308969311767,0.3042944785276073,5,0.0228478914609854
