task_id,seed,mode,setting,fit_seconds,total_seconds,loss_model,loss_zero,loss_gauss,n_pos_fit,n_pos_hold,c2st_hold,ks_hold,corr_err_hold,dcr_ratio,mem_p05,tstr_internal_syn,tstr_internal_real,n_const_syn
0,42,positive_only,quick_10ep,2.0,6.2,1.0056701058231632,1.0051129042044193,3.691827597232495,121,30,0.8844444444444444,0.0995166999751819,0.9778894363150099,5.228295614893007,0.0,0.522980559855435,0.5910472625057299,21
0,42,positive_only,full_200ep,1.4,4.0,0.9714093631541235,1.0051129042044193,3.691827597232495,121,30,0.8200000000000001,0.09665478009848869,0.9861281413997225,5.184469903969426,0.0,0.46193769003569163,0.5910472625057299,21
0,42,conditional_mixed,quick_10ep,0.2,2.8,1.0050780407305535,1.0051129042044193,3.704979024130917,121,30,0.9004444444444445,0.12639732486905178,0.9965723265818764,7.039018502666442,0.0,0.277147487196465,0.6437349059113697,21
0,42,conditional_mixed,full_200ep,2.4,5.0,0.9006880239151874,1.0051129042044193,3.704979024130917,121,30,0.8684444444444445,0.12422378097365362,0.9899208284540971,6.687252058815858,0.0,0.17230934739562948,0.6437349059113697,21
0,43,positive_only,quick_10ep,0.1,2.6,1.0053800624268059,1.0051129042044193,3.709366910133136,121,30,0.855111111111111,0.10471544078268481,0.992984207811808,6.782004609257916,0.0,0.36739574793932017,0.5967634168256215,22
0,43,positive_only,full_200ep,1.4,4.0,0.9729880188108666,1.0051129042044193,3.709366910133136,121,30,0.8295555555555556,0.09887665399636873,0.9806658116243638,6.702458280540436,0.0,0.5030813049538043,0.5967634168256215,22
0,43,conditional_mixed,quick_10ep,0.2,3.3,1.004919806787013,1.0051129042044193,3.6675604043392505,121,30,0.89,0.13261360816123932,1.0008371795707556,13.820898961979273,0.0,0.21951707319558167,0.614476135638062,22
0,43,conditional_mixed,full_200ep,2.4,5.4,0.8716246475129438,1.0051129042044193,3.6675604043392505,121,30,0.8995555555555557,0.12983397991039355,0.9965939461751087,13.262543735188062,0.0,0.2942753949546223,0.614476135638062,22
0,44,positive_only,quick_10ep,0.1,3.1,1.0062746789093318,1.0051129042044193,3.723812474959936,121,30,0.8220000000000001,0.10469454132215211,0.9871681626045592,8.75040364635341,0.0,0.5205723097234131,0.6382743514628803,21
0,44,positive_only,full_200ep,1.4,4.4,0.9687095988196499,1.0051129042044193,3.723812474959936,121,30,0.8315555555555557,0.10193973118068891,0.9867150909111783,8.553233600782308,0.0,0.5333345869627854,0.6382743514628803,21
0,44,conditional_mixed,quick_10ep,0.2,3.3,1.0049554046089126,1.0051129042044193,3.6607110078047955,121,30,0.9037777777777777,0.13864832739004926,1.0086945359521462,9.148664485587302,0.0,0.3295465929804817,0.591760357368277,22
0,44,conditional_mixed,full_200ep,2.5,5.3,0.8731050570335613,1.0051129042044193,3.6607110078047955,121,30,0.8602222222222222,0.13749363219561897,0.9865502321433641,8.50895773659324,0.0,0.20754572038270946,0.591760357368277,22
0,45,positive_only,quick_10ep,0.1,3.3,1.0055712818394047,1.0051129042044193,3.718188235792653,121,30,0.8331111111111114,0.1089449691079849,0.9818515825600512,6.4785346294376565,0.0,0.6123648847180693,0.6979389790479131,19
0,45,positive_only,full_200ep,1.3,4.0,0.9771046294263128,1.0051129042044193,3.718188235792653,121,30,0.8317777777777777,0.10343926747390833,0.9717265003720486,6.375230249587953,0.0,0.6090737615246248,0.6979389790479131,19
0,45,conditional_mixed,quick_10ep,0.1,3.1,1.0047288883367234,1.0051129042044193,3.7239830844736193,121,30,0.9633333333333335,0.13718275272019542,1.0047026284336968,7.808995085367937,0.0,0.4790590924949016,0.6587222345726019,23
0,45,conditional_mixed,full_200ep,2.4,5.2,0.9092532426883013,1.0051129042044193,3.7239830844736193,121,30,0.9357777777777778,0.13935629661559362,0.9937532771967689,7.703445274860955,0.0,0.31334248995936337,0.6587222345726019,23
0,46,positive_only,quick_10ep,0.1,3.0,1.0057695196930474,1.0051129042044193,3.7059124888282793,121,30,0.8895555555555555,0.109280666692791,0.9905099582919743,8.93503260394373,0.0,0.5757386903784275,0.7526939363553181,22
0,46,positive_only,full_200ep,1.4,4.3,0.9606320473334258,1.0051129042044193,3.7059124888282793,121,30,0.8539999999999999,0.09928549969303918,0.9846582063134934,8.658184452741924,0.0,0.6199315975978001,0.7526939363553181,22
0,46,conditional_mixed,quick_10ep,0.2,3.2,1.0051326232549,1.0051129042044193,3.6811065974790433,121,30,0.9257777777777777,0.14004597881317188,0.9886404002453564,9.552400674785583,0.0,0.26011667153545903,0.5692579791097374,22
0,46,conditional_mixed,full_200ep,2.4,5.3,0.8932314419417221,1.0051129042044193,3.6811065974790433,121,30,0.8993333333333334,0.14092114372297762,0.9892913464168327,9.05412049477145,0.0,0.25150658243601803,0.5692579791097374,22
10,42,positive_only,quick_10ep,0.7,26.5,1.001306683895149,1.0012238489145657,4.390329718535141,2238,560,0.9999968112244897,0.0369544081197363,0.8944226200947814,11.991238198825613,0.0,0.04664334900576895,0.23698193158926306,164
10,42,positive_only,full_200ep,10.4,33.7,1.0012756736217214,1.0012238489145657,4.390329718535141,2238,560,0.9999827806122449,0.04476760747836726,0.9755427832101727,12.305963127626512,0.0,0.04774309806822523,0.23698193158926306,164
10,42,conditional_mixed,quick_10ep,2.2,25.0,1.0009106625604787,1.0012238489145657,4.391208450709829,2238,560,0.9999936224489796,0.03975594494084591,0.8896109048848709,12.00719271728103,0.0,0.02240336558265888,0.2607415055111642,172
10,42,conditional_mixed,full_200ep,40.0,61.8,1.001266236253024,1.0012238489145657,4.391208450709829,2238,560,0.9999572704081633,0.04217767684109188,0.8988956585597668,12.163305534506245,0.0,0.018762588347134648,0.2607415055111642,172
10,43,positive_only,quick_10ep,0.7,25.4,1.0012552943762731,1.0012238489145657,4.390638478402725,2238,560,0.9999923469387756,0.03685080634372145,0.8938581829045101,11.69071351913799,0.0,0.046159658621274684,0.2251192939178582,167
10,43,positive_only,full_200ep,10.3,32.6,1.0012883313836898,1.0012238489145657,4.390638478402725,2238,560,0.9999859693877552,0.0368697069444452,0.8925522197056138,11.671018107922729,0.0,0.03090166468669274,0.2251192939178582,167
10,43,conditional_mixed,quick_10ep,2.1,24.2,1.0012959658295135,1.0012238489145657,4.397984506302521,2238,560,0.9999477040816327,0.03914982654313268,0.8931849858764855,11.70780348258698,0.0,0.028892553755566028,0.21507737895338522,165
10,43,conditional_mixed,full_200ep,41.0,64.2,1.0012747535093582,1.0012238489145657,4.397984506302521,2238,560,0.9998826530612245,0.03995144682084934,0.8933376115044256,11.801099371980577,0.0,0.024270217539144257,0.21507737895338522,165
10,44,positive_only,quick_10ep,0.6,25.4,1.0012702648531002,1.0012238489145657,4.398517624379298,2238,560,0.999422193877551,0.037391692982345966,0.8917914784650749,11.686700063144139,0.0,0.0404817468899934,0.22872290027353537,168
10,44,positive_only,full_200ep,10.9,35.4,1.0012598949380889,1.0012238489145657,4.398517624379298,2238,560,0.999438137755102,0.037242590518564954,0.8910167975938804,11.65521211289853,0.0,0.03408660915495356,0.22872290027353537,168
10,44,conditional_mixed,quick_10ep,2.0,24.8,1.0013011134851668,1.0012238489145657,4.391976868872549,2238,560,0.9999795918367347,0.03989834675828873,0.892866418813498,12.261245841697955,0.0,0.02976771544168123,0.2351912235686042,166
10,44,conditional_mixed,full_200ep,40.0,61.7,1.0013068828383627,1.0012238489145657,4.391976868872549,2238,560,0.9999604591836736,0.04003138132242955,0.8950742492795369,12.26462702761367,0.0,0.027186649742203133,0.2351912235686042,166
10,45,positive_only,quick_10ep,0.6,23.5,1.001320037958365,1.0012238489145657,4.394263174019608,2238,560,0.9999190051020408,0.0376142022212745,0.8904529453584592,10.563282729017486,0.0,0.06508958777837137,0.2400556710296928,171
10,45,positive_only,full_200ep,10.2,33.1,1.0012657388949897,1.0012238489145657,4.394263174019608,2238,560,0.9999706632653063,0.03766254016064805,0.8887526789367877,10.550216480713294,0.0,0.0481257806115815,0.2400556710296928,171
10,45,conditional_mixed,quick_10ep,2.2,24.6,1.0022831966593455,1.0012238489145657,4.392651684253247,2238,560,0.9998475765306122,0.041160045472474524,0.8920091480705732,12.1934898701916,0.0,0.025570175691296028,0.22142403914601963,166
10,45,conditional_mixed,full_200ep,40.4,62.3,1.0012776133180545,1.0012238489145657,4.392651684253247,2238,560,0.9997742346938775,0.0401432218218368,0.8904934692685609,12.21064135149732,0.0,0.030550623937817184,0.22142403914601963,166
10,46,positive_only,quick_10ep,0.6,23.0,1.0012974081678125,1.0012238489145657,4.390421530828241,2238,560,0.9999279336734694,0.03767398927860181,0.89328698142602,12.162395666568283,0.0,0.055408934430104605,0.22830064351470716,161
10,46,positive_only,full_200ep,10.5,32.7,1.0013119683242615,1.0012238489145657,4.390421530828241,2238,560,0.9999802295918366,0.040329160776013576,0.9151318196687549,12.481016574148983,0.0,0.052742418941074135,0.22830064351470716,161
10,46,conditional_mixed,quick_10ep,2.1,24.1,1.0012726273037624,1.0012238489145657,4.397130492822129,2238,560,0.9997608418367347,0.039737629082434195,0.8925615237384094,12.796953163292738,0.0,0.018652611938734617,0.2283118537476708,169
10,46,conditional_mixed,full_200ep,41.8,64.4,1.0012801498440285,1.0012238489145657,4.397130492822129,2238,560,0.999734056122449,0.04059577596715468,0.8941737750919666,12.83795182155127,0.0,0.016849636048140725,0.2283118537476708,169
1,42,positive_only,quick_10ep,0.2,5.6,1.0056439662434253,1.0054274687884115,4.136614625764657,467,117,0.9701658265760831,0.0547099882956849,0.936098466413277,11.729224168935493,0.0,0.21720193620121572,0.36602393712601416,25
1,42,positive_only,full_200ep,2.5,7.8,0.9654650897400165,1.0054274687884115,4.136614625764657,467,117,0.9701804368471034,0.0529590889351736,0.9299318625839788,11.581015236835562,0.0,0.23945753466882994,0.36602393712601416,25
1,42,conditional_mixed,quick_10ep,0.5,6.3,1.0049877044073192,1.0054274687884115,4.1251706185861705,467,117,0.9796332821973847,0.06289904411496935,0.938300576284771,12.729921661185438,0.0,0.19753657416571613,0.40826105405735696,25
1,42,conditional_mixed,full_200ep,8.8,14.2,0.9068846344228804,1.0054274687884115,4.1251706185861705,467,117,0.9893491124260354,0.08005488184280506,1.0241981476882354,13.145447875307203,0.0,0.17643519555349374,0.40826105405735696,25
1,43,positive_only,quick_10ep,0.2,5.6,1.0056638000957607,1.0054274687884115,4.139756609460309,467,117,0.9831543575133319,0.0542907533561311,0.9429279505087839,13.27443671346061,0.0,0.252539712821953,0.3857885824667952,23
1,43,positive_only,full_200ep,2.3,8.1,0.960683191210731,1.0054274687884115,4.139756609460309,467,117,0.9836218861859887,0.05255448928422767,0.9303518835972402,13.23947590971187,0.0,0.2885732177380782,0.3857885824667952,23
1,43,conditional_mixed,quick_10ep,0.6,6.4,1.004835370371859,1.0054274687884115,4.139076759158019,467,117,0.9790488713565637,0.06285807509635795,0.9327401204141523,12.283157880824975,0.0,0.1533699359325518,0.3490163646133903,27
1,43,conditional_mixed,full_200ep,9.2,14.5,0.9003340196599956,1.0054274687884115,4.139076759158019,467,117,0.9877712031558186,0.07686438892628474,1.037349726051562,12.45003992092004,0.0,0.08392615306436747,0.3490163646133903,27
1,44,positive_only,quick_10ep,0.2,5.9,1.0056154088459037,1.0054274687884115,4.133918561783581,467,117,0.9812842428227044,0.057969546069147476,0.9470773896662243,10.34106124609686,0.0,0.21555270924171246,0.3794383073457994,24
1,44,positive_only,full_200ep,2.5,7.9,0.9560443727801718,1.0054274687884115,4.133918561783581,467,117,0.9784498502447221,0.05461904392701112,0.9311175489979835,10.17336478197433,0.0,0.25311316449708754,0.3794383073457994,24
1,44,conditional_mixed,quick_10ep,0.6,6.7,1.004977431560508,1.0054274687884115,4.142652603139382,467,117,0.9829352034480239,0.06491587499055315,0.9420492604079761,12.010492896211115,0.0,0.205791105220771,0.44371287760144756,26
1,44,conditional_mixed,full_200ep,9.0,14.1,0.8993867054622959,1.0054274687884115,4.142652603139382,467,117,0.9977207977207977,0.12248033193421932,1.3319119269725601,13.844168767866256,0.0,0.0836601795410824,0.44371287760144756,26
1,45,positive_only,quick_10ep,0.2,5.6,1.0055701580723138,1.0054274687884115,4.140805221464712,467,117,0.9715830228650741,0.056982422773644646,0.942198115923084,12.607374340207624,0.0,0.2928365374135602,0.41820904719870916,26
1,45,positive_only,full_200ep,2.3,7.9,0.9570599888472615,1.0054274687884115,4.140805221464712,467,117,0.9806852217108627,0.0550635357525906,0.9310771712307359,12.50464774465953,0.0,0.2785277638608261,0.41820904719870916,26
1,45,conditional_mixed,quick_10ep,0.8,7.1,1.005472552069934,1.0054274687884115,4.1264812440149505,467,117,0.9806121703557601,0.062462334934502435,0.9424774333222597,13.192310133030741,0.0,0.1874496138786882,0.34710269492177076,25
1,45,conditional_mixed,full_200ep,9.1,14.5,0.9040357409089772,1.0054274687884115,4.1264812440149505,467,117,0.9872452333990795,0.07623242835365435,0.9970461106633385,13.238123032714434,0.0,0.1414994206186018,0.34710269492177076,25
1,46,positive_only,quick_10ep,0.2,5.6,1.005697535789705,1.0054274687884115,4.139821261398393,467,117,0.9845861640733435,0.05743827040844495,0.9432782982438527,12.683188011876704,0.0,0.24511150772011908,0.36223412604413424,27
1,46,positive_only,full_200ep,2.3,7.7,0.9581011055816396,1.0054274687884115,4.139821261398393,467,117,0.9765066841989919,0.053321251143901995,0.9311543181111115,12.409780243534232,0.0,0.26957652621310024,0.36223412604413424,27
1,46,conditional_mixed,quick_10ep,0.6,6.3,1.0048505563193193,1.0054274687884115,4.135944378340908,467,117,0.9763898020308277,0.06159258763258397,0.9377974536444101,13.580450074574085,0.0,0.1630029980710405,0.34042101027029725,23
1,46,conditional_mixed,full_200ep,8.9,14.4,0.8993883175734464,1.0054274687884115,4.135944378340908,467,117,0.9943604353860763,0.11626111743512212,1.261897088957376,15.052013166407699,0.0,0.10345522654213075,0.34042101027029725,23
2,42,positive_only,quick_10ep,0.5,9.9,1.0017040105808364,1.0018481161847146,4.273318425068827,1413,353,0.9996806009196767,0.04853418309981158,0.8624802849077013,13.396716719965552,0.0,0.05634530442299481,0.22403382547633394,41
2,42,positive_only,full_200ep,6.7,15.6,0.9349140868137295,1.0018481161847146,4.273318425068827,1413,353,0.9989711818568482,0.056358199308298024,0.9227799755334763,13.610919252295846,0.0,0.04857192322718626,0.22403382547633394,41
2,42,conditional_mixed,quick_10ep,1.4,13.3,0.9962598003032358,1.0018481161847146,4.258662451871285,1413,353,0.996133505605534,0.05326544943661566,0.8711032062501096,13.412896083782458,0.0,0.036451355488345286,0.18151802120649801,38
2,42,conditional_mixed,full_200ep,25.9,36.8,0.9413916773480828,1.0018481161847146,4.258662451871285,1413,353,0.996192088853935,0.06281768584164509,0.9358066206867469,14.009503523295285,0.0,0.040737521247250955,0.18151802120649801,38
2,43,positive_only,quick_10ep,0.5,9.6,1.001924914839604,1.0018481161847146,4.278548058891594,1413,353,0.999306631142213,0.05029160264717283,0.8722319640537434,13.033289947506022,0.0,0.04891762994374183,0.2029084394502245,39
2,43,positive_only,full_200ep,6.8,15.6,0.941511578322627,1.0018481161847146,4.278548058891594,1413,353,0.9990755081896172,0.06038019073023184,0.9998333319972772,13.507569091874739,0.0,0.056495499655229875,0.2029084394502245,39
2,43,conditional_mixed,quick_10ep,1.4,13.3,0.9940373384072139,1.0018481161847146,4.274804586192794,1413,353,0.9990080973284433,0.05625238216229642,0.8718076865006177,13.164682640668989,0.0,0.04118767012582642,0.18810272003208647,40
2,43,conditional_mixed,full_200ep,26.1,36.0,0.9540470280518094,1.0018481161847146,4.274804586192794,1413,353,0.9992536654655764,0.16764410085226225,3.0116131471982697,17.10438488489218,0.0,0.03461156822852169,0.18810272003208647,40
2,44,positive_only,quick_10ep,0.5,9.7,1.0017471830362485,1.0018481161847146,4.272880840282488,1413,353,0.9994286127005273,0.04870709729940347,0.8713935957436785,13.20274851833203,0.0,0.04430870700233943,0.20520715082467017,41
2,44,positive_only,full_200ep,6.7,15.9,0.9357451176161075,1.0018481161847146,4.272880840282488,1413,353,0.9989198212007157,0.05293145983333777,0.9164259490774851,13.182549084600353,0.0,0.04909718821861349,0.20520715082467017,41
2,44,conditional_mixed,quick_10ep,1.5,13.6,0.9963600243012608,1.0018481161847146,4.261710209023262,1413,353,0.9998715983596691,0.055918758567594255,0.8631047188085573,13.047324346841034,0.0,0.03857774679874165,0.18482977066348844,40
2,44,conditional_mixed,full_200ep,26.4,36.6,0.9531119547490324,1.0018481161847146,4.261710209023262,1413,353,0.9997094912887512,0.13538043586560508,2.924607082228803,15.257601970991193,0.0,0.03427847572125299,0.18482977066348844,40
2,45,positive_only,quick_10ep,0.4,9.9,1.001856805225831,1.0018481161847146,4.271123674590033,1413,353,0.9996966511247182,0.04965227151925958,0.8635560332180165,13.31263349157751,0.0,0.05091815530468621,0.1910037667263607,41
2,45,positive_only,full_200ep,6.9,16.7,0.9459225252364043,1.0018481161847146,4.271123674590033,1413,353,0.9990450128000387,0.055305829762000894,0.9414038578176573,13.234091540414822,0.0,0.04900111433054079,0.1910037667263607,41
2,45,conditional_mixed,quick_10ep,1.4,13.8,0.9955964718908351,1.0018481161847146,4.271196459920999,1413,353,0.9971446685231402,0.05460939225902708,0.8656631550672922,13.8369065530352,0.0,0.03640222345878273,0.20233690823514155,39
2,45,conditional_mixed,full_200ep,26.6,35.7,0.9651346731237282,1.0018481161847146,4.271196459920999,1413,353,0.9989214262212199,0.20966247728431034,1.002716983211134,21.496485621254447,0.0,0.03154411049063173,0.20233690823514155,138
2,46,positive_only,quick_10ep,0.5,9.9,1.001688837878546,1.0018481161847146,4.272654067998643,1413,353,0.9998394979495864,0.04901257890139499,0.8694286583145961,12.450428034609875,0.0,0.058207429423357646,0.20480748299609403,38
2,46,positive_only,full_200ep,7.0,16.1,0.9340211417228584,1.0018481161847146,4.272654067998643,1413,353,0.9997448017398423,0.055983090223056926,0.9121453798804905,12.779078438170796,0.0,0.0551959941648789,0.20480748299609403,38
2,46,conditional_mixed,quick_10ep,1.4,13.4,0.9920394823794039,1.0018481161847146,4.2627773635438695,1413,353,0.9978043319503407,0.055099057509843036,0.860133914509671,14.171741606261623,0.0,0.038764530549524515,0.20113972713378256,40
2,46,conditional_mixed,full_200ep,25.8,36.2,0.9401543890645573,1.0018481161847146,4.2627773635438695,1413,353,0.998791419560385,0.1195747260504887,2.393386642713297,18.266884086075823,0.0,0.03915647836832953,0.20113972713378256,40
3,42,positive_only,quick_10ep,0.2,5.2,1.0059801930878582,1.005725775584763,4.025043999349386,306,77,0.9663686962388262,0.07341922029368059,0.9552756204214857,9.813862460518921,0.0,0.11735882219496095,0.29382684792751435,16
3,42,positive_only,full_200ep,2.4,7.4,0.9890197664461633,1.005725775584763,4.025043999349386,306,77,0.965356721200877,0.0771788583656796,0.9587068651467505,9.794488079939997,0.0,0.16391780702361913,0.29382684792751435,16
3,42,conditional_mixed,quick_10ep,0.5,5.6,1.0053596325018002,1.005725775584763,4.028041788130401,306,77,0.9661663012312364,0.07706802853656995,0.9590935948688609,11.353471299278867,0.0,0.06848131971938146,0.305762226390532,17
3,42,conditional_mixed,full_200ep,5.7,10.5,0.865520696472788,1.005725775584763,4.028041788130401,306,77,0.9831337493675155,0.09868842133067834,1.0156499415015194,11.762124358064568,0.0,0.04504608576249808,0.305762226390532,17
3,43,positive_only,quick_10ep,0.2,5.2,1.0062998619814039,1.005725775584763,4.024349020841756,306,77,0.9544611232922922,0.07211921278627904,0.9540970313185512,12.842529400993659,0.0,0.2047421748665377,0.34399406305070424,17
3,43,positive_only,full_200ep,2.3,7.3,0.9868251656538987,1.005725775584763,4.024349020841756,306,77,0.9553381683251813,0.07046085549808968,0.9543657503767599,12.732590320482418,0.0,0.1968437290452662,0.34399406305070424,17
3,43,conditional_mixed,quick_10ep,0.4,5.4,1.0050784803110313,1.005725775584763,4.0338350357995605,306,77,0.9769944341372913,0.07667906861250422,0.9534014932884795,9.659705959444981,0.0,0.07961718966340363,0.32878842653261847,17
3,43,conditional_mixed,full_200ep,5.6,10.3,0.8696571830862474,1.005725775584763,4.0338350357995605,306,77,0.9854950244560634,0.12631882548880244,1.1286453014476205,10.376134233884205,0.0,0.05434657984567175,0.32878842653261847,17
3,44,positive_only,quick_10ep,0.2,5.3,1.0061967847707376,1.005725775584763,4.027444914946435,306,77,0.9525721032214539,0.07296204724860332,0.9570155907198538,8.966895130930919,0.0,0.18759331809635466,0.3118800460577683,16
3,44,positive_only,full_200ep,2.4,7.9,0.9882821629519556,1.005725775584763,4.027444914946435,306,77,0.9524034407151291,0.0743939950287544,0.9505530622727829,8.904191792555139,0.0,0.1647285975247718,0.3118800460577683,16
3,44,conditional_mixed,quick_10ep,0.4,5.8,1.005094580342141,1.005725775584763,4.0106267607635555,306,77,0.9602968460111316,0.0762571236202511,0.9563828686801009,11.298277263816557,0.0,0.05897488460734861,0.2876548822535969,17
3,44,conditional_mixed,full_200ep,5.7,10.4,0.8738693830260814,1.005725775584763,4.0106267607635555,306,77,0.986001011975038,0.15322751635498635,1.390323274926926,13.761145075637735,0.0,0.06396686376265631,0.2876548822535969,17
3,45,positive_only,quick_10ep,0.2,5.3,1.006192861544766,1.005725775584763,4.02512715200048,306,77,0.9562489458593355,0.0742132368550875,0.9480962850452684,8.106919715417481,0.0,0.17118268337442435,0.32780636165118154,16
3,45,positive_only,full_200ep,2.4,7.3,0.9895821695252097,1.005725775584763,4.02512715200048,306,77,0.9660313712261764,0.07418605715890109,0.94646680520298,8.0685154797707,0.0,0.13880808070101777,0.32780636165118154,16
3,45,conditional_mixed,quick_10ep,0.5,6.2,1.0052903591878695,1.005725775584763,4.03068500611135,306,77,0.9572271883960196,0.07751055621137201,0.948836063610334,9.198064833609074,0.0,0.08572226828620937,0.25160069058730905,16
3,45,conditional_mixed,full_200ep,5.8,10.9,0.8756435941171548,1.005725775584763,4.03068500611135,306,77,0.970922583909597,0.09520810081609016,0.9789730804057528,9.255757457300678,0.0,0.048353523121045926,0.25160069058730905,16
3,46,positive_only,quick_10ep,0.2,5.7,1.006151260544842,1.005725775584763,4.027546178590378,306,77,0.9604317760161916,0.07499669819467444,0.9586377408043241,9.698992760282989,0.0,0.1269879224913285,0.30939958743450263,16
3,46,positive_only,full_200ep,2.4,7.5,0.9895693635234537,1.005725775584763,4.027546178590378,306,77,0.9438691178950919,0.07585813623545638,0.9631000745565731,9.643584699809102,0.0,0.15863618424430792,0.30939958743450263,16
3,46,conditional_mixed,quick_10ep,0.4,5.6,1.0051330476961633,1.005725775584763,4.025384604451968,306,77,0.9688311688311689,0.07807064266919395,0.9511557401171011,9.833749254064672,0.0,0.05012018816427222,0.23457990389385466,12
3,46,conditional_mixed,full_200ep,5.7,10.7,0.8920074806789757,1.005725775584763,4.025384604451968,306,77,0.9847191769269692,0.12335861352939305,1.1068744230457062,10.330340383304838,0.0,0.0451846802947842,0.23457990389385466,12
4,42,positive_only,quick_10ep,0.1,3.4,1.007461431166705,1.0073567648494945,3.910921630859375,135,34,0.8737024221453286,0.08035328924469194,0.9735070851252121,7.398433017654895,0.0,0.10763046264738285,0.28269108712441426,8
4,42,positive_only,full_200ep,1.3,4.6,0.977484427059398,1.0073567648494945,3.910921630859375,135,34,0.8773356401384083,0.07858249216846502,0.9621583991474314,7.200449795654672,0.0,0.10649569147858903,0.28269108712441426,8
4,42,conditional_mixed,quick_10ep,0.2,3.6,1.0072178470387179,1.0073567648494945,3.866119384765625,135,34,0.8752595155709344,0.08415158371040724,0.9676349163586763,5.260217371899136,0.0,0.08184999496689016,0.18214821040292506,8
4,42,conditional_mixed,full_200ep,3.5,6.8,0.9499422409955193,1.0073567648494945,3.866119384765625,135,34,0.8591695501730104,0.07986338322311172,0.9643708768289665,5.194973407653914,0.0,0.0708559842012007,0.18214821040292506,8
4,43,positive_only,quick_10ep,0.1,3.5,1.0081532915900735,1.0073567648494945,3.9063791073069853,135,34,0.8996539792387545,0.08453532892446919,0.9682028835661582,7.739205133668076,0.0,0.07818997603432973,0.2656200370758679,8
4,43,positive_only,full_200ep,1.5,5.1,0.9803599189309513,1.0073567648494945,3.9063791073069853,135,34,0.8617647058823529,0.08128524190741386,0.9696527235512711,7.702378418740267,0.0,0.0963495305094209,0.2656200370758679,8
4,43,conditional_mixed,quick_10ep,0.3,3.9,1.007823656867532,1.0073567648494945,3.8467827292049632,135,34,0.8422145328719723,0.08567873303167421,0.9844869957877983,5.7627165837255365,0.0,0.03446968220295776,0.27557456163515376,6
4,43,conditional_mixed,full_200ep,3.6,6.9,0.9499877660414752,1.0073567648494945,3.8467827292049632,135,34,0.87439446366782,0.08255917159763312,0.9837440461793522,5.569512317485239,0.0,0.06451442010487897,0.27557456163515376,6
4,44,positive_only,quick_10ep,0.1,3.9,1.0079790362189798,1.0073567648494945,3.91174758013557,135,34,0.8859861591695501,0.08309345631743822,0.9769570715024598,6.265943472881266,0.0,0.05352704507596908,0.27088714878857073,6
4,44,positive_only,full_200ep,1.3,4.7,0.9863534725413603,1.0073567648494945,3.91174758013557,135,34,0.8993079584775086,0.08035415941524539,0.9628649117767759,6.242835147984129,0.0,0.05752837990503307,0.27088714878857073,6
4,44,conditional_mixed,quick_10ep,0.2,3.7,1.007463746912339,1.0073567648494945,3.8518527042164523,135,34,0.8993079584775087,0.0851044204664114,0.9762854166420023,8.908315826760921,0.0,0.03654900436140682,0.2910188331754992,8
4,44,conditional_mixed,full_200ep,3.6,7.0,0.9485014971564798,1.0073567648494945,3.8518527042164523,135,34,0.9050173010380623,0.08539940828402366,0.9731939594305359,8.73555631687253,0.0,0.033111160218247934,0.2910188331754992,8
4,45,positive_only,quick_10ep,0.1,3.6,1.0080392545812271,1.0073567648494945,3.903099796070772,135,34,0.8937716262975778,0.08156282631395755,0.9646388896884863,5.202720062535638,0.0,0.06409909116497534,0.24012180882452733,8
4,45,positive_only,full_200ep,1.3,4.6,0.9855945632036994,1.0073567648494945,3.903099796070772,135,34,0.854152249134948,0.07277932474765053,0.9576411659642107,5.06296671759485,0.0,0.12289792170537593,0.24012180882452733,8
4,45,conditional_mixed,quick_10ep,0.3,3.7,1.007636557186351,1.0073567648494945,3.856867639878217,135,34,0.9072664359861591,0.08176992690567349,0.970659944071563,7.403126210422895,0.0,0.03611906847916021,0.22435158739641417,8
4,45,conditional_mixed,full_200ep,3.5,6.9,0.9473362911448759,1.0073567648494945,3.856867639878217,135,34,0.8446366782006921,0.07487643578141316,0.9672061073692281,7.082493897254795,0.0,0.037214765142389104,0.22435158739641417,8
4,46,positive_only,quick_10ep,0.1,4.1,1.0076318269617417,1.0073567648494945,3.909235768037684,135,34,0.9062283737024222,0.08116863905325443,0.9660671645687937,5.732564541971116,0.0,0.04860595772503931,0.12598692510282805,9
4,46,positive_only,full_200ep,1.3,5.6,0.9840128820082721,1.0073567648494945,3.909235768037684,135,34,0.8444636678200691,0.0724234249912983,0.9622307540287102,5.52813277214938,0.0,0.07820957036693121,0.12598692510282805,9
4,46,conditional_mixed,quick_10ep,0.3,3.8,1.0076544638241038,1.0073567648494945,3.8593520579618565,135,34,0.9086505190311419,0.08286982248520709,0.9717364562830703,6.745068123378515,0.0,0.05320163834063274,0.3398694317677328,8
4,46,conditional_mixed,full_200ep,3.8,7.4,0.9526533598058364,1.0073567648494945,3.8593520579618565,135,34,0.9188581314878892,0.08423686042464323,0.9736611914735189,6.618033697840786,0.0,0.028229424245153033,0.3398694317677328,8
5,42,positive_only,quick_10ep,0.3,8.6,1.0041857304118313,1.0041883079369711,3.665197463135852,584,146,0.9866109964346033,0.08645842422127215,0.9249323398326128,12.57593304553353,0.0,0.12148355021120139,0.3667608186695878,24
5,42,positive_only,full_200ep,5.0,18.8,0.8533852682637041,1.0041883079369711,3.665197463135852,584,146,0.9718896603490336,0.0702992758049036,0.9244787856536029,11.690645907118734,0.0,0.10520653348446679,0.3667608186695878,24
5,42,conditional_mixed,quick_10ep,0.7,6.4,0.9863586505663228,1.0041883079369711,3.6259567517695883,584,146,0.9790955151060237,0.12011168309920604,0.9229151460375521,17.06805527171613,0.0,0.04928243857962959,0.4056177214808427,24
5,42,conditional_mixed,full_200ep,11.7,15.9,0.7022417822534028,1.0041883079369711,3.6259567517695883,584,146,0.9990242071683243,0.26359828985254347,1.5036608598860477,21.639988478354272,0.0,0.03481376668386579,0.4056177214808427,28
5,43,positive_only,quick_10ep,0.3,5.3,1.0039663425489158,1.0041883079369711,3.6547721621149987,584,146,0.973822480765622,0.08945990751243346,0.9281715353056018,13.604975474235994,0.0,0.10430423760207674,0.37320866350147797,25
5,43,positive_only,full_200ep,3.4,8.5,0.8363111133340786,1.0041883079369711,3.6547721621149987,584,146,0.9770970163257646,0.07476659977314369,0.9250082256171149,12.658437112454637,0.0,0.08282044154507562,0.37320866350147797,25
5,43,conditional_mixed,quick_10ep,0.7,6.1,0.9873663563866045,1.0041883079369711,3.6204905665136113,584,146,0.971748920998311,0.11728470465055406,0.9275239182385605,15.062891744847416,0.0,0.06196965162420481,0.3661125543172624,27
