series,task_id,seed,mode,learn,c2st,tstr
corr,0,42,positive_only,0.5369719066222863,0.9617777777777778,0.721867487779181
corr,0,42,conditional_mixed,0.4663514326655688,0.8533333333333333,0.8183087769130555
corr,0,43,positive_only,0.6467702408132945,0.9293333333333333,0.9047910890189119
corr,0,43,conditional_mixed,0.3458674130171207,0.85,0.6545141702667161
corr,0,44,positive_only,0.6383634259268738,0.9491111111111111,0.6783846976271379
corr,0,44,conditional_mixed,0.3892989243367663,0.9313333333333332,0.5812652381837572
corr,0,45,positive_only,0.5869727325183334,0.8573333333333334,0.7153149354989021
corr,0,45,conditional_mixed,0.514673744363333,0.8282222222222224,0.5157072207177361
corr,0,46,positive_only,0.4820754982008705,0.9600000000000002,0.7620351830955767
corr,0,46,conditional_mixed,0.38399206496641397,0.8084444444444443,0.7890471422216383
corr,10,42,positive_only,0.2332026770087152,1.0,0.1540674160992515
corr,10,42,conditional_mixed,0.20267137644662295,1.0,0.13490856613909594
corr,10,43,positive_only,0.2263806694223857,1.0,0.17352574063260637
corr,10,43,conditional_mixed,0.26526408988208716,1.0,0.1648776189439071
corr,10,44,positive_only,0.22109308732140778,1.0,0.2073164077367673
corr,10,44,conditional_mixed,0.2226195562891596,1.0,0.17780232315720698
corr,10,45,positive_only,0.21723521763998224,0.9793552295918367,0.2807257789357839
corr,10,45,conditional_mixed,0.2506837549597129,1.0,0.1655075591267904
corr,10,46,positive_only,0.2478253186096436,1.0,0.20403511582897663
corr,10,46,conditional_mixed,0.2637158712525193,1.0,0.19645021745532157
corr,1,42,positive_only,0.2599602297194635,0.9000803564906128,0.718447624456987
corr,1,42,conditional_mixed,0.24711682529757403,0.7851851851851853,0.5993160763312242
corr,1,43,positive_only,0.2726129173361408,0.8817298560888304,0.6285771366259317
corr,1,43,conditional_mixed,0.20154615192334244,0.8233910439038643,0.7584707256961586
corr,1,44,positive_only,0.27278003558991415,0.8692965154503618,0.5803576964910665
corr,1,44,conditional_mixed,0.22086936823211517,0.8269121192198116,0.5491368722296383
corr,1,45,positive_only,0.2664075115199023,0.8531375557016583,0.6929945539895564
corr,1,45,conditional_mixed,0.21916209570332404,0.8204835999707795,0.735393545983062
corr,1,46,positive_only,0.27315887888431123,0.9188983855650523,0.6131639236055638
corr,1,46,conditional_mixed,0.22311102124015933,0.7849222003068157,0.6342881307581439
corr,2,42,positive_only,0.16617423311696256,0.9032557840926418,0.3074357531965103
corr,2,42,conditional_mixed,0.20767251476944804,0.9163912718984986,0.27471705395300383
corr,2,43,positive_only,0.153063513454274,0.8604819876573924,0.3871840015165437
corr,2,43,conditional_mixed,0.19054268785266798,0.9125456427705864,0.25766549973390684
corr,2,44,positive_only,0.17123393240008872,0.8886854079560866,0.3682928306253942
corr,2,44,conditional_mixed,0.16407641934591544,0.8862088613182033,0.2478722342428698
corr,2,45,positive_only,0.1665871741033466,0.8783378407659159,0.4232161183505756
corr,2,45,conditional_mixed,0.16400400281419503,0.8350873532409377,0.3511391478818463
corr,2,46,positive_only,0.22541211868321598,0.9004036626567904,0.3281839024198952
corr,2,46,conditional_mixed,0.1626359692839422,0.8999831472847065,0.2377125341574389
corr,3,42,positive_only,0.24931109975145355,0.9327711249789171,0.5663227837975408
corr,3,42,conditional_mixed,0.1868291138928537,0.8626749873503121,0.48107325469415957
corr,3,43,positive_only,0.29060499805641893,0.9186034744476302,0.6867747258133549
corr,3,43,conditional_mixed,0.18788162641566153,0.8430089391128351,0.4913509729464745
corr,3,44,positive_only,0.28342618653725554,0.9281497723056165,0.4958308090900264
corr,3,44,conditional_mixed,0.18169318371689694,0.8208129532804858,0.4304170492828837
corr,3,45,positive_only,0.25879688821822416,0.9330747174903019,0.4848538804815531
corr,3,45,conditional_mixed,0.23717328400389734,0.8570079271377973,0.7624282085909441
corr,3,46,positive_only,0.28044173884191975,0.9393152302243211,0.4631426754805092
corr,3,46,conditional_mixed,0.3547672396454471,0.8169337156350143,0.5852879651887031
corr,4,42,positive_only,0.34644102356609857,0.8570934256055363,0.20055951190685467
corr,4,42,conditional_mixed,0.24112235965925766,0.6916955017301037,0.46865739811560964
corr,4,43,positive_only,0.34401049511519893,0.8901384083044983,0.4185072092616202
corr,4,43,conditional_mixed,0.28168213781275653,0.7967128027681661,0.36726332380645477
corr,4,44,positive_only,0.43013870618855987,0.8422145328719722,0.383005526230294
corr,4,44,conditional_mixed,0.25198655517783297,0.6178200692041522,0.2967918022009522
corr,4,45,positive_only,0.4137784392944386,0.9122837370242213,0.16441338501174882
corr,4,45,conditional_mixed,0.31042208255817927,0.7089965397923875,0.3772016027936622
corr,4,46,positive_only,0.37602557050125923,0.8759515570934255,0.3719561490121527
corr,4,46,conditional_mixed,0.19029542213694212,0.7505190311418686,0.33933403568984005
corr,5,42,positive_only,0.3484410221842059,0.844304747607431,0.45460139721111037
corr,5,42,conditional_mixed,0.2455726848522961,0.7506380183899418,0.4084076104259843
corr,5,43,positive_only,0.25590427513153013,0.8438825295552637,0.449964063524846
corr,5,43,conditional_mixed,0.23148569595726426,0.7305967348470632,0.46911484433631867
corr,5,44,positive_only,0.2863457559924727,0.8786451491837118,0.521589948923041
corr,5,44,conditional_mixed,0.27140106741641645,0.7980296490898856,0.455535759832579
corr,5,45,positive_only,0.34814065072300965,0.8434415462563333,0.7663288260519707
corr,5,45,conditional_mixed,0.2488079385458902,0.7500093826233816,0.4957913180221736
corr,5,46,positive_only,0.28409130022366214,0.8098423719271908,0.5606332924493694
corr,5,46,conditional_mixed,0.27754193711351033,0.7263933195721524,0.5606304169556142
corr,6,42,positive_only,0.2058665704155319,0.8896563726385953,0.5057105196651547
corr,6,42,conditional_mixed,0.2422395704504214,0.9535889872173058,0.3048829485919686
corr,6,43,positive_only,0.2093622454812616,0.9065479764359864,0.4564515415149803
corr,6,43,conditional_mixed,0.20134988858269365,0.9140818475300424,0.3292224966296052
corr,6,44,positive_only,0.24193165964767427,0.9232307411178112,0.4623660817260153
corr,6,44,conditional_mixed,0.19241629805439708,0.8922633809312485,0.3423869874109425
corr,6,45,positive_only,0.2128653047562988,0.9307211040627908,0.3946385546958433
corr,6,45,conditional_mixed,0.21860041006637332,0.9070509306393086,0.36060962500200544
corr,6,46,positive_only,0.24959132968010778,0.9277712515554162,0.37325847513158106
corr,6,46,conditional_mixed,0.2103592245822159,0.8927437108970511,0.28068528695884126
corr,7,42,positive_only,0.25255745033004745,0.9153201522930724,0.5163800776345827
corr,7,42,conditional_mixed,0.20836421151843929,0.9678102256836347,0.38245687552347374
corr,7,43,positive_only,0.2116811793761018,0.9439353264808256,0.5066068453188544
corr,7,43,conditional_mixed,0.19925853776688887,0.9504149271708398,0.3625371452475805
corr,7,44,positive_only,0.23393875019297455,0.9275607590156071,0.5367924150196415
corr,7,44,conditional_mixed,0.204131927829363,0.944302789657953,0.3692935436302161
corr,7,45,positive_only,0.23172118160485136,0.9351590809337648,0.5570451914588083
corr,7,45,conditional_mixed,0.2265157667421449,0.9484877869530155,0.39171921208132054
corr,7,46,positive_only,0.1459453961483859,0.8978881074625645,0.5176260300188791
corr,7,46,conditional_mixed,0.24800936859565026,0.9261868550255693,0.37012356132815005
corr,8,42,positive_only,0.3068272788588867,0.916690514266476,0.5295169059280983
corr,8,42,conditional_mixed,0.247641575123749,0.8826529753387762,0.33960394766192326
corr,8,43,positive_only,0.2822671834114946,0.8891339112869285,0.5476646780610183
corr,8,43,conditional_mixed,0.22228924281998558,0.8749095194007239,0.47222747824507877
corr,8,44,positive_only,0.2716575640787761,0.8454170524366637,0.6384856168575929
corr,8,44,conditional_mixed,0.28469264933120714,0.8313104957495161,0.5934169456249023
corr,8,45,positive_only,0.3126423322071427,0.880363605757091,0.6745975861634376
corr,8,45,conditional_mixed,0.21944503409598048,0.8153522430771822,0.5650445423878118
corr,8,46,positive_only,0.28249671791312464,0.9263024997895801,0.6698325467128415
corr,8,46,conditional_mixed,0.25410649777472927,0.9929972224560222,0.2770976082034763
corr,9,42,positive_only,0.5469580934294317,0.9390581717451523,0.1503437311453997
corr,9,42,conditional_mixed,0.38674011665962416,0.7231301939058172,1.3822206873193323
corr,9,43,positive_only,0.5847043848175866,0.9458448753462605,0.18706623715611273
corr,9,43,conditional_mixed,0.3511757974663394,0.7429362880886425,1.0332008845271135
corr,9,44,positive_only,0.6182786770150361,0.9519390581717451,0.36346358778549903
corr,9,44,conditional_mixed,0.3782867431384286,0.7882271468144044,0.37565784010868175
corr,9,45,positive_only,0.5983044376701689,0.9566481994459834,0.3243925957979442
corr,9,45,conditional_mixed,0.35168113145655283,0.8056786703601109,0.15046954220392014
corr,9,46,positive_only,0.4861523502425855,0.9790858725761773,0.15726116638946833
corr,9,46,conditional_mixed,0.32222334968521615,0.7288088642659278,0.7339762908246442
arch10,0,42,positive_only,1.0005543671923953,0.8844444444444444,0.8848371239184362
arch10,0,42,conditional_mixed,0.999965313872979,0.9004444444444445,0.4305304631633926
arch10,0,43,positive_only,1.0002657992164556,0.855111111111111,0.6156472357062661
arch10,0,43,conditional_mixed,0.9998078848489574,0.89,0.35724263395133915
arch10,0,44,positive_only,1.0011558648785155,0.8220000000000001,0.8155933393380098
arch10,0,44,conditional_mixed,0.9998433015884607,0.9037777777777776,0.556891973037983
arch10,0,45,positive_only,1.0004560459159046,0.8331111111111114,0.8773902921333052
arch10,0,45,conditional_mixed,0.9996179375808535,0.9633333333333336,0.7272550816593112
arch10,0,46,positive_only,1.0006532753543225,0.8895555555555555,0.7649041164942283
arch10,0,46,conditional_mixed,1.0000196187417338,0.9257777777777776,0.45693987801849606
arch10,10,42,positive_only,1.0000827337270015,0.9999968112244896,0.19682238512010752
arch10,10,42,conditional_mixed,0.9996871964701738,0.9999936224489796,0.08592174666913378
arch10,10,43,positive_only,1.000031407024255,0.9999923469387756,0.20504532427201638
arch10,10,43,conditional_mixed,1.000072028762625,0.9999477040816328,0.13433562328201903
arch10,10,44,positive_only,1.0000463592018758,0.999422193877551,0.1769903531372691
arch10,10,44,conditional_mixed,1.0000771701260263,0.9999795918367348,0.1265681388531834
arch10,10,45,positive_only,1.0000960714668392,0.9999190051020408,0.2711437205343934
arch10,10,45,conditional_mixed,1.0010580528479505,0.9998475765306122,0.11548057649889393
arch10,10,46,positive_only,1.0000734693378774,0.9999279336734694,0.24270161300064474
arch10,10,46,conditional_mixed,1.0000487187647895,0.9997608418367347,0.08169795668756376
arch10,1,42,positive_only,1.0002153287648632,0.9701658265760832,0.5934091029856273
arch10,1,42,conditional_mixed,0.9995626095419671,0.9796332821973848,0.4838486850571939
arch10,1,43,positive_only,1.0002350555506843,0.983154357513332,0.6546064977018573
arch10,1,43,conditional_mixed,0.9994110978315861,0.9790488713565636,0.4394347987162194
arch10,1,44,positive_only,1.000186925525039,0.9812842428227044,0.5680836780806884
arch10,1,44,conditional_mixed,0.9995523921497332,0.982935203448024,0.46379340246603573
arch10,1,45,positive_only,1.0001419190228353,0.971583022865074,0.7002156920685194
arch10,1,45,conditional_mixed,1.0000448399142872,0.98061217035576,0.5400407908700773
arch10,1,46,positive_only,1.0002686091336046,0.9845861640733437,0.6766659740122191
arch10,1,46,conditional_mixed,0.9994262018027145,0.9763898020308276,0.47882766678124455
arch10,2,42,positive_only,0.999856160228731,0.9996806009196768,0.2515035589076566
arch10,2,42,conditional_mixed,0.9944219929236774,0.996133505605534,0.20081397563758985
arch10,2,43,positive_only,1.000076656983877,0.999306631142213,0.24108228359689193
arch10,2,43,conditional_mixed,0.9922036308185657,0.9990080973284432,0.2189637136496519
arch10,2,44,positive_only,0.9998992530436144,0.9994286127005272,0.2159218468960517
arch10,2,44,conditional_mixed,0.9945220320377965,0.9998715983596692,0.20872041695587254
arch10,2,45,positive_only,1.0000086730123818,0.9996966511247182,0.26658194326415297
arch10,2,45,conditional_mixed,0.9937598881578106,0.9971446685231402,0.1799089636008406
arch10,2,46,positive_only,0.9998410155156301,0.9998394979495864,0.28420557965876525
arch10,2,46,conditional_mixed,0.9902094602496591,0.9978043319503408,0.1927243866833992
arch10,3,42,positive_only,1.0002529690590334,0.9663686962388262,0.39941490378684785
arch10,3,42,conditional_mixed,0.9996359414346818,0.9661663012312364,0.22396919504345267
arch10,3,43,positive_only,1.0005708180207544,0.9544611232922922,0.5951910130389635
arch10,3,43,conditional_mixed,0.9993563898933033,0.9769944341372911,0.24215326099839146
arch10,3,44,positive_only,1.000468327646968,0.952572103221454,0.6014918891656423
arch10,3,44,conditional_mixed,0.9993723982640744,0.9602968460111316,0.20501958508514473
arch10,3,45,positive_only,1.000464426756619,0.9562489458593356,0.5222067153064579
arch10,3,45,conditional_mixed,0.9995670625060393,0.9572271883960196,0.34070760333013655
arch10,3,46,positive_only,1.000423062598581,0.9604317760161916,0.4104333930898044
arch10,3,46,conditional_mixed,0.9994106466166136,0.9688311688311688,0.21365934307378331
arch10,4,42,positive_only,1.0001039019351066,0.8737024221453286,0.3807352532484122
arch10,4,42,conditional_mixed,0.9998620967112908,0.8752595155709344,0.44935931451553657
arch10,4,43,positive_only,1.0007907096754327,0.8996539792387545,0.2943677626699398
arch10,4,43,conditional_mixed,1.0004634822878342,0.8422145328719723,0.12508296120813123
arch10,4,44,positive_only,1.000617726897956,0.8859861591695501,0.19759905671179415
arch10,4,44,conditional_mixed,1.0001062007687622,0.8993079584775087,0.12558982510718092
arch10,4,45,positive_only,1.0006775054832087,0.8937716262975778,0.2669440625937342
arch10,4,45,conditional_mixed,1.0002777490027563,0.9072664359861592,0.16099314873729978
arch10,4,46,positive_only,1.0002730533231576,0.9062283737024222,0.3858016035026499
arch10,4,46,conditional_mixed,1.000295524867651,0.908650519031142,0.15653552031413864
arch10,5,42,positive_only,0.9999974332253029,0.9866109964346031,0.3312337197083338
arch10,5,42,conditional_mixed,0.982244707262846,0.9790955151060236,0.12149971751655114
arch10,5,43,positive_only,0.9997789603938814,0.973822480765622,0.2794796793393936
arch10,5,43,conditional_mixed,0.9832482101042123,0.971748920998311,0.16926393507528756
arch10,5,44,positive_only,0.9994965833577157,0.9810752486395196,0.33280230461731236
arch10,5,44,conditional_mixed,0.97848675818965,0.993394633139426,0.18745790426937237
arch10,5,45,positive_only,1.000096551033325,0.9844060799399512,0.3444193652563599
arch10,5,45,conditional_mixed,0.9842491249578681,0.9829799211859636,0.21058565887074576
arch10,5,46,positive_only,0.9994228363144654,0.9913398386188778,0.2566923063444848
arch10,5,46,conditional_mixed,0.9797701773575553,0.9745449427659972,0.14578258018635162
arch10,6,42,positive_only,1.000060639390379,0.9995875427467564,0.30272340481674426
arch10,6,42,conditional_mixed,0.9946698906244362,0.9963400944996996,0.26507164026705715
arch10,6,43,positive_only,1.0001052569562698,0.9980943430704572,0.328026012434565
arch10,6,43,conditional_mixed,0.9985182617193352,0.9986268828151512,0.1812575369190437
arch10,6,44,positive_only,1.0001298438210062,0.9985572697766292,0.36498306144428505
arch10,6,44,conditional_mixed,0.9948113369280782,0.9981378512195336,0.19007990489193416
arch10,6,45,positive_only,1.0000990589319374,0.99894536246639,0.3412602499461694
arch10,6,45,conditional_mixed,0.999003322113678,0.9963818623228132,0.19509967482924204
arch10,6,46,positive_only,1.0000869502089036,0.9998659949008448,0.29102794774813784
arch10,6,46,conditional_mixed,0.9945491317662485,0.9966759774105688,0.17842770007445982
arch10,7,42,positive_only,1.0000730720084994,0.9986342618583428,0.3757183335053184
arch10,7,42,conditional_mixed,0.9998954007268491,0.9991140054507038,0.3246873814714502
arch10,7,43,positive_only,1.0001149684418773,0.9980034500709408,0.504323723203191
arch10,7,43,conditional_mixed,0.9996514416411839,0.9996427441333482,0.28858585053171404
arch10,7,44,positive_only,1.0001046219627978,0.9980993987894132,0.5495949629192094
arch10,7,44,conditional_mixed,0.9998022256910156,0.999089507905562,0.40475893727302353
arch10,7,45,positive_only,1.000114344476582,0.9994345149996426,0.4884280832177793
arch10,7,45,conditional_mixed,0.9999268599225596,0.9990466372015636,0.4245141698719329
arch10,7,46,positive_only,1.0001187803025908,0.9990405128152784,0.4532476631430012
arch10,7,46,conditional_mixed,0.999759069982223,0.9969194336984148,0.3512523368713012
arch10,8,42,positive_only,1.0001805123931526,0.9804898577560812,0.5279783495585885
arch10,8,42,conditional_mixed,0.99655261253791,0.9796481777628148,0.13940418523389905
arch10,8,43,positive_only,1.0003111391619932,0.9818197121454424,0.4754813004356082
arch10,8,43,conditional_mixed,0.9958269454215496,0.981668209746654,0.19938275054249333
arch10,8,44,positive_only,1.0000092921221804,0.9870717953034256,0.43030369787351913
arch10,8,44,conditional_mixed,0.9955572610816283,0.9842605841259152,0.2602849085395745
arch10,8,45,positive_only,0.999985023166213,0.9873411329012708,0.5385937534947997
arch10,8,45,conditional_mixed,0.9971996158107738,0.975136772998906,0.23928401332155436
arch10,8,46,positive_only,1.0001889735949197,0.975557612995539,0.4058408254951642
arch10,8,46,conditional_mixed,0.9963778456554185,0.9772746401818028,0.29578328039260876
arch10,9,42,positive_only,0.9999834610104223,0.8501385041551245,0.2115452826691252
arch10,9,42,conditional_mixed,0.9992487830262069,0.8916897506925207,0.6497452295193544
arch10,9,43,positive_only,1.0003126723395868,0.902770083102493,0.19954093062454126
arch10,9,43,conditional_mixed,0.9992023667408853,0.9306094182825484,0.2398428841600919
arch10,9,44,positive_only,1.0003355106821723,0.8857340720221607,1.0201595010405997
arch10,9,44,conditional_mixed,0.9989544094144877,0.8948753462603877,0.32186802638123496
arch10,9,45,positive_only,1.0001767261808454,0.8867036011080334,0.32767506475511454
arch10,9,45,conditional_mixed,0.9988365579559858,0.888365650969529,0.11341293094572985
arch10,9,46,positive_only,1.0004874857614219,0.8704986149584487,0.30574458901610585
arch10,9,46,conditional_mixed,0.9988962615405673,0.8897506925207758,0.14867336963132033
arch200,0,42,positive_only,0.9664679053374875,0.8200000000000001,0.7815579554117524
arch200,0,43,positive_only,0.968038530538039,0.8295555555555556,0.8430163290334672
arch200,0,44,positive_only,0.963781874421776,0.8315555555555557,0.8355883104818793
arch200,0,45,positive_only,0.9721342003859001,0.8317777777777777,0.872674803684825
arch200,0,46,positive_only,0.9557454125950144,0.8539999999999999,0.8236171007297103
arch200,10,42,positive_only,1.0000517613590727,0.9999827806122448,0.20146303031647797
arch200,10,43,positive_only,1.0000644036487887,0.9999859693877552,0.13726795313229856
arch200,10,44,positive_only,1.0000360019625605,0.999438137755102,0.14903015445409484
arch200,10,45,positive_only,1.0000418387760834,0.9999706632653064,0.20047758257553833
arch200,10,46,positive_only,1.0000880116966766,0.9999802295918366,0.23102177080668823
arch200,1,42,positive_only,0.9602533446827829,0.9701804368471034,0.654212772391413
arch200,1,43,positive_only,0.9554972596565324,0.9836218861859888,0.7480087043864645
arch200,1,44,positive_only,0.9508834823582564,0.978449850244722,0.6670733017644788
arch200,1,45,positive_only,0.9518936159567681,0.9806852217108628,0.6660012874577665
arch200,1,46,positive_only,0.9529291125656211,0.976506684198992,0.744205216546205
arch200,2,42,positive_only,0.9331894442983171,0.9989711818568482,0.2168062038128129
arch200,2,43,positive_only,0.9397747653687626,0.9990755081896172,0.27842853559124003
arch200,2,44,positive_only,0.9340189420923967,0.9989198212007157,0.2392567121628342
arch200,2,45,positive_only,0.9441775753781035,0.9990450128000388,0.2565452774590648
arch200,2,46,positive_only,0.9322981464294627,0.9997448017398424,0.2695018431818313
arch200,3,42,positive_only,0.9833891011405307,0.965356721200877,0.557872121556628
arch200,3,43,positive_only,0.9812069946006158,0.9553381683251811,0.5722300184473003
arch200,3,44,positive_only,0.9826556969541075,0.9524034407151292,0.5281793420482559
arch200,3,45,positive_only,0.983948302358894,0.9660313712261764,0.42344535353686413
arch200,3,46,positive_only,0.983935569263982,0.943869117895092,0.5127226754233792
arch200,4,42,positive_only,0.9703458210313806,0.8773356401384083,0.3767210794011328
arch200,4,43,positive_only,0.9732003130761954,0.8617647058823529,0.36273442158243885
arch200,4,44,positive_only,0.9791500955361411,0.8993079584775086,0.21237028099082803
arch200,4,45,positive_only,0.9783967285422992,0.854152249134948,0.5118149088872866
arch200,4,46,positive_only,0.9768265984249284,0.8444636678200691,0.6207752931750506
arch200,5,42,positive_only,0.8498259355527844,0.9718896603490336,0.28685325184434846
arch200,5,43,positive_only,0.8328229941774731,0.9770970163257646,0.22191457392239136
arch200,5,44,positive_only,0.844605709783949,0.983721148433102,0.41017173918129496
arch200,5,45,positive_only,0.8457988993967082,0.9826421467442298,0.28092110255188185
arch200,5,46,positive_only,0.8343799763742177,0.9844154625633326,0.22300242017302152
arch200,6,42,positive_only,0.9937401596102091,0.9988078767153088,0.26315675740686434
arch200,6,43,positive_only,0.9956404766070007,0.997563543651726,0.3194879192023548
arch200,6,44,positive_only,0.9964457135298328,0.9989540640962052,0.24580537988088735
arch200,6,45,positive_only,0.9963905333264486,0.9990288981126164,0.34321262955830373
arch200,6,46,positive_only,0.9921407683246095,0.9998259674036948,0.26772403303687103
arch200,7,42,positive_only,1.0000487260171564,0.999036429891088,0.39543547928315553
arch200,7,43,positive_only,1.0000710980092014,0.9991732078514632,0.5175461331462998
arch200,7,44,positive_only,1.0000568148763491,0.9981198134103644,0.501112813514452
arch200,7,45,positive_only,1.0000576657381155,0.9993936857577396,0.5424132830049047
arch200,7,46,positive_only,1.0000445170876184,0.9984831936633016,0.49690045582861264
arch200,8,42,positive_only,0.9241241883516206,0.9838565777291476,0.32775191408032534
arch200,8,43,positive_only,0.9222608391921244,0.9818870465449036,0.3686651023506142
arch200,8,44,positive_only,0.9112675391972771,0.97865499537076,0.37804237905527954
arch200,8,45,positive_only,0.9137525181575108,0.9872737985018096,0.4954525354250969
arch200,8,46,positive_only,0.9183595563878045,0.9854221025166232,0.4258055033797477
arch200,9,42,positive_only,0.9226543249674524,0.854847645429363,0.19865537292934082
arch200,9,43,positive_only,0.9335397854894326,0.8598337950138504,0.2442220158763129
arch200,9,44,positive_only,0.9419106692575455,0.8641274238227146,0.7023365165569493
arch200,9,45,positive_only,0.9272481600278456,0.8457063711911358,0.34339825522905304
arch200,9,46,positive_only,0.9146474774942224,0.8238227146814406,0.22970976844990593
