selector,task_id,seed,source,candidate_label,method,ratio,s3_ig_keep_rate,cars_bw_variant,val_PR_AUC,val_Recall_at_FPR010,val_FPR,canary_inflation_p95,canary_fpr_shift,test_PR_AUC,test_FPR,test_Recall_at_FPR010,delta_vs_v12_safe,lift_vs_v12_selected,lift_vs_v14_selected,harm_vs_v12_safe,worse_than_v12_selected,worse_than_v14_selected
v12_fixed_baseline,0,42,v12_selected,s1_plus_ig/mode=positive_only/ratio=1.0/keep=1.0/post=featurewise_quantile_pos,s1_plus_ig/mode=positive_only/ratio=1.0/keep=1.0/post=featurewise_quantile_pos,,,,,,,,,0.1620065298133857,0.2038152610441767,0.02,0.0172832353287132,0.0,0.0,False,False,False
v12_fixed_baseline,0,43,v12_selected,safe_baseline,safe_baseline,,,,,,,,,0.1328137867398411,0.2761044176706827,0.02,0.0,0.0,0.0,False,False,False
v12_fixed_baseline,0,44,v12_selected,safe_baseline,safe_baseline,,,,,,,,,0.1538411466657064,0.2349397590361445,0.02,0.0,0.0,0.0,False,False,False
v12_fixed_baseline,0,45,v12_selected,safe_baseline,safe_baseline,,,,,,,,,0.1524227261667437,0.2751004016064257,0.0,0.0,0.0,0.0,False,False,False
v12_fixed_baseline,0,46,v12_selected,safe_baseline,safe_baseline,,,,,,,,,0.1614091881808295,0.2399598393574297,0.02,0.0,0.0,0.0,False,False,False
v12_fixed_baseline,1,42,v12_selected,safe_baseline,safe_baseline,,,,,,,,,0.1555279665491621,0.0077204388459975,0.0884955752212389,0.0,0.0,0.0,False,False,False
v12_fixed_baseline,1,43,v12_selected,safe_baseline,safe_baseline,,,,,,,,,0.1728080537762789,0.0150345388053636,0.1238938053097345,0.0,0.0,0.0,False,False,False
v12_fixed_baseline,1,44,v12_selected,safe_baseline,safe_baseline,,,,,,,,,0.1561838693611792,0.0682649329540837,0.1150442477876106,0.0,0.0,0.0,False,False,False
v12_fixed_baseline,1,45,v12_selected,safe_baseline,safe_baseline,,,,,,,,,0.1911070239620761,0.0516050386021942,0.1150442477876106,0.0,0.0,0.0,False,False,False
v12_fixed_baseline,1,46,v12_selected,safe_baseline,safe_baseline,,,,,,,,,0.1597401874580173,0.0593254774481917,0.1238938053097345,0.0,0.0,0.0,False,False,False
v12_fixed_baseline,2,42,v12_selected,s1_plus_ig/mode=positive_only/ratio=1.5/keep=1.0/post=featurewise_quantile_pos,s1_plus_ig/mode=positive_only/ratio=1.5/keep=1.0/post=featurewise_quantile_pos,,,,,,,,,0.0437136158823033,0.0162337662337662,0.0695652173913043,0.0219142680139733,0.0,-0.014724045213721101,False,False,True
v12_fixed_baseline,2,43,v12_selected,safe_baseline,safe_baseline,,,,,,,,,0.04173157902927,0.0160861865407319,0.0608695652173913,0.0,0.0,-0.018968102484088,False,False,True
v12_fixed_baseline,2,44,v12_selected,s1_plus_ig/mode=positive_only/ratio=2.0/keep=0.25/post=featurewise_quantile_pos,s1_plus_ig/mode=positive_only/ratio=2.0/keep=0.25/post=featurewise_quantile_pos,,,,,,,,,0.056953461394036,0.0042798110979929,0.0782608695652174,0.0301493345323648,0.0,0.0,False,False,False
v12_fixed_baseline,2,45,v12_selected,safe_baseline,safe_baseline,,,,,,,,,0.0361025238937118,0.0014757969303423,0.0521739130434782,0.0,0.0,-0.014472723678667095,False,False,True
v12_fixed_baseline,2,46,v12_selected,s1_plus_ig/mode=positive_only/ratio=2.0/keep=0.25/post=featurewise_quantile_pos,s1_plus_ig/mode=positive_only/ratio=2.0/keep=0.25/post=featurewise_quantile_pos,,,,,,,,,0.0435329165246239,0.0122491145218417,0.0782608695652174,0.0112699023758831,0.0,-0.0133709559080184,False,False,True
v12_fixed_baseline,3,42,v12_selected,s1_plus_ig/mode=positive_only/ratio=2.0/keep=0.75/post=featurewise_quantile_pos,s1_plus_ig/mode=positive_only/ratio=2.0/keep=0.75/post=featurewise_quantile_pos,,,,,,,,,0.2076116225572039,0.0105792118487172,0.2314814814814814,0.0552260141152385,0.0,-0.002252509873495012,False,False,True
v12_fixed_baseline,3,43,v12_selected,s1_plus_ig/mode=positive_only/ratio=1.5/keep=0.25/post=featurewise_quantile_pos,s1_plus_ig/mode=positive_only/ratio=1.5/keep=0.25/post=featurewise_quantile_pos,,,,,,,,,0.2178627348907152,0.007405448294102,0.1018518518518518,0.0933235314138731,0.0,-0.042412992362612006,False,False,True
v12_fixed_baseline,3,44,v12_selected,s1_plus_ig/mode=positive_only/ratio=2.0/keep=1.0/post=featurewise_quantile_pos,s1_plus_ig/mode=positive_only/ratio=2.0/keep=1.0/post=featurewise_quantile_pos,,,,,,,,,0.2058822157195717,0.0044961650357048,0.1203703703703703,0.0833913213726412,0.0,-0.01051019443509782,False,False,True
v12_fixed_baseline,3,45,v12_selected,s1_plus_ig/mode=positive_only/ratio=1.5/keep=0.25/post=featurewise_quantile_pos,s1_plus_ig/mode=positive_only/ratio=1.5/keep=0.25/post=featurewise_quantile_pos,,,,,,,,,0.1696484246946529,0.0124305739222427,0.1111111111111111,0.0335834954613239,0.0,-0.04813800872127058,False,False,True
v12_fixed_baseline,3,46,v12_selected,s1_plus_ig/mode=positive_only/ratio=0.25/keep=1.0/post=featurewise_quantile_pos,s1_plus_ig/mode=positive_only/ratio=0.25/keep=1.0/post=featurewise_quantile_pos,,,,,,,,,0.2135450624648122,0.0034382438508331,0.1574074074074074,0.0250658575364823,0.0,-0.08977927396805341,False,False,True
v12_fixed_baseline,5,42,v12_selected,safe_baseline,safe_baseline,,,,,,,,,0.061598250855509,0.0014897579143389,0.0219780219780219,0.0,0.0,0.0,False,False,False
v12_fixed_baseline,5,43,v12_selected,safe_baseline,safe_baseline,,,,,,,,,0.0585156438523369,0.0029795158286778,0.0659340659340659,0.0,0.0,0.0,False,False,False
v12_fixed_baseline,5,44,v12_selected,safe_baseline,safe_baseline,,,,,,,,,0.0802724959251831,0.0011173184357541,0.0769230769230769,0.0,0.0,0.0,False,False,False
v12_fixed_baseline,5,45,v12_selected,safe_baseline,safe_baseline,,,,,,,,,0.1002325131114273,0.0029795158286778,0.0989010989010989,0.0,0.0,0.0,False,False,False
v12_fixed_baseline,5,46,v12_selected,safe_baseline,safe_baseline,,,,,,,,,0.0771984320748041,0.0048417132216014,0.0989010989010989,0.0,0.0,0.0,False,False,False
v12_fixed_baseline,6,42,v12_selected,safe_baseline,safe_baseline,,,,,,,,,0.1061858975296977,0.0337700682782801,0.0402010050251256,0.0,0.0,0.0,False,False,False
v12_fixed_baseline,6,43,v12_selected,safe_baseline,safe_baseline,,,,,,,,,0.101489333410799,0.0396752168296733,0.0351758793969849,0.0,0.0,0.0,False,False,False
v12_fixed_baseline,6,44,v12_selected,safe_baseline,safe_baseline,,,,,,,,,0.1062986216605975,0.0088577228270898,0.0351758793969849,0.0,0.0,0.0,False,False,False
v12_fixed_baseline,6,45,v12_selected,safe_baseline,safe_baseline,,,,,,,,,0.1093880424280702,0.0834102232884296,0.0301507537688442,0.0,0.0,0.0,False,False,False
v12_fixed_baseline,6,46,v12_selected,safe_baseline,safe_baseline,,,,,,,,,0.1124524003828929,0.3515408747001292,0.0201005025125628,0.0,0.0,0.0,False,False,False
v12_fixed_baseline,7,42,v12_selected,safe_baseline,safe_baseline,,,,,,,,,0.1326005896228759,0.013657876943881,0.1826086956521739,0.0,0.0,0.0,False,False,False
v12_fixed_baseline,7,43,v12_selected,safe_baseline,safe_baseline,,,,,,,,,0.1675219258174309,0.0113590263691683,0.2478260869565217,0.0,0.0,0.0,False,False,False
v12_fixed_baseline,7,44,v12_selected,safe_baseline,safe_baseline,,,,,,,,,0.1479565441901858,0.0129817444219066,0.2347826086956521,0.0,0.0,0.0,False,False,False
v12_fixed_baseline,7,45,v12_selected,safe_baseline,safe_baseline,,,,,,,,,0.1355269301874456,0.0109533468559837,0.2521739130434782,0.0,0.0,0.0,False,False,False
v12_fixed_baseline,7,46,v12_selected,safe_baseline,safe_baseline,,,,,,,,,0.1877112767085328,0.0083840432724814,0.2478260869565217,0.0,0.0,0.0,False,False,False
v12_fixed_baseline,9,42,v12_selected,safe_baseline,safe_baseline,,,,,,,,,0.0245288621573817,0.0633925461511668,0.0,0.0,0.0,0.0,False,False,False
v12_fixed_baseline,9,43,v12_selected,safe_baseline,safe_baseline,,,,,,,,,0.0336501306835639,0.0787182166492511,0.0,0.0,0.0,0.0,False,False,False
v12_fixed_baseline,9,44,v12_selected,safe_baseline,safe_baseline,,,,,,,,,0.023745895173429,0.0024381748519679,0.0,0.0,0.0,0.0,False,False,False
v12_fixed_baseline,9,45,v12_selected,safe_baseline,safe_baseline,,,,,,,,,0.023294261411692,0.0069662138627655,0.0,0.0,0.0,0.0,False,False,False
v12_fixed_baseline,9,46,v12_selected,safe_baseline,safe_baseline,,,,,,,,,0.0276860835232567,0.2149076976663183,0.0,0.0,0.0,0.0,False,False,False
v12_fixed_baseline,10,42,v12_selected,s1_plus_ig/mode=positive_only/ratio=1.0/keep=0.75/post=featurewise_quantile_pos,s1_plus_ig/mode=positive_only/ratio=1.0/keep=0.75/post=featurewise_quantile_pos,,,,,,,,,0.1598162821911179,0.007185884361808,0.2699386503067484,0.0131168989932572,0.0,-0.038895043843072796,False,False,True
v12_fixed_baseline,10,43,v12_selected,s1_plus_ig/mode=positive_only/ratio=2.0/keep=0.25/post=featurewise_quantile_pos,s1_plus_ig/mode=positive_only/ratio=2.0/keep=0.25/post=featurewise_quantile_pos,,,,,,,,,0.1858919184619663,0.0067352843523217,0.3026584867075664,0.0165164162391817,0.0,-0.007896056334240703,False,False,True
v12_fixed_baseline,10,44,v12_selected,s1_plus_ig/mode=positive_only/ratio=0.75/keep=0.75/post=featurewise_quantile_pos,s1_plus_ig/mode=positive_only/ratio=0.75/keep=0.75/post=featurewise_quantile_pos,,,,,,,,,0.1755026425532804,0.015771000332021,0.2842535787321063,0.0546867477854018,0.0,-0.029208986168216988,False,False,True
v12_fixed_baseline,10,45,v12_selected,s1_plus_ig/mode=positive_only/ratio=1.5/keep=0.5/post=featurewise_quantile_pos,s1_plus_ig/mode=positive_only/ratio=1.5/keep=0.5/post=featurewise_quantile_pos,,,,,,,,,0.201123469260575,0.010529810747996,0.2903885480572597,0.0455858957466538,0.0,-0.010408774224527684,False,False,True
v12_fixed_baseline,10,46,v12_selected,s1_plus_ig/mode=positive_only/ratio=2.0/keep=0.5/post=featurewise_quantile_pos,s1_plus_ig/mode=positive_only/ratio=2.0/keep=0.5/post=featurewise_quantile_pos,,,,,,,,,0.1827271144096072,0.0092728738794289,0.310838445807771,0.0486390751347695,0.0,-0.002328400043090789,False,False,True
v14_current_main,0,42,current_v14,s1_plus_ig/mode=positive_only/ratio=1.0/keep=1.0/post=featurewise_quantile_pos,s1_plus_ig/mode=positive_only/ratio=1.0/keep=1.0/post=featurewise_quantile_pos,,,,,,,,,0.1620065298133857,0.2038152610441767,0.02,0.0172832353287132,0.0,0.0,False,False,False
v14_current_main,0,43,current_v14,safe_baseline,safe_baseline,,,,,,,,,0.1328137867398411,0.2761044176706827,0.02,0.0,0.0,0.0,False,False,False
v14_current_main,0,44,current_v14,safe_baseline,safe_baseline,,,,,,,,,0.1538411466657064,0.2349397590361445,0.02,0.0,0.0,0.0,False,False,False
v14_current_main,0,45,current_v14,safe_baseline,safe_baseline,,,,,,,,,0.1524227261667437,0.2751004016064257,0.0,0.0,0.0,0.0,False,False,False
v14_current_main,0,46,current_v14,safe_baseline,safe_baseline,,,,,,,,,0.1614091881808295,0.2399598393574297,0.02,0.0,0.0,0.0,False,False,False
v14_current_main,1,42,current_v14,safe_baseline,safe_baseline,,,,,,,,,0.1555279665491621,0.0077204388459975,0.0884955752212389,0.0,0.0,0.0,False,False,False
v14_current_main,1,43,current_v14,safe_baseline,safe_baseline,,,,,,,,,0.1728080537762789,0.0150345388053636,0.1238938053097345,0.0,0.0,0.0,False,False,False
v14_current_main,1,44,current_v14,safe_baseline,safe_baseline,,,,,,,,,0.1561838693611792,0.0682649329540837,0.1150442477876106,0.0,0.0,0.0,False,False,False
v14_current_main,1,45,current_v14,safe_baseline,safe_baseline,,,,,,,,,0.1911070239620761,0.0516050386021942,0.1150442477876106,0.0,0.0,0.0,False,False,False
v14_current_main,1,46,current_v14,safe_baseline,safe_baseline,,,,,,,,,0.1597401874580173,0.0593254774481917,0.1238938053097345,0.0,0.0,0.0,False,False,False
v14_current_main,2,42,current_v14,v14_task2_cautious/method=s1_plus_ig_bw_balanced/ratio=3.0/keep=1.0/bw=balanced,v14_task2_cautious/method=s1_plus_ig_bw_balanced/ratio=3.0/keep=1.0/bw=balanced,,,balanced,0.0965875604702794,,,,,0.0584376610960244,0.0016233766233766,0.0521739130434782,0.0366383132276944,0.0147240452137211,0.0,False,False,False
v14_current_main,2,43,current_v14,v14_task2_cautious/method=s1_plus_ig/ratio=2.5/keep=0.75,v14_task2_cautious/method=s1_plus_ig/ratio=2.5/keep=0.75,,,,0.0839476314989367,,,,,0.060699681513358,0.0019185360094451,0.0608695652173913,0.018968102484088,0.018968102484088,0.0,False,False,False
v14_current_main,2,44,current_v14,s1_plus_ig/mode=positive_only/ratio=2.0/keep=0.25/post=featurewise_quantile_pos,s1_plus_ig/mode=positive_only/ratio=2.0/keep=0.25/post=featurewise_quantile_pos,,,,,,,,,0.056953461394036,0.0042798110979929,0.0782608695652174,0.0301493345323648,0.0,0.0,False,False,False
v14_current_main,2,45,current_v14,v14_task2_cautious/method=s1_plus_ig/ratio=3.0/keep=0.75,v14_task2_cautious/method=s1_plus_ig/ratio=3.0/keep=0.75,,,,0.1189889439844126,,,,,0.0505752475723789,0.0004427390791027,0.0521739130434782,0.014472723678667,0.014472723678667,0.0,False,False,False
v14_current_main,2,46,current_v14,v14_task2_cautious/method=s1_plus_ig_bw_fidelity/ratio=1.5/keep=1.0/bw=fidelity,v14_task2_cautious/method=s1_plus_ig_bw_fidelity/ratio=1.5/keep=1.0/bw=fidelity,,,fidelity,0.074331396491623,,,,,0.0569038724326423,0.0112160566706021,0.0782608695652174,0.0246408582839015,0.0133709559080184,0.0,False,False,False
v14_current_main,3,42,current_v14,v14_cars_bw_preferred/method=s1_plus_ig_bw_balanced/ratio=1.0/keep=0.75/post=featurewise_quantile_pos/bw=balanced,v14_cars_bw_preferred/method=s1_plus_ig_bw_balanced/ratio=1.0/keep=0.75/post=featurewise_quantile_pos/bw=balanced,,,balanced,0.1726758362959479,,,,,0.2098641324306989,0.0171912192541655,0.2222222222222222,0.0574785239887336,0.002252509873495,0.0,False,False,False
v14_current_main,3,43,current_v14,v14_cars_bw_preferred/method=s1_plus_ig_bw_balanced/ratio=1.0/keep=0.5/post=featurewise_quantile_pos/bw=balanced,v14_cars_bw_preferred/method=s1_plus_ig_bw_balanced/ratio=1.0/keep=0.5/post=featurewise_quantile_pos/bw=balanced,,,balanced,0.1827734825579943,,,,,0.2602757272533272,0.0232742660671779,0.3888888888888889,0.1357365237764851,0.042412992362612,0.0,False,False,False
v14_current_main,3,44,current_v14,v14_cars_bw_preferred/method=s1_plus_ig_bw_balanced/ratio=2.0/keep=0.25/post=featurewise_quantile_pos/bw=balanced,v14_cars_bw_preferred/method=s1_plus_ig_bw_balanced/ratio=2.0/keep=0.25/post=featurewise_quantile_pos/bw=balanced,,,balanced,0.1684633399881933,,,,,0.2163924101546695,0.0018513620735255,0.0925925925925925,0.0939015158077391,0.0105101944350978,0.0,False,False,False
v14_current_main,3,45,current_v14,v14_cars_bw_preferred/method=s1_plus_ig_bw_balanced/ratio=1.0/keep=0.75/post=featurewise_quantile_pos/bw=balanced,v14_cars_bw_preferred/method=s1_plus_ig_bw_balanced/ratio=1.0/keep=0.75/post=featurewise_quantile_pos/bw=balanced,,,balanced,0.1586310157554007,,,,,0.2177864334159235,0.0187781010314731,0.1851851851851851,0.0817215041825945,0.0481380087212705,0.0,False,False,False
v14_current_main,3,46,current_v14,v14_cars_bw_preferred/method=s1_plus_ig_bw_fidelity/ratio=2.5/keep=0.5/post=featurewise_quantile_pos/bw=fidelity,v14_cars_bw_preferred/method=s1_plus_ig_bw_fidelity/ratio=2.5/keep=0.5/post=featurewise_quantile_pos/bw=fidelity,,,fidelity,0.1783010008150923,,,,,0.3033243364328656,0.003702724147051,0.2314814814814814,0.1148451315045357,0.0897792739680534,0.0,False,False,False
v14_current_main,5,42,current_v14,safe_baseline,safe_baseline,,,,,,,,,0.061598250855509,0.0014897579143389,0.0219780219780219,0.0,0.0,0.0,False,False,False
v14_current_main,5,43,current_v14,safe_baseline,safe_baseline,,,,,,,,,0.0585156438523369,0.0029795158286778,0.0659340659340659,0.0,0.0,0.0,False,False,False
v14_current_main,5,44,current_v14,safe_baseline,safe_baseline,,,,,,,,,0.0802724959251831,0.0011173184357541,0.0769230769230769,0.0,0.0,0.0,False,False,False
v14_current_main,5,45,current_v14,safe_baseline,safe_baseline,,,,,,,,,0.1002325131114273,0.0029795158286778,0.0989010989010989,0.0,0.0,0.0,False,False,False
v14_current_main,5,46,current_v14,safe_baseline,safe_baseline,,,,,,,,,0.0771984320748041,0.0048417132216014,0.0989010989010989,0.0,0.0,0.0,False,False,False
v14_current_main,6,42,current_v14,safe_baseline,safe_baseline,,,,,,,,,0.1061858975296977,0.0337700682782801,0.0402010050251256,0.0,0.0,0.0,False,False,False
v14_current_main,6,43,current_v14,safe_baseline,safe_baseline,,,,,,,,,0.101489333410799,0.0396752168296733,0.0351758793969849,0.0,0.0,0.0,False,False,False
v14_current_main,6,44,current_v14,safe_baseline,safe_baseline,,,,,,,,,0.1062986216605975,0.0088577228270898,0.0351758793969849,0.0,0.0,0.0,False,False,False
v14_current_main,6,45,current_v14,safe_baseline,safe_baseline,,,,,,,,,0.1093880424280702,0.0834102232884296,0.0301507537688442,0.0,0.0,0.0,False,False,False
v14_current_main,6,46,current_v14,safe_baseline,safe_baseline,,,,,,,,,0.1124524003828929,0.3515408747001292,0.0201005025125628,0.0,0.0,0.0,False,False,False
v14_current_main,7,42,current_v14,safe_baseline,safe_baseline,,,,,,,,,0.1326005896228759,0.013657876943881,0.1826086956521739,0.0,0.0,0.0,False,False,False
v14_current_main,7,43,current_v14,safe_baseline,safe_baseline,,,,,,,,,0.1675219258174309,0.0113590263691683,0.2478260869565217,0.0,0.0,0.0,False,False,False
v14_current_main,7,44,current_v14,safe_baseline,safe_baseline,,,,,,,,,0.1479565441901858,0.0129817444219066,0.2347826086956521,0.0,0.0,0.0,False,False,False
v14_current_main,7,45,current_v14,safe_baseline,safe_baseline,,,,,,,,,0.1355269301874456,0.0109533468559837,0.2521739130434782,0.0,0.0,0.0,False,False,False
v14_current_main,7,46,current_v14,safe_baseline,safe_baseline,,,,,,,,,0.1877112767085328,0.0083840432724814,0.2478260869565217,0.0,0.0,0.0,False,False,False
v14_current_main,9,42,current_v14,safe_baseline,safe_baseline,,,,,,,,,0.0245288621573817,0.0633925461511668,0.0,0.0,0.0,0.0,False,False,False
v14_current_main,9,43,current_v14,safe_baseline,safe_baseline,,,,,,,,,0.0336501306835639,0.0787182166492511,0.0,0.0,0.0,0.0,False,False,False
v14_current_main,9,44,current_v14,safe_baseline,safe_baseline,,,,,,,,,0.023745895173429,0.0024381748519679,0.0,0.0,0.0,0.0,False,False,False
v14_current_main,9,45,current_v14,safe_baseline,safe_baseline,,,,,,,,,0.023294261411692,0.0069662138627655,0.0,0.0,0.0,0.0,False,False,False
v14_current_main,9,46,current_v14,safe_baseline,safe_baseline,,,,,,,,,0.0276860835232567,0.2149076976663183,0.0,0.0,0.0,0.0,False,False,False
v14_current_main,10,42,current_v14,v14_cars_bw_preferred/method=s1_plus_ig_bw_fidelity/ratio=1.5/keep=0.25/post=featurewise_quantile_pos/bw=fidelity,v14_cars_bw_preferred/method=s1_plus_ig_bw_fidelity/ratio=1.5/keep=0.25/post=featurewise_quantile_pos/bw=fidelity,,,fidelity,0.2259112659704159,,,,,0.1987113260341907,0.0049328843143765,0.278118609406953,0.05201194283633,0.0388950438430727,0.0,False,False,False
v14_current_main,10,43,current_v14,v14_cars_bw_preferred/method=s1_plus_ig_bw_fidelity/ratio=1.5/keep=0.25/post=featurewise_quantile_pos/bw=fidelity,v14_cars_bw_preferred/method=s1_plus_ig_bw_fidelity/ratio=1.5/keep=0.25/post=featurewise_quantile_pos/bw=fidelity,,,fidelity,0.2241344390668163,,,,,0.193787974796207,0.0080633685908077,0.2719836400817996,0.0244124725734224,0.0078960563342407,0.0,False,False,False
v14_current_main,10,44,current_v14,v14_cars_bw_preferred/method=s1_plus_ig_bw_fidelity/ratio=3.0/keep=0.25/post=featurewise_quantile_pos/bw=fidelity,v14_cars_bw_preferred/method=s1_plus_ig_bw_fidelity/ratio=3.0/keep=0.25/post=featurewise_quantile_pos/bw=fidelity,,,fidelity,0.2066235510498674,,,,,0.2047116287214974,0.004553431674809,0.2985685071574642,0.0838957339536188,0.0292089861682169,0.0,False,False,False
v14_current_main,10,45,current_v14,v14_cars_bw_preferred/method=s1_plus_ig_bw_aggressive/ratio=3.0/keep=0.5/post=featurewise_quantile_pos/bw=aggressive,v14_cars_bw_preferred/method=s1_plus_ig_bw_aggressive/ratio=3.0/keep=0.5/post=featurewise_quantile_pos/bw=aggressive,,,aggressive,0.2191080148428933,,,,,0.2115322434851027,0.0040554000853768,0.3128834355828221,0.0559946699711815,0.0104087742245276,0.0,False,False,False
v14_current_main,10,46,current_v14,v14_cars_bw_preferred/method=s1_plus_ig_bw_fidelity/ratio=2.0/keep=0.25/post=featurewise_quantile_pos/bw=fidelity,v14_cars_bw_preferred/method=s1_plus_ig_bw_fidelity/ratio=2.0/keep=0.25/post=featurewise_quantile_pos/bw=fidelity,,,fidelity,0.2182853369227161,,,,,0.185055514452698,0.0106483896978608,0.2740286298568507,0.0509674751778602,0.0023284000430907,0.0,False,False,False
v15_final_combined,0,42,current_v14,s1_plus_ig/mode=positive_only/ratio=1.0/keep=1.0/post=featurewise_quantile_pos,s1_plus_ig/mode=positive_only/ratio=1.0/keep=1.0/post=featurewise_quantile_pos,,,,,,,,,0.1620065298133857,0.2038152610441767,0.02,0.0172832353287132,0.0,0.0,False,False,False
v15_final_combined,0,43,current_v14,safe_baseline,safe_baseline,,,,,,,,,0.1328137867398411,0.2761044176706827,0.02,0.0,0.0,0.0,False,False,False
v15_final_combined,0,44,current_v14,safe_baseline,safe_baseline,,,,,,,,,0.1538411466657064,0.2349397590361445,0.02,0.0,0.0,0.0,False,False,False
v15_final_combined,0,45,current_v14,safe_baseline,safe_baseline,,,,,,,,,0.1524227261667437,0.2751004016064257,0.0,0.0,0.0,0.0,False,False,False
v15_final_combined,0,46,current_v14,safe_baseline,safe_baseline,,,,,,,,,0.1614091881808295,0.2399598393574297,0.02,0.0,0.0,0.0,False,False,False
v15_final_combined,1,42,current_v14,safe_baseline,safe_baseline,,,,,,,,,0.1555279665491621,0.0077204388459975,0.0884955752212389,0.0,0.0,0.0,False,False,False
v15_final_combined,1,43,current_v14,safe_baseline,safe_baseline,,,,,,,,,0.1728080537762789,0.0150345388053636,0.1238938053097345,0.0,0.0,0.0,False,False,False
v15_final_combined,1,44,current_v14,safe_baseline,safe_baseline,,,,,,,,,0.1561838693611792,0.0682649329540837,0.1150442477876106,0.0,0.0,0.0,False,False,False
v15_final_combined,1,45,current_v14,safe_baseline,safe_baseline,,,,,,,,,0.1911070239620761,0.0516050386021942,0.1150442477876106,0.0,0.0,0.0,False,False,False
v15_final_combined,1,46,current_v14,safe_baseline,safe_baseline,,,,,,,,,0.1597401874580173,0.0593254774481917,0.1238938053097345,0.0,0.0,0.0,False,False,False
v15_final_combined,3,42,current_v14,v14_cars_bw_preferred/method=s1_plus_ig_bw_balanced/ratio=1.0/keep=0.75/post=featurewise_quantile_pos/bw=balanced,v14_cars_bw_preferred/method=s1_plus_ig_bw_balanced/ratio=1.0/keep=0.75/post=featurewise_quantile_pos/bw=balanced,,,balanced,0.1726758362959479,,,,,0.2098641324306989,0.0171912192541655,0.2222222222222222,0.0574785239887336,0.002252509873495,0.0,False,False,False
v15_final_combined,3,43,current_v14,v14_cars_bw_preferred/method=s1_plus_ig_bw_balanced/ratio=1.0/keep=0.5/post=featurewise_quantile_pos/bw=balanced,v14_cars_bw_preferred/method=s1_plus_ig_bw_balanced/ratio=1.0/keep=0.5/post=featurewise_quantile_pos/bw=balanced,,,balanced,0.1827734825579943,,,,,0.2602757272533272,0.0232742660671779,0.3888888888888889,0.1357365237764851,0.042412992362612,0.0,False,False,False
v15_final_combined,3,44,current_v14,v14_cars_bw_preferred/method=s1_plus_ig_bw_balanced/ratio=2.0/keep=0.25/post=featurewise_quantile_pos/bw=balanced,v14_cars_bw_preferred/method=s1_plus_ig_bw_balanced/ratio=2.0/keep=0.25/post=featurewise_quantile_pos/bw=balanced,,,balanced,0.1684633399881933,,,,,0.2163924101546695,0.0018513620735255,0.0925925925925925,0.0939015158077391,0.0105101944350978,0.0,False,False,False
v15_final_combined,3,45,current_v14,v14_cars_bw_preferred/method=s1_plus_ig_bw_balanced/ratio=1.0/keep=0.75/post=featurewise_quantile_pos/bw=balanced,v14_cars_bw_preferred/method=s1_plus_ig_bw_balanced/ratio=1.0/keep=0.75/post=featurewise_quantile_pos/bw=balanced,,,balanced,0.1586310157554007,,,,,0.2177864334159235,0.0187781010314731,0.1851851851851851,0.0817215041825945,0.0481380087212705,0.0,False,False,False
v15_final_combined,3,46,current_v14,v14_cars_bw_preferred/method=s1_plus_ig_bw_fidelity/ratio=2.5/keep=0.5/post=featurewise_quantile_pos/bw=fidelity,v14_cars_bw_preferred/method=s1_plus_ig_bw_fidelity/ratio=2.5/keep=0.5/post=featurewise_quantile_pos/bw=fidelity,,,fidelity,0.1783010008150923,,,,,0.3033243364328656,0.003702724147051,0.2314814814814814,0.1148451315045357,0.0897792739680534,0.0,False,False,False
v15_final_combined,5,42,current_v14,safe_baseline,safe_baseline,,,,,,,,,0.061598250855509,0.0014897579143389,0.0219780219780219,0.0,0.0,0.0,False,False,False
v15_final_combined,5,43,current_v14,safe_baseline,safe_baseline,,,,,,,,,0.0585156438523369,0.0029795158286778,0.0659340659340659,0.0,0.0,0.0,False,False,False
v15_final_combined,5,44,current_v14,safe_baseline,safe_baseline,,,,,,,,,0.0802724959251831,0.0011173184357541,0.0769230769230769,0.0,0.0,0.0,False,False,False
v15_final_combined,5,45,current_v14,safe_baseline,safe_baseline,,,,,,,,,0.1002325131114273,0.0029795158286778,0.0989010989010989,0.0,0.0,0.0,False,False,False
v15_final_combined,5,46,current_v14,safe_baseline,safe_baseline,,,,,,,,,0.0771984320748041,0.0048417132216014,0.0989010989010989,0.0,0.0,0.0,False,False,False
v15_final_combined,6,42,current_v14,safe_baseline,safe_baseline,,,,,,,,,0.1061858975296977,0.0337700682782801,0.0402010050251256,0.0,0.0,0.0,False,False,False
v15_final_combined,6,43,current_v14,safe_baseline,safe_baseline,,,,,,,,,0.101489333410799,0.0396752168296733,0.0351758793969849,0.0,0.0,0.0,False,False,False
v15_final_combined,6,44,current_v14,safe_baseline,safe_baseline,,,,,,,,,0.1062986216605975,0.0088577228270898,0.0351758793969849,0.0,0.0,0.0,False,False,False
v15_final_combined,6,45,current_v14,safe_baseline,safe_baseline,,,,,,,,,0.1093880424280702,0.0834102232884296,0.0301507537688442,0.0,0.0,0.0,False,False,False
v15_final_combined,6,46,current_v14,safe_baseline,safe_baseline,,,,,,,,,0.1124524003828929,0.3515408747001292,0.0201005025125628,0.0,0.0,0.0,False,False,False
v15_final_combined,7,42,current_v14,safe_baseline,safe_baseline,,,,,,,,,0.1326005896228759,0.013657876943881,0.1826086956521739,0.0,0.0,0.0,False,False,False
v15_final_combined,7,43,current_v14,safe_baseline,safe_baseline,,,,,,,,,0.1675219258174309,0.0113590263691683,0.2478260869565217,0.0,0.0,0.0,False,False,False
v15_final_combined,7,44,current_v14,safe_baseline,safe_baseline,,,,,,,,,0.1479565441901858,0.0129817444219066,0.2347826086956521,0.0,0.0,0.0,False,False,False
v15_final_combined,7,45,current_v14,safe_baseline,safe_baseline,,,,,,,,,0.1355269301874456,0.0109533468559837,0.2521739130434782,0.0,0.0,0.0,False,False,False
v15_final_combined,7,46,current_v14,safe_baseline,safe_baseline,,,,,,,,,0.1877112767085328,0.0083840432724814,0.2478260869565217,0.0,0.0,0.0,False,False,False
v15_final_combined,9,42,current_v14,safe_baseline,safe_baseline,,,,,,,,,0.0245288621573817,0.0633925461511668,0.0,0.0,0.0,0.0,False,False,False
v15_final_combined,9,43,current_v14,safe_baseline,safe_baseline,,,,,,,,,0.0336501306835639,0.0787182166492511,0.0,0.0,0.0,0.0,False,False,False
v15_final_combined,9,44,current_v14,safe_baseline,safe_baseline,,,,,,,,,0.023745895173429,0.0024381748519679,0.0,0.0,0.0,0.0,False,False,False
v15_final_combined,9,45,current_v14,safe_baseline,safe_baseline,,,,,,,,,0.023294261411692,0.0069662138627655,0.0,0.0,0.0,0.0,False,False,False
v15_final_combined,9,46,current_v14,safe_baseline,safe_baseline,,,,,,,,,0.0276860835232567,0.2149076976663183,0.0,0.0,0.0,0.0,False,False,False
v15_final_combined,2,42,v15_microgrid,s1_plus_ig/ratio=2.5/keep=0.5/bw=,s1_plus_ig,2.5,0.5,,0.0739358586379024,0.1276595744680851,0.0039095699473057,0.2715986449721847,-0.0067934782608695,0.0697150795244958,0.0011806375442739,0.0521739130434782,0.0479157316561658,0.0260014636421924,0.0112774184284713,False,False,False
v15_final_combined,2,43,current_v14,v14_task2_cautious/method=s1_plus_ig/ratio=2.5/keep=0.75,v14_task2_cautious/method=s1_plus_ig/ratio=2.5/keep=0.75,,,,0.0839476314989367,,,,,0.060699681513358,0.0019185360094451,0.0608695652173913,0.018968102484088,0.018968102484088,0.0,False,False,False
v15_final_combined,2,44,current_v14,s1_plus_ig/mode=positive_only/ratio=2.0/keep=0.25/post=featurewise_quantile_pos,s1_plus_ig/mode=positive_only/ratio=2.0/keep=0.25/post=featurewise_quantile_pos,,,,,,,,,0.056953461394036,0.0042798110979929,0.0782608695652174,0.0301493345323648,0.0,0.0,False,False,False
v15_final_combined,2,45,current_v14,v14_task2_cautious/method=s1_plus_ig/ratio=3.0/keep=0.75,v14_task2_cautious/method=s1_plus_ig/ratio=3.0/keep=0.75,,,,0.1189889439844126,,,,,0.0505752475723789,0.0004427390791027,0.0521739130434782,0.014472723678667,0.014472723678667,0.0,False,False,False
v15_final_combined,2,46,v15_microgrid,s1_plus_ig_bw_safety/ratio=2.0/keep=0.75/bw=safety,s1_plus_ig_bw_safety,2.0,0.75,safety,0.0665670539230348,0.1170212765957446,0.0086690464048954,0.4369417624117802,-0.0512218045112782,0.0570403671293252,0.0041322314049586,0.0782608695652174,0.0247773529805844,0.0135074506047013,0.0001364946966828,False,False,False
v15_final_combined,10,42,v15_microgrid,s1_plus_ig_bw_safety/ratio=3.25/keep=0.5/bw=safety,s1_plus_ig_bw_safety,3.25,0.5,safety,0.1976503197222628,0.3346534653465347,0.0067514877898625,0.00859699592456,-0.0789999999999999,0.1995519886993329,0.0051226106341602,0.3026584867075664,0.0528526055014722,0.039735706508215,0.0008406626651422,False,False,False
v15_final_combined,10,43,v15_microgrid,s1_plus_ig/ratio=3.0/keep=0.5/bw=,s1_plus_ig,3.0,0.5,,0.2502340846727244,0.3544554455445544,0.003488610712087,0.0513948294037628,-0.0547999999999999,0.2477063447977946,0.00192097898781,0.3190184049079754,0.0783308425750101,0.0618144263358283,0.0539183700015876,False,False,False
v15_final_combined,10,44,v15_microgrid,s1_plus_ig/ratio=3.25/keep=0.5/bw=,s1_plus_ig,3.25,0.5,,0.21169816029367,0.3366336633663366,0.0044941514467473,0.0226518935486003,-0.0648,0.2212882393318216,0.002632452686999,0.278118609406953,0.100472344563943,0.0457855967785411,0.0165766106103242,False,False,False
v15_final_combined,10,45,v15_microgrid,s1_plus_ig/ratio=3.0/keep=0.6/bw=,s1_plus_ig,3.0,0.6,,0.2010453584725372,0.3445544554455445,0.0083931869484916,0.0870681915350596,-0.0558,0.2214433070310702,0.0065929896124839,0.3149284253578732,0.0659057335171491,0.0203198377704952,0.0099110635459675,False,False,False
v15_final_combined,10,46,v15_microgrid,s1_plus_ig/ratio=2.75/keep=0.5/bw=,s1_plus_ig,2.75,0.5,,0.2249156130579912,0.3267326732673267,0.0063821054791709,0.0135472350236902,-0.0684,0.2180482649346034,0.0048854527344305,0.3067484662576687,0.0839602256597656,0.0353211505249961,0.0329927504819053,False,False,False
